brand,bucketed_dwell_times,city,close_date,date_range_end,date_range_start,device_type,distance_from_home,footprint_id,id_store,is_distributor,iso_country_code,latitude,location_name,longitude,median_dwell,msa_code,naics_code,open_date,persistent_id,persistent_id_store,poi_cbg,postal_code,region,related_same_day_brand,related_same_week_brand,street_address,sub_category,ticker,top_category,visit_counts,visitor_country_of_origin,visitor_counts,visitor_daytime_cbgs,visitor_home_aggregation,visitor_home_cbgs,visits_by_day,visits_by_each_hour
All Other Miscellaneous Store Retailers (except Tobacco Stores),"{""<5"":26, ""5-20"":0, ""21-60"":0,""61-240"":0,"">240"":0}",EAGLE NEST,2038-01-01,2017-02-12 00:00:00,2017-02-06 00:00:00,"{""ios"":26}",None,7349091229368270441,12284703,False,US,36.554189,EAGLE NEST MINI MART,-105.261116,None,None,453998,1970-01-01,A1_NAICS-453998,12284703,350079507003,87718,NM,None,"{""Convenience Stores"":26,""Sonic"":26,""Universities and Colleges"":26,""Western Union"":26}",275 EAST THERMA DRIVE,All Other Miscellaneous Store Retailers (except Tobacco Stores) ,NAICS-453998,Other Miscellaneous Store Retailers ,26,None,26,None,None,None,"[26,0,0,0,0,0,0]","[0,0,0,0,0,0,0,0,0,0,0,0,0,0,0,0,0,0,0,0,26,0,0,0,0,0,0,0,0,0,0,0,0,0,0,0,0,0,0,0,0,0,0,0,0,0,0,0,0,0,0,0,0,0,0,0,0,0,0,0,0,0,0,0,0,0,0,0,0,0,0,0,0,0,0,0,0,0,0,0,0,0,0,0,0,0,0,0,0,0,0,0,0,0,0,0,0,0,0,0,0,0,0,0,0,0,0,0,0,0,0,0,0,0,0,0,0,0,0,0,0,0,0,0,0,0,0,0,0,0,0,0,0,0,0,0,0,0,0,0,0,0,0,0,0,0,0,0,0,0,0,0,0,0,0,0,0,0,0,0,0,0,0,0,0,0,0,0]"
"Plumbing, Heating, and Air-Conditioning Contractors","{""<5"":26, ""5-20"":0, ""21-60"":0,""61-240"":0,"">240"":0}",Denver,2038-01-01,2017-02-12 00:00:00,2017-02-06 00:00:00,"{""android"":26}",None,3008773476101001503,11242771,False,US,39.6871912,"Plumbing, Heating, and Air-Conditioning Contractors",-105.0327672,None,19740,238220,1970-01-01,A1_NAICS-238220,11242771,080310046022,80219,CO,"{""7 Eleven"":26,""At The Beach"":26,""AutoZone Repair"":26,""Buzztime"":26,""Cooper Tire & Rubber"":26,""Dunlop Tires"":26,""Inland"":26,""McDonald's"":26,""Midas"":26,""Starwood Retail Partners"":26,""Texas Roadhouse"":26,""Travelers"":26,""Western Union"":26}","{""7 Eleven"":26,""AAA/CAA Auto Repair - Authorized Providers"":26,""Advan"":26,""Armstrong Flooring"":26,""At The Beach"":26,""AutoZone Repair"":26,""Buzztime"":26,""Cabinets To Go"":26,""Cannabis Dispensaries"":26,""CareNow Urgent Care"":26,""Central Parking"":26,""Chipotle"":26,""Coffee Shops"":26,""Cold Stone Creamery"":26,""Cooper Tire & Rubber"":26,""Costco"":26,""Dunlop Tires"":26,""FMP Partners Network"":26,""Freshpet"":26}",1611 S Knox Ct,"Plumbing, Heating, and Air-Conditioning Contractors ",NAICS-238220,Building Equipment Contractors,26,None,26,None,None,None,"[0,0,0,0,26,0,0]","[0,0,0,0,0,0,0,0,0,0,0,0,0,0,0,0,0,0,0,0,0,0,0,0,0,0,0,0,0,0,0,0,0,0,0,0,0,0,0,0,0,0,0,0,0,0,0,0,0,0,0,0,0,0,0,0,0,0,0,0,0,0,0,0,0,0,0,0,0,0,0,0,0,0,0,0,0,0,0,0,0,0,0,0,0,0,0,0,0,0,0,0,0,0,0,0,0,0,0,0,0,0,0,0,0,0,0,0,0,0,0,0,0,0,0,26,0,0,0,0,0,0,0,0,0,0,0,0,0,0,0,0,0,0,0,0,0,0,0,0,0,0,0,0,0,0,0,0,0,0,0,0,0,0,0,0,0,0,0,0,0,0,0,0,0,0,0,0]"
Motor Vehicle Towing,"{""<5"":26, ""5-20"":0, ""21-60"":0,""61-240"":0,"">240"":0}",Hamilton,2038-01-01,2017-02-12 00:00:00,2017-02-06 00:00:00,"{""android"":26}",None,8933106681780567198,10262461,False,US,39.4011002,Motor Vehicle Towing,-84.5902329,None,17140,488410,1970-01-01,A1_NAICS-488410,10262461,390170013002,45013,OH,None,"{""Cardtronics"":26,""Freshpet"":26,""Gas Stations"":26,""Kroger"":26,""Mall"":26,""Marathon Petroleum"":26,""Shell Oil"":26}",135 E Fairway Dr,Motor Vehicle Towing,NAICS-488410,Support Activities for Road Transportation,26,None,26,None,None,None,"[0,0,0,0,0,0,26]","[0,0,0,0,0,0,0,0,0,0,0,0,0,0,0,0,0,0,0,0,0,0,0,0,0,0,0,0,0,0,0,0,0,0,0,0,0,0,0,0,0,0,0,0,0,0,0,0,0,0,0,0,0,0,0,0,0,0,0,0,0,0,0,0,0,0,0,0,0,0,0,0,0,0,0,0,0,0,0,0,0,0,0,0,0,0,0,0,0,0,0,0,0,0,0,0,0,0,0,0,0,0,0,0,0,0,0,0,0,0,0,0,0,0,0,0,0,0,0,0,0,0,0,0,0,0,0,0,0,0,0,0,0,0,0,0,0,0,0,0,0,0,0,0,0,0,0,0,0,0,0,0,0,0,0,0,0,0,0,0,26,0,0,0,0,0,0,0]"
Coffee Shops,"{""<5"":26, ""5-20"":0, ""21-60"":0,""61-240"":26,"">240"":0}",Lacombe,2038-01-01,2017-02-12 00:00:00,2017-02-06 00:00:00,"{""android"":26}",None,8385662057993402672,12232807,False,US,30.3637205,Folgers Coffee Co.,-89.903461,178.0,35380,722515,1970-01-01,A1_COFFEE-A,12232807,221030407123,70445-3464,LA,"{""Advan"":26,""Freshpet"":26,""Moneygram"":26,""Rapid Urgent Care"":26,""Walmart"":26}","{""Advan"":26,""Dollar Tree"":26,""Dunlop Tires"":26,""Freshpet"":26,""Gas Stations"":26,""ICBA"":26,""Moneygram"":26,""Rapid Urgent Care"":26,""Ria Money Transfer"":26,""Walgreens"":26,""Walmart"":26,""Western Union"":26,""Winn Dixie"":26}",64490 Highway 434,Snack and Nonalcoholic Beverage Bars ,COFFEE-A,Restaurants and Other Eating Places,52,None,26,None,None,None,"[0,0,0,26,0,26,0]","[0,0,0,0,0,0,0,0,0,0,0,0,0,0,0,0,0,0,0,0,0,0,0,0,0,0,0,0,0,0,0,0,0,0,0,0,0,0,0,0,0,0,0,0,0,0,0,0,0,0,0,0,0,0,0,0,0,0,0,0,0,0,0,0,0,0,0,0,0,0,0,0,0,0,0,0,0,0,0,0,0,26,0,0,26,0,0,0,0,0,0,0,0,0,0,0,0,0,0,0,0,0,0,0,0,0,0,0,0,0,0,0,0,0,0,0,0,0,0,0,0,0,0,0,0,0,0,0,26,0,0,0,0,0,0,0,0,0,0,0,0,0,0,0,0,0,0,0,0,0,0,0,0,0,0,0,0,0,0,0,0,0,0,0,0,0,0,0]"
Full-Service Restaurants,"{""<5"":52, ""5-20"":0, ""21-60"":0,""61-240"":0,"">240"":0}",Hammond,2038-01-01,2017-02-12 00:00:00,2017-02-06 00:00:00,"{""ios"":26}",None,1170463081203148747,8850761,False,US,30.4662304,Full-Service Restaurants,-90.508049,None,25220,722511,1970-01-01,A1_NAICS-722511,8850761,221059541052,70403,LA,"{""Books-a-Million"":26,""Mall"":26,""Truck Stops"":26}","{""Books-a-Million"":26,""Chase"":26,""Chick-fil-A"":26,""Convenience Stores"":26,""Dunlop Tires"":26,""Freshpet"":26,""Hampton"":26,""Mall"":26,""McDonald's"":26,""Starbucks"":26,""Truck Stops"":26,""Walmart"":26,""Western Union"":26}",42296 Forest Ln,Full-Service Restaurants ,NAICS-722511,Restaurants and Other Eating Places,52,None,26,None,None,None,"[0,0,0,26,0,26,0]","[0,0,0,0,0,0,0,0,0,0,0,0,0,0,0,0,0,0,0,0,0,0,0,0,0,0,0,0,0,0,0,0,0,0,0,0,0,0,0,0,0,0,0,0,0,0,0,0,0,0,0,0,0,0,0,0,0,0,0,0,0,0,0,0,0,0,0,0,0,0,0,0,0,0,26,0,0,0,0,0,0,0,0,0,0,0,0,0,0,0,0,0,0,0,0,0,0,0,0,0,0,0,0,0,0,0,0,0,0,0,0,0,0,0,0,0,0,0,0,0,0,26,0,0,0,0,0,0,0,0,0,0,0,0,0,0,0,0,0,0,0,0,0,0,0,0,0,0,0,0,0,0,0,0,0,0,0,0,0,0,0,0,0,0,0,0,0,0]"
"Gift, Novelty, and Souvenir Stores","{""<5"":0, ""5-20"":0, ""21-60"":26,""61-240"":0,"">240"":0}",Jonesboro,2038-01-01,2017-02-12 00:00:00,2017-02-06 00:00:00,"{""android"":26}",None,9023883976363593599,7737538,False,US,35.8392792,"Gift, Novelty, and Souvenir Stores",-90.706871,31.0,27860,453220,1970-01-01,A1_NAICS-453220,7737538,050310001013,72401,AR,"{""United Way"":26}","{""Cardtronics"":26,""Convenience Stores"":26,""Dollar Tree"":26,""Dunlop Tires"":26,""ExxonMobil"":26,""Mall"":26,""Moneygram"":26,""United Way"":26,""Walmart"":26}",310 W Monroe Ave,"Gift, Novelty, and Souvenir Stores ",NAICS-453220,"Office Supplies, Stationery, and Gift Stores ",26,None,26,None,None,None,"[0,0,0,0,0,0,26]","[0,0,0,0,0,0,0,0,0,0,0,0,0,0,0,0,0,0,0,0,0,0,0,0,0,0,0,0,0,0,0,0,0,0,0,0,0,0,0,0,0,0,0,0,0,0,0,0,0,0,0,0,0,0,0,0,0,0,0,0,0,0,0,0,0,0,0,0,0,0,0,0,0,0,0,0,0,0,0,0,0,0,0,0,0,0,0,0,0,0,0,0,0,0,0,0,0,0,0,0,0,0,0,0,0,0,0,0,0,0,0,0,0,0,0,0,0,0,0,0,0,0,0,0,0,0,0,0,0,0,0,0,0,0,0,0,0,0,0,0,0,0,0,0,0,0,0,0,0,0,0,0,0,26,26,0,0,0,0,0,0,0,0,0,0,0,0,0]"
UNTUCKit,"{""<5"":26, ""5-20"":0, ""21-60"":0,""61-240"":0,"">240"":0}",San Diego,2038-01-01,2017-02-12 00:00:00,2017-02-06 00:00:00,"{""ios"":26}",None,3579759916155722354,5784444,False,US,32.871376,UNTUCKit LLC,-117.212905,None,41740,448110,1970-01-01,A1_UNTI-A,5784444,060730083762,92122,CA,"{""24 Hour Fitness"":26,""Aesop"":26,""Allen Edmonds"":26,""Apple"":26,""Boost Mobile"":26,""Convenience Stores"":26,""Honey Birdette"":26,""Jo Malone London"":26,""Keds"":26,""LAZ Parking"":26,""La Colombe"":26,""Mall"":26,""Moneygram"":26,""Nordstrom"":26,""O'Neil Clothing"":26,""Outdoor Shops"":26,""Regency Centers"":26,""Roche Bobois"":26,""Sebago"":26}","{""24 Hour Fitness"":26,""Aesop"":26,""Allen Edmonds"":26,""Apple"":26,""Best Western"":26,""Boost Mobile"":26,""Convenience Stores"":26,""Honey Birdette"":26,""Janie and Jack"":26,""Jo Malone London"":26,""Keds"":26,""LAZ Parking"":26,""La Colombe"":26,""Mall"":26,""Moneygram"":26,""Nordstrom"":26,""O'Neil Clothing"":26,""Outdoor Shops"":26,""Regency Centers"":26}",4303 La Jolla Village Drive,Men's Clothing Stores ,UNTI-A,Clothing Stores ,26,None,26,None,None,None,"[0,0,0,26,0,0,0]","[0,0,0,0,0,0,0,0,0,0,0,0,0,0,0,0,0,0,0,0,0,0,0,0,0,0,0,0,0,0,0,0,0,0,0,0,0,0,0,0,0,0,0,0,0,0,0,0,0,0,0,0,0,0,0,0,0,0,0,0,0,0,0,0,0,0,0,0,0,0,0,0,0,0,0,0,0,0,0,0,0,0,0,0,0,0,0,26,0,0,0,0,0,0,0,0,0,0,0,0,0,0,0,0,0,0,0,0,0,0,0,0,0,0,0,0,0,0,0,0,0,0,0,0,0,0,0,0,0,0,0,0,0,0,0,0,0,0,0,0,0,0,0,0,0,0,0,0,0,0,0,0,0,0,0,0,0,0,0,0,0,0,0,0,0,0,0,0]"
AERA Engine Builders Association,"{""<5"":26, ""5-20"":0, ""21-60"":0,""61-240"":0,"">240"":0}",Stevens Point,2038-01-01,2017-02-12 00:00:00,2017-02-06 00:00:00,"{""ios"":26}",None,8988378045952268147,11595248,False,US,44.524196,AERA Engine Builders Association,-89.5476205,None,44620,336310,1970-01-01,A1_AERAE-A,11595248,550979604004,54481,WI,"{""Advance Auto Parts"":26,""Wineries"":26}","{""Advance Auto Parts"":26,""Convenience Stores"":26,""Event Venues"":26,""Gas Stations"":26,""Hardee's"":26,""ICBA"":26,""Kwik Trip"":26,""Universities and Colleges"":26,""Wineries"":26}",88 Sunset Blvd,Motor Vehicle Gasoline Engine and Engine Parts Manufacturing,AERAE-A,Motor Vehicle Parts Manufacturing,26,None,26,None,None,None,"[0,0,0,0,0,0,26]","[0,0,0,0,0,0,0,0,0,0,0,0,0,0,0,0,0,0,0,0,0,0,0,0,0,0,0,0,0,0,0,0,0,0,0,0,0,0,0,0,0,0,0,0,0,0,0,0,0,0,0,0,0,0,0,0,0,0,0,0,0,0,0,0,0,0,0,0,0,0,0,0,0,0,0,0,0,0,0,0,0,0,0,0,0,0,0,0,0,0,0,0,0,0,0,0,0,0,0,0,0,0,0,0,0,0,0,0,0,0,0,0,0,0,0,0,0,0,0,0,0,0,0,0,0,0,0,0,0,0,0,0,0,0,0,0,0,0,0,0,0,0,0,0,0,0,0,0,0,0,0,0,0,0,0,0,0,0,0,0,0,0,0,26,0,0,0,0]"
Painting and Wall Covering Contractors,"{""<5"":26, ""5-20"":0, ""21-60"":0,""61-240"":0,"">240"":0}",Berkeley,2038-01-01,2017-02-12 00:00:00,2017-02-06 00:00:00,"{""ios"":26}",None,7265862755067662041,10928162,False,US,37.8552304,Painting and Wall Covering Contractors,-122.2505847,None,41860,238320,1970-01-01,A1_NAICS-238320,10928162,060014238003,94705,CA,"{""Outdoor Shops"":26,""Saucony"":26,""Wineries"":26}","{""Chiropractic Offices"":26,""Coffee Shops"":26,""Freshpet"":26,""GSA"":26,""Ike's Love & Sandwiches"":26,""Outdoor Shops"":26,""Philz Coffee"":26,""Ports"":26,""Safeway"":26,""Saucony"":26,""Starbucks"":26,""U.S. Ports"":26,""Universities and Colleges"":26,""Western Union"":26,""Wineries"":26}",2751 Prince St,Painting and Wall Covering Contractors,NAICS-238320,Building Finishing Contractors,26,None,26,None,None,None,"[0,0,0,0,0,26,0]","[0,0,0,0,0,0,0,0,0,0,0,0,0,0,0,0,0,0,0,0,0,0,0,0,0,0,0,0,0,0,0,0,0,0,0,0,0,0,0,0,0,0,0,0,0,0,0,0,0,0,0,0,0,0,0,0,0,0,0,0,0,0,0,0,0,0,0,0,0,0,0,0,0,0,0,0,0,0,0,0,0,0,0,0,0,0,0,0,0,0,0,0,0,0,0,0,0,0,0,0,0,0,0,0,0,0,0,0,0,0,0,0,0,0,0,0,0,0,0,0,0,0,0,0,0,0,0,0,0,0,26,0,0,0,0,0,0,0,0,0,0,0,0,0,0,0,0,0,0,0,0,0,0,0,0,0,0,0,0,0,0,0,0,0,0,0,0,0]"
Automotive Parts and Accessories Stores,"{""<5"":78, ""5-20"":0, ""21-60"":0,""61-240"":0,"">240"":0}",Spring Hill,2038-01-01,2017-02-12 00:00:00,2017-02-06 00:00:00,"{""android"":26}",None,9035123002419657820,7947754,False,US,28.5142994,Automotive Parts and Accessories Stores,-82.5657806,None,45300,441310,1970-01-01,A1_NAICS-441310,7947754,120530412011,34606,FL,"{""7 Eleven"":26,""Boost Mobile"":26,""Cardtronics"":26,""Dollar General"":26,""Dunlop Tires"":26,""Freshpet"":26,""Golf Courses"":26,""Mall"":26,""McDonald's"":26,""Moneygram"":26,""Outback Steakhouse"":26,""Physical Therapy Providers"":26,""Sembler"":26,""Speedway"":26,""Western Union"":26}","{""7 Eleven"":26,""AAA/CAA Auto Repair - Authorized Providers"":26,""Blue Buffalo"":26,""Boost Mobile"":26,""Brooklyn Water Bagels"":26,""Cardtronics"":26,""Chevrolet"":26,""Dollar General"":26,""Dunlop Tires"":26,""Fast Track Urgent Care"":26,""Freshpet"":26,""Garmin"":26,""Golf Courses"":26,""Honda"":26,""Mall"":26,""Mattress Firm"":26,""McDonald's"":26,""Moneygram"":26,""Outback Steakhouse"":26}",6008 Freeport Dr,Automotive Parts and Accessories Stores ,NAICS-441310,"Automotive Parts, Accessories, and Tire Stores ",78,None,26,None,None,None,"[0,25,0,26,0,0,26]","[0,0,0,0,0,0,0,0,0,0,0,0,0,0,0,0,0,0,0,0,0,0,0,0,0,0,0,0,0,0,25,0,0,0,0,0,0,0,0,0,0,0,0,0,0,0,0,0,0,0,0,0,0,0,0,0,0,0,0,0,0,0,0,0,0,0,0,0,0,0,0,0,0,0,0,0,0,0,0,0,26,0,0,0,0,0,0,0,0,0,0,0,0,0,0,0,0,0,0,0,0,0,0,0,0,0,0,0,0,0,0,0,0,0,0,0,0,0,0,0,0,0,0,0,0,0,0,0,0,0,0,0,0,0,0,0,0,0,0,0,0,0,0,0,0,0,0,0,0,0,0,0,0,0,26,0,0,0,0,0,0,0,0,0,0,0,0,0]"
Other Clothing Stores,"{""<5"":26, ""5-20"":0, ""21-60"":0,""61-240"":0,"">240"":0}",Hollywood,2038-01-01,2017-02-12 00:00:00,2017-02-06 00:00:00,"{""ios"":26}",None,8740532897734676455,7940070,False,US,26.0138607,Other Clothing Stores,-80.2219162,None,33100,448190,1970-01-01,A1_NAICS-448190,7940070,120110912021,33024,FL,None,"{""Dunlop Tires"":26,""Mall"":26,""Moneygram"":26,""T-Mobile"":26,""Walmart"":26}",6630 Eaton St,Other Clothing Stores ,NAICS-448190,Clothing Stores ,26,None,26,None,None,None,"[0,0,0,26,0,0,0]","[0,0,0,0,0,0,0,0,0,0,0,0,0,0,0,0,0,0,0,0,0,0,0,0,0,0,0,0,0,0,0,0,0,0,0,0,0,0,0,0,0,0,0,0,0,0,0,0,0,0,0,0,0,0,0,0,0,0,0,0,0,0,0,0,0,0,0,0,0,0,0,0,0,0,0,0,0,0,0,0,0,0,0,0,0,0,0,0,0,0,0,0,26,0,0,0,0,0,0,0,0,0,0,0,0,0,0,0,0,0,0,0,0,0,0,0,0,0,0,0,0,0,0,0,0,0,0,0,0,0,0,0,0,0,0,0,0,0,0,0,0,0,0,0,0,0,0,0,0,0,0,0,0,0,0,0,0,0,0,0,0,0,0,0,0,0,0,0]"
Fitness and Recreational Sports Centers,"{""<5"":26, ""5-20"":0, ""21-60"":0,""61-240"":0,"">240"":0}",Phoenix,2038-01-01,2017-02-12 00:00:00,2017-02-06 00:00:00,"{""ios"":26}",None,9203163973004067428,9778002,False,US,33.5048515,Fitness and Recreational Sports Centers,-112.0283025,None,38060,713940,1970-01-01,A1_NAICS-713940,9778002,040131084004,85016,AZ,"{""Cardtronics"":26,""EVTS"":26,""Gas Stations"":26}","{""Anthropologie"":26,""Cardtronics"":26,""Cheesecake Factory"":26,""Coffee Shops"":26,""Crate and Barrel"":26,""EVTS"":26,""Gas Stations"":26,""Golf Courses"":26,""Macerich"":26,""Mall"":26,""One Medical"":26,""Restaurants"":26,""Snooze"":26,""Tenet Healthcare"":26,""Victoria's Secret"":26}",2439 E Coolidge St,Fitness and Recreational Sports Centers ,NAICS-713940,Other Amusement and Recreation Industries,26,None,26,None,None,None,"[0,0,0,0,26,0,0]","[0,0,0,0,0,0,0,0,0,0,0,0,0,0,0,0,0,0,0,0,0,0,0,0,0,0,0,0,0,0,0,0,0,0,0,0,0,0,0,0,0,0,0,0,0,0,0,0,0,0,0,0,0,0,0,0,0,0,0,0,0,0,0,0,0,0,0,0,0,0,0,0,0,0,0,0,0,0,0,0,0,0,0,0,0,0,0,0,0,0,0,0,0,0,0,0,0,0,0,0,0,0,0,0,26,0,0,0,0,0,0,0,0,0,0,0,0,0,0,0,0,0,0,0,0,0,0,0,0,0,0,0,0,0,0,0,0,0,0,0,0,0,0,0,0,0,0,0,0,0,0,0,0,0,0,0,0,0,0,0,0,0,0,0,0,0,0,0]"
"Nursery, Garden Center, and Farm Supply Stores","{""<5"":26, ""5-20"":0, ""21-60"":0,""61-240"":0,"">240"":0}",Baltimore,2038-01-01,2017-02-12 00:00:00,2017-02-06 00:00:00,"{""ios"":26}",None,8292205308165533960,8157960,False,US,39.3599815,"Nursery, Garden Center, and Farm Supply Stores",-76.6459274,None,12580,444220,1970-01-01,A1_NAICS-444220,8157960,245102715031,21210,MD,None,"{""Autozone"":26,""Eddie's of Roland Park"":26,""Golf Courses"":26,""Pennzoil"":26}",5424 Falls Road Ter,"Nursery, Garden Center, and Farm Supply Stores ",NAICS-444220,Lawn and Garden Equipment and Supplies Stores ,26,None,26,None,None,None,"[0,0,0,26,0,0,0]","[0,0,0,0,0,0,0,0,0,0,0,0,0,0,0,0,0,0,0,0,0,0,0,0,0,0,0,0,0,0,0,0,0,0,0,0,0,0,0,0,0,0,0,0,0,0,0,0,0,0,0,0,0,0,0,0,0,0,0,0,0,0,0,0,0,0,0,0,0,0,0,0,0,0,0,0,0,0,0,0,0,26,0,0,0,0,0,0,0,0,0,0,0,0,0,0,0,0,0,0,0,0,0,0,0,0,0,0,0,0,0,0,0,0,0,0,0,0,0,0,0,0,0,0,0,0,0,0,0,0,0,0,0,0,0,0,0,0,0,0,0,0,0,0,0,0,0,0,0,0,0,0,0,0,0,0,0,0,0,0,0,0,0,0,0,0,0,0]"
Full-Service Restaurants,"{""<5"":26, ""5-20"":0, ""21-60"":0,""61-240"":0,"">240"":0}",Tucson,2038-01-01,2017-02-12 00:00:00,2017-02-06 00:00:00,"{""ios"":26}",None,8046223768976522291,9027194,False,US,32.1987915,Full-Service Restaurants,-110.8749237,None,46060,722511,1970-01-01,A1_NAICS-722511,9027194,040190035032,85711,AZ,"{""Daimler"":26,""EVTS"":26,""Gas Stations"":26,""Golf Courses"":26,""Grocery Stores"":26,""Hampton"":26,""QuikTrip"":26,""Walgreens"":26,""Western Union"":26}","{""Airport"":26,""American Airlines"":26,""Bookmans Entertainment Exchange"":26,""Boost Mobile"":26,""Chase"":26,""Daimler"":26,""Dunlop Tires"":26,""EVTS"":26,""Freshpet"":26,""Gas Stations"":26,""General Growth Properties"":26,""Golf Courses"":26,""Greystar"":26,""Grocery Stores"":26,""Hampton"":26,""Hilton Garden Inn"":26,""IndieBound"":26,""Keds"":26,""Live Nation Promoted Venues"":26}",2001 S Craycroft Rd,Full-Service Restaurants ,NAICS-722511,Restaurants and Other Eating Places,26,None,26,None,None,None,"[0,0,0,0,0,26,0]","[0,0,0,0,0,0,0,0,0,0,0,0,0,0,0,0,0,0,0,0,0,0,0,0,0,0,0,0,0,0,0,0,0,0,0,0,0,0,0,0,0,0,0,0,0,0,0,0,0,0,0,0,0,0,0,0,0,0,0,0,0,0,0,0,0,0,0,0,0,0,0,0,0,0,0,0,0,0,0,0,0,0,0,0,0,0,0,0,0,0,0,0,0,0,0,0,0,0,0,0,0,0,0,0,0,0,0,0,0,0,0,0,0,0,0,0,0,0,0,0,0,0,0,0,0,0,0,0,0,0,0,0,0,0,0,0,0,0,0,26,26,0,0,0,0,0,0,0,0,0,0,0,0,0,0,0,0,0,0,0,0,0,0,0,0,0,0,0]"
MADabolic,"{""<5"":26, ""5-20"":0, ""21-60"":0,""61-240"":0,"">240"":0}",San Antonio,2038-01-01,2017-02-12 00:00:00,2017-02-06 00:00:00,"{""ios"":26}",None,8836015555580182462,7369689,False,US,29.602755,MADabolic,-98.603145,None,41700,713940,1970-01-01,A1_MADAB-A,7369689,480291819012,78256,TX,"{""US Museums"":26,""Universities and Colleges"":26}","{""Cardtronics"":26,""EVTS"":26,""General Growth Properties"":26,""H-E-B"":26,""Hollister"":26,""Live Nation Promoted Venues"":26,""Macy's"":26,""Mall"":26,""Sealy"":26,""Time Warner"":26,""Torrid"":26,""US Museums"":26,""Universities and Colleges"":26,""Western Union"":26,""i9 Sports"":26}","17022 Fiesta Texas Drive Bldg. 400, Suite 101",Fitness and Recreational Sports Centers ,MADAB-A,Other Amusement and Recreation Industries,26,None,26,None,None,None,"[26,0,0,0,0,0,0]","[0,0,0,0,0,0,0,0,0,0,0,0,0,0,0,26,0,0,0,0,0,0,0,0,0,0,0,0,0,0,0,0,0,0,0,0,0,0,0,0,0,0,0,0,0,0,0,0,0,0,0,0,0,0,0,0,0,0,0,0,0,0,0,0,0,0,0,0,0,0,0,0,0,0,0,0,0,0,0,0,0,0,0,0,0,0,0,0,0,0,0,0,0,0,0,0,0,0,0,0,0,0,0,0,0,0,0,0,0,0,0,0,0,0,0,0,0,0,0,0,0,0,0,0,0,0,0,0,0,0,0,0,0,0,0,0,0,0,0,0,0,0,0,0,0,0,0,0,0,0,0,0,0,0,0,0,0,0,0,0,0,0,0,0,0,0,0,0]"
Full-Service Restaurants,"{""<5"":26, ""5-20"":0, ""21-60"":0,""61-240"":0,"">240"":0}",Pleasant Hill,2038-01-01,2017-02-12 00:00:00,2017-02-06 00:00:00,"{""ios"":26}",None,8800669646474258461,8969683,False,US,37.9586601,Full-Service Restaurants,-122.0581512,None,41860,722511,1970-01-01,A1_NAICS-722511,8969683,060133240023,94523,CA,"{""Pennzoil"":26,""Shell Oil"":26}","{""AT&T"":26,""Cardtronics"":26,""Fitness 19"":26,""HomeGoods"":26,""Learning Express Toys"":26,""Mall"":26,""Moneygram"":26,""Pennzoil"":26,""Shell Oil"":26,""Spirit Halloween"":26,""Wineries"":26}",150 Longbrook Way,Full-Service Restaurants ,NAICS-722511,Restaurants and Other Eating Places,26,None,26,None,None,None,"[0,0,0,0,0,0,26]","[0,0,0,0,0,0,0,0,0,0,0,0,0,0,0,0,0,0,0,0,0,0,0,0,0,0,0,0,0,0,0,0,0,0,0,0,0,0,0,0,0,0,0,0,0,0,0,0,0,0,0,0,0,0,0,0,0,0,0,0,0,0,0,0,0,0,0,0,0,0,0,0,0,0,0,0,0,0,0,0,0,0,0,0,0,0,0,0,0,0,0,0,0,0,0,0,0,0,0,0,0,0,0,0,0,0,0,0,0,0,0,0,0,0,0,0,0,0,0,0,0,0,0,0,0,0,0,0,0,0,0,0,0,0,0,0,0,0,0,0,0,0,0,0,0,0,0,0,0,0,0,0,0,0,0,0,0,0,0,0,0,0,26,0,0,0,0,0]"
Full-Service Restaurants,"{""<5"":26, ""5-20"":0, ""21-60"":0,""61-240"":0,"">240"":0}",Shoreline,2038-01-01,2017-02-12 00:00:00,2017-02-06 00:00:00,"{""android"":26}",None,3956265792942482400,9119743,False,US,47.7707596,Full-Service Restaurants,-122.3811493,None,42660,722511,1970-01-01,A1_NAICS-722511,9119743,530330201001,98177,WA,"{""The Everett Clinic"":26,""Trader Joe's"":26}","{""Diamond Parking Service"":26,""First Washington Realty (FWR)"":26,""Fred Meyer"":26,""Freshpet"":26,""Greystar"":26,""Hotel"":26,""LAZ Parking"":26,""New England Development"":26,""Regency Centers"":26,""Shell Oil"":26,""Subway"":26,""The Everett Clinic"":26,""Trader Joe's"":26,""Veterinary Centers"":26,""Western Union"":26}",1854 Nw 195Th St,Full-Service Restaurants ,NAICS-722511,Restaurants and Other Eating Places,26,None,26,None,None,None,"[0,0,0,0,0,0,26]","[0,0,0,0,0,0,0,0,0,0,0,0,0,0,0,0,0,0,0,0,0,0,0,0,0,0,0,0,0,0,0,0,0,0,0,0,0,0,0,0,0,0,0,0,0,0,0,0,0,0,0,0,0,0,0,0,0,0,0,0,0,0,0,0,0,0,0,0,0,0,0,0,0,0,0,0,0,0,0,0,0,0,0,0,0,0,0,0,0,0,0,0,0,0,0,0,0,0,0,0,0,0,0,0,0,0,0,0,0,0,0,0,0,0,0,0,0,0,0,0,0,0,0,0,0,0,0,0,0,0,0,0,0,0,0,0,0,0,0,0,0,0,0,0,0,0,0,0,0,0,0,0,0,0,26,0,0,0,0,0,0,0,0,0,0,0,0,0]"
All Other Miscellaneous Store Retailers (except Tobacco Stores),"{""<5"":0, ""5-20"":26, ""21-60"":0,""61-240"":0,"">240"":0}",GLADWIN,2038-01-01,2017-02-12 00:00:00,2017-02-06 00:00:00,"{""android"":26}",None,8521165655813757677,12296920,False,US,43.993949,GLADWIN NEST,-84.496443,11.0,None,453998,1970-01-01,A1_NAICS-453998,12296920,260510007001,48624,MI,"{""Fire Protection"":26}","{""Convenience Stores"":26,""Fire Protection"":26,""Gyms"":26,""Michigan DMV"":26,""NAPA AutoCare Center"":26,""Subway"":26}",1400 NORTH SPRING STREET,All Other Miscellaneous Store Retailers (except Tobacco Stores) ,NAICS-453998,Other Miscellaneous Store Retailers ,26,None,26,None,None,None,"[0,0,0,0,0,26,0]","[0,0,0,0,0,0,0,0,0,0,0,0,0,0,0,0,0,0,0,0,0,0,0,0,0,0,0,0,0,0,0,0,0,0,0,0,0,0,0,0,0,0,0,0,0,0,0,0,0,0,0,0,0,0,0,0,0,0,0,0,0,0,0,0,0,0,0,0,0,0,0,0,0,0,0,0,0,0,0,0,0,0,0,0,0,0,0,0,0,0,0,0,0,0,0,0,0,0,0,0,0,0,0,0,0,0,0,0,0,0,0,0,0,0,0,0,0,0,0,0,0,0,0,0,0,0,0,0,0,0,0,0,26,0,0,0,0,0,0,0,0,0,0,0,0,0,0,0,0,0,0,0,0,0,0,0,0,0,0,0,0,0,0,0,0,0,0,0]"
General Automotive Repair,"{""<5"":26, ""5-20"":0, ""21-60"":0,""61-240"":0,"">240"":0}",Minoa,2038-01-01,2017-02-12 00:00:00,2017-02-06 00:00:00,"{""ios"":26}",None,701245147085870542,11270716,False,US,43.069363,General Automotive Repair,-76.0017878,None,45060,811111,1970-01-01,A1_NAICS-811111,11270716,360670154001,13116,NY,"{""Convenience Stores"":26}","{""Convenience Stores"":26,""EV Charging Stations"":26,""Fire Protection"":26,""NAPA AutoCare Center"":26,""Progressive"":26,""Pronto (National Pronto Association)"":26,""Travelers"":26,""USPS"":26,""Western Union"":26}",330 S Main St,General Automotive Repair ,NAICS-811111,Automotive Repair and Maintenance,26,None,26,None,None,None,"[26,0,0,0,0,0,0]","[0,0,0,0,0,0,0,26,0,0,0,0,0,0,0,0,0,0,0,0,0,0,0,0,0,0,0,0,0,0,0,0,0,0,0,0,0,0,0,0,0,0,0,0,0,0,0,0,0,0,0,0,0,0,0,0,0,0,0,0,0,0,0,0,0,0,0,0,0,0,0,0,0,0,0,0,0,0,0,0,0,0,0,0,0,0,0,0,0,0,0,0,0,0,0,0,0,0,0,0,0,0,0,0,0,0,0,0,0,0,0,0,0,0,0,0,0,0,0,0,0,0,0,0,0,0,0,0,0,0,0,0,0,0,0,0,0,0,0,0,0,0,0,0,0,0,0,0,0,0,0,0,0,0,0,0,0,0,0,0,0,0,0,0,0,0,0,0]"
Other Automotive Mechanical and Electrical Repair and Maintenance,"{""<5"":26, ""5-20"":0, ""21-60"":0,""61-240"":0,"">240"":0}",Victor,2038-01-01,2017-02-12 00:00:00,2017-02-06 00:00:00,"{""ios"":26}",None,3618388193124521413,9370996,False,US,42.9613915,Other Automotive Mechanical and Electrical Repair and Maintenance,-77.4433518,None,40380,811118,1970-01-01,A1_NAICS-811118,9370996,360690501061,14564,NY,"{""Community Bank"":26,""Mall"":26}","{""Community Bank"":26,""Convenience Stores"":26,""Mall"":26,""Restaurants"":26,""Truck Stops"":26}",7384 County Road 41,Other Automotive Mechanical and Electrical Repair and Maintenance ,NAICS-811118,Automotive Repair and Maintenance,26,None,26,None,None,None,"[0,0,0,0,26,0,0]","[0,0,0,0,0,0,0,0,0,0,0,0,0,0,0,0,0,0,0,0,0,0,0,0,0,0,0,0,0,0,0,0,0,0,0,0,0,0,0,0,0,0,0,0,0,0,0,0,0,0,0,0,0,0,0,0,0,0,0,0,0,0,0,0,0,0,0,0,0,0,0,0,0,0,0,0,0,0,0,0,0,0,0,0,0,0,0,0,0,0,0,0,0,0,0,0,0,0,0,0,0,0,0,0,0,0,0,0,0,0,0,0,0,0,0,26,0,0,0,0,0,0,0,0,0,0,0,0,0,0,0,0,0,0,0,0,0,0,0,0,0,0,0,0,0,0,0,0,0,0,0,0,0,0,0,0,0,0,0,0,0,0,0,0,0,0,0,0]"
KFC,"{""<5"":482, ""5-20"":77, ""21-60"":0,""61-240"":0,"">240"":0}",New Bedford,2038-01-01,2017-03-26 00:00:00,2017-03-20 00:00:00,"{""android"":305,""ios"":178}",4979.0,9176832166126886131,1559134,False,US,41.6373027,Kentucky Fried Chicken,-70.930426,12.0,39300,722513,1970-01-01,A1_YUM-KFC,1559134,250056518001,02740,MA,"{""Mall"":152,""Western Union"":127,""Hospitals"":102,""Convenience Stores"":76,""Dunkin Donuts"":76,""Pennsylvania REIT"":76,""Restaurants"":76,""Cumberland Farms"":51,""Freshpet"":51,""Gas Stations"":51,""Grocery Stores"":51,""Gulf Oil"":51,""Moneygram"":51,""Police Protection"":51,""Speedway"":51,""Stop & Shop"":51,""TD Bank"":51,""Walgreens"":51,""Audiologists"":25}","{""Convenience Stores"":330,""Mall"":330,""Moneygram"":305,""Western Union"":305,""Restaurants"":280,""Freshpet"":229,""Dunlop Tires"":203,""Pennsylvania REIT"":203,""Cumberland Farms"":178,""Gas Stations"":178,""Gyms"":178,""Stop & Shop"":178,""Walmart"":178,""CVS"":152,""Dunkin Donuts"":152,""Garmin"":152,""Hospitals"":152,""Hotel"":127,""Mobil"":127}",506 County Street,Limited-Service Restaurants ,YUM-KFC,Restaurants and Other Eating Places,558,"{""US"":483}",483,"{""250056531014"":242,""250056514001"":241}","{""25005653101"":161,""25005652300"":161,""25005651400"":161}","{""250056514001"":161,""250056531014"":161,""250056523003"":161}","[76,126,102,76,76,26,77]","[0,0,0,0,0,0,0,0,25,0,0,25,0,0,0,25,0,0,0,0,0,0,0,0,0,0,0,0,0,0,0,0,25,0,0,25,25,0,0,0,0,25,0,0,0,0,0,25,0,0,0,0,0,0,0,0,0,0,25,25,0,0,0,25,0,0,25,0,0,25,0,0,0,0,0,0,0,0,0,0,0,0,0,0,51,25,0,0,0,0,0,0,0,25,0,0,0,0,0,0,0,0,0,0,0,0,0,0,25,0,0,0,0,25,0,25,0,0,0,0,0,0,0,0,0,0,0,0,0,0,0,0,0,0,0,0,0,26,0,0,0,0,0,0,0,0,0,0,0,0,0,0,0,0,0,0,0,0,26,26,0,0,0,0,26,0,0,0]"
Automatic Transmission Rebuilders Association (ATRA),"{""<5"":329, ""5-20"":76, ""21-60"":101,""61-240"":127,"">240"":152}",Centennial,2038-01-01,2017-03-26 00:00:00,2017-03-20 00:00:00,"{""android"":381,""ios"":102}",22696.0,6835750580560785821,11606174,False,US,39.5883675,Automatic Transmission Rebuilders Association (ATRA),-104.818644,115.0,19740,811113,1970-01-01,A1_AUTOM-A,11606174,080050068633,80112,CO,"{""Dunlop Tires"":178,""Storage & Warehouses"":178,""Office Building"":127,""Travelers"":127,""Freshpet"":102,""Golf Courses"":102,""Moneygram"":102,""Truck Stops"":102,""Convenience Stores"":76,""Live Nation Promoted Venues"":76,""Mall"":76,""NAPA AutoCare Center"":76,""Pennzoil"":76,""Restaurants"":76,""The Hartford"":76,""Universities and Colleges"":76,""Walmart"":76,""Wendy's"":76,""Western Union"":76}","{""Mall"":356,""Western Union"":356,""Convenience Stores"":280,""Freshpet"":280,""Moneygram"":280,""Restaurants"":280,""Dunlop Tires"":254,""Walmart"":254,""Cardtronics"":229,""Golf Courses"":229,""Office Building"":229,""Storage & Warehouses"":229,""Gas Stations"":203,""Live Nation Promoted Venues"":203,""Greystar"":178,""Hotel"":178,""Pennzoil"":178,""Travelers"":178,""Armstrong Flooring"":152}",14677 E. Easter Ave.,Automotive Transmission Repair ,AUTOM-A,Automotive Repair and Maintenance,784,"{""US"":483}",483,"{""080050068633"":483}",None,None,"[202,177,102,152,126,26,0]","[25,51,25,25,25,25,25,0,51,51,25,25,25,76,51,0,25,25,0,0,25,25,25,25,25,0,25,25,25,25,50,76,50,25,25,50,25,25,25,0,0,50,25,25,50,50,50,50,25,25,25,25,25,25,51,0,25,0,0,0,25,0,0,25,25,25,25,0,0,0,25,0,0,0,0,0,0,25,76,102,25,25,25,25,0,0,0,0,25,0,0,0,0,0,0,0,0,0,25,0,0,0,25,25,25,25,25,0,0,0,0,0,0,0,0,0,0,0,0,0,0,0,0,0,0,0,0,0,0,0,0,0,26,0,0,0,0,0,0,0,0,0,0,0,0,0,0,0,0,0,0,0,0,0,0,0,0,0,0,0,0,0,0,0,0,0,0,0]"
Eye Med,"{""<5"":279, ""5-20"":51, ""21-60"":127,""61-240"":25,"">240"":76}",Salisbury,2038-01-01,2017-03-26 00:00:00,2017-03-20 00:00:00,"{""android"":407,""ios"":76}",10209.0,1417067205399327814,11661483,False,US,38.3736415,Eye Med,-75.521808,33.0,41540,446130,1970-01-01,A1_EYEME-A,11661483,240450106034,21804,MD,"{""Surgery Centers"":483,""Mall"":229,""ExxonMobil"":127,""Moneygram"":127,""Western Union"":127,""Cardtronics"":102,""Dunlop Tires"":102,""Hospitals"":102,""RCG Ventures LLC"":102,""Walmart"":102,""Freshpet"":76,""Armstrong Flooring"":51,""Bimbo Bakeries"":51,""Business Centers"":51,""DDR"":51,""Denny's"":51,""Food Lion"":51,""Gas Stations"":51,""Global Net Lease"":51}","{""Surgery Centers"":483,""Mall"":305,""Moneygram"":305,""Dunlop Tires"":280,""Western Union"":280,""Walmart"":254,""Cardtronics"":229,""Freshpet"":203,""Sodastream"":203,""Hospitals"":178,""Armstrong Flooring"":152,""ExxonMobil"":152,""RCG Ventures LLC"":152,""Blue Buffalo"":127,""Food Lion"":127,""Gas Stations"":127,""ICBA"":127,""Rite Aid"":127,""DDR"":102}",31519 Winterplace Pkwy,Optical Goods Stores ,EYEME-A,Health and Personal Care Stores ,558,"{""US"":483}",483,"{""240450106034"":289,""240450106031"":194}","{""24045010603"":289,""24045010504"":194}","{""240450106031"":289,""240450105041"":194}","[76,151,153,102,25,51,0]","[0,0,0,0,0,0,25,25,25,25,25,25,0,0,0,0,25,25,25,0,0,0,0,0,0,0,0,0,0,0,0,0,0,25,76,25,0,0,0,50,25,0,0,0,0,0,0,0,0,0,0,0,0,0,25,25,76,51,51,51,25,51,25,0,25,0,0,0,0,0,0,0,0,0,0,0,0,0,0,0,0,0,0,0,76,0,0,25,0,0,0,0,0,0,0,0,0,0,0,0,0,0,0,0,0,0,0,0,25,25,25,25,25,0,0,0,0,0,0,0,0,0,0,0,0,0,0,0,0,0,26,0,0,0,0,26,0,0,0,0,0,0,0,0,0,0,0,0,0,0,0,0,0,0,0,0,0,0,0,0,0,0,0,0,0,0,0,0]"
"Plumbing, Heating, and Air-Conditioning Contractors","{""<5"":432, ""5-20"":51, ""21-60"":25,""61-240"":51,"">240"":0}",Belle Glade,2038-01-01,2017-03-26 00:00:00,2017-03-20 00:00:00,"{""android"":330,""ios"":178}",28138.0,2334721096277072614,11242684,False,US,26.6834165,"Plumbing, Heating, and Air-Conditioning Contractors",-80.664075,11.0,33100,238220,1970-01-01,A1_NAICS-238220,11242684,120990082033,33430,FL,"{""Mall"":152,""McDonald's"":152,""Western Union"":127,""Cardtronics"":102,""Golf Courses"":102,""Buick"":76,""Convenience Stores"":76,""Hotel"":76,""Moneygram"":76,""Truck Stops"":76,""Cadillac"":51,""Coffee Shops"":51,""Dunkin Donuts"":51,""Restaurants"":51,""Sunshine Gasoline Distributors"":51,""Taco Bell"":51,""Walgreens"":51,""7 Eleven"":25,""Advan"":25}","{""Mall"":381,""Western Union"":356,""Cardtronics"":330,""Convenience Stores"":305,""Hotel"":229,""Restaurants"":229,""Golf Courses"":203,""McDonald's"":203,""Moneygram"":203,""Dunlop Tires"":178,""Gas Stations"":178,""Marathon Petroleum"":178,""Pennzoil"":178,""Truck Stops"":178,""Walgreens"":178,""Taco Bell"":152,""Winn Dixie"":152,""7 Eleven"":127,""Gyms"":127}",349 Se 3Rd St,"Plumbing, Heating, and Air-Conditioning Contractors ",NAICS-238220,Building Equipment Contractors,559,"{""US"":508}",508,"{""120990081013"":304,""120990082033"":204}","{""12099008101"":291,""12099008203"":217}","{""120990081013"":291,""120990082031"":217}","[25,50,76,203,101,51,52]","[0,0,0,0,0,0,0,0,0,0,0,0,0,25,25,0,0,0,0,0,0,0,0,0,0,0,0,0,0,0,25,0,0,0,0,0,0,0,0,0,0,0,25,0,0,0,0,0,0,0,0,0,0,0,0,0,0,0,0,25,25,0,0,0,0,25,0,0,0,0,0,0,0,0,0,0,0,0,0,0,0,25,0,0,51,51,76,25,25,0,0,0,0,0,25,0,0,0,0,0,0,0,0,0,0,25,50,76,0,0,0,0,0,0,0,0,0,0,0,0,0,0,0,0,0,0,0,0,0,0,0,0,26,26,0,0,0,26,0,0,0,0,0,0,0,0,0,0,0,0,0,0,0,0,0,0,0,0,26,0,0,0,26,0,0,0,0,0]"
Supermarkets and Other Grocery Retailers (except Convenience Retailers),"{""<5"":305, ""5-20"":102, ""21-60"":102,""61-240"":0,"">240"":0}",Farmington,2038-01-01,2017-03-26 00:00:00,2017-03-20 00:00:00,"{""android"":483,""ios"":25}",13972.0,5662763417509621494,8162333,False,US,44.6225815,Supermarkets and Other Grocery Retailers (except Convenience Retailers),-70.1637878,11.0,None,445110,1970-01-01,A1_NAICS-445110,8162333,230079712014,4938,ME,"{""Mall"":508,""Save-A-Lot"":508,""Dunlop Tires"":229,""Moneygram"":229,""Sodastream"":229,""Walmart"":229,""Pennzoil"":152,""Truck Stops"":152,""Dollar Tree"":102,""Convenience Stores"":76,""Gas Stations"":76,""Taco Bell"":76,""Garmin"":51,""Genesis HealthCare"":51,""Hannaford Supermarkets"":51,""Hospitals"":51,""Irving Oil"":51,""KFC"":51,""Rent-A-Center"":51}","{""Mall"":508,""Save-A-Lot"":508,""Dunlop Tires"":407,""Moneygram"":407,""Sodastream"":407,""Walmart"":407,""Pennzoil"":280,""Truck Stops"":280,""Western Union"":229,""Convenience Stores"":203,""Gas Stations"":203,""Universities and Colleges"":203,""Hospitals"":178,""Irving Oil"":178,""Rite Aid"":178,""Taco Bell"":178,""Dollar Tree"":152,""Hankook Tire"":152,""Hannaford Supermarkets"":152}",654 Wilton Rd,Supermarkets and Other Grocery (except Convenience) Stores ,NAICS-445110,Grocery Stores ,508,"{""US"":508}",508,"{""230110102002"":508}","{""23007971202"":508}","{""230079712022"":508}","[25,76,51,76,101,128,52]","[0,0,0,0,0,0,0,0,0,0,0,0,0,0,25,0,0,0,0,0,0,0,0,0,0,0,0,0,0,0,0,0,0,0,25,0,0,0,0,0,0,25,25,0,0,0,0,0,0,0,0,0,0,0,0,0,0,0,0,0,25,0,0,25,25,0,0,0,0,0,0,0,0,0,0,0,0,0,0,0,0,0,0,0,0,25,25,0,25,0,0,25,0,0,0,0,0,0,0,0,0,0,0,0,0,25,0,0,0,25,0,50,25,0,0,0,0,0,0,0,0,0,0,0,0,0,0,0,0,0,0,0,26,51,26,26,0,0,0,0,0,0,0,0,0,0,0,0,0,0,0,0,0,26,0,0,0,0,0,26,0,0,0,0,0,0,0,0]"
H&R Block,"{""<5"":432, ""5-20"":77, ""21-60"":0,""61-240"":25,"">240"":26}",Falls Church,2038-01-01,2017-03-26 00:00:00,2017-03-20 00:00:00,"{""ios"":407,""android"":102}",4851.0,3606919687883435072,3713491,False,US,38.8850387,"H&R Block, Inc.",-77.1744753,6.0,47900,541213,1970-01-01,A1_HRB,3713491,516105001001,22046,VA,"{""Chipotle"":407,""Grocery Stores"":356,""FedEx"":229,""Mall"":152,""Office Building"":127,""Freshpet"":102,""Honeybaked Ham"":102,""Palm Beach Tan"":102,""24 Hour Fitness"":76,""ExxonMobil"":76,""Rappaport"":76,""Federal Realty"":51,""Golf Courses"":51,""Gyms"":51,""Hair Cuttery"":51,""IHRSA (International Health, Racquet & Sportsclub Association)"":51,""Macerich"":51,""New England Development"":51,""Retail Properties of America"":51}","{""Chipotle"":407,""Grocery Stores"":356,""Mall"":305,""Office Building"":305,""FedEx"":280,""Rappaport"":254,""Western Union"":254,""Moneygram"":229,""Cardtronics"":178,""Freshpet"":152,""Golf Courses"":152,""McDonald's"":152,""Convenience Stores"":127,""ExxonMobil"":127,""Federal Realty"":127,""Macerich"":127,""Starbucks"":127,""7 Eleven"":102,""Coffee Shops"":102}",Broaddale Shopping Center,Tax Preparation Services ,HRB,"Accounting, Tax Preparation, Bookkeeping, and Payroll Services",560,"{""US"":508}",508,"{""510594802051"":254,""516105001001"":254}",None,None,"[101,76,51,102,25,102,103]","[0,0,0,0,0,0,0,0,0,0,0,0,25,0,25,0,0,51,0,0,0,0,0,0,0,0,0,0,0,0,0,0,0,0,0,0,25,25,0,0,0,0,0,0,0,0,25,0,0,0,0,0,0,0,0,0,0,0,0,0,0,0,0,0,0,25,0,25,0,0,0,0,0,0,0,0,0,0,0,0,0,0,0,0,25,0,0,0,0,0,25,25,51,0,25,0,0,0,0,0,0,0,0,0,0,0,0,0,0,0,25,0,0,0,0,0,0,0,0,0,0,0,0,0,0,0,0,0,0,26,0,26,0,0,0,0,0,0,26,0,0,26,0,0,0,0,0,0,0,0,0,0,0,26,0,0,26,0,0,0,0,26,26,0,0,0,26,0]"
Florists,"{""<5"":50, ""5-20"":0, ""21-60"":0,""61-240"":0,"">240"":0}",Lansdale,2038-01-01,2017-03-26 00:00:00,2017-03-20 00:00:00,"{""ios"":51}",413.0,3088555599005152352,9692875,False,US,40.2509918,Florists,-75.3308029,None,37980,453110,1970-01-01,A1_NAICS-453110,9692875,420912069042,19446,PA,"{""Chick-fil-A"":51,""Hospitals"":51,""Gas Stations"":25}","{""Chick-fil-A"":51,""Hospitals"":51,""Gas Stations"":25}",204 Brunswick Ct,Florists ,NAICS-453110,Florists ,50,"{""US"":50}",50,"{""420912069042"":50}","{""42091206904"":50}","{""420912069042"":50}","[0,50,0,0,0,0,0]","[0,0,0,0,0,0,0,0,0,0,0,0,0,0,0,0,0,0,0,0,0,0,0,0,0,0,0,0,0,0,0,0,0,0,0,0,0,0,0,0,50,0,0,0,0,0,0,0,0,0,0,0,0,0,0,0,0,0,0,0,0,0,0,0,0,0,0,0,0,0,0,0,0,0,0,0,0,0,0,0,0,0,0,0,0,0,0,0,0,0,0,0,0,0,0,0,0,0,0,0,0,0,0,0,0,0,0,0,0,0,0,0,0,0,0,0,0,0,0,0,0,0,0,0,0,0,0,0,0,0,0,0,0,0,0,0,0,0,0,0,0,0,0,0,0,0,0,0,0,0,0,0,0,0,0,0,0,0,0,0,0,0,0,0,0,0,0,0]"
General Automotive Repair,"{""<5"":76, ""5-20"":0, ""21-60"":0,""61-240"":0,"">240"":26}",Great Bend,2038-01-01,2017-03-26 00:00:00,2017-03-20 00:00:00,"{""android"":25,""ios"":25}",129.0,8487420447009836028,11416163,False,US,38.36874,General Automotive Repair,-98.8167775,890.0,24460,811111,1970-01-01,A1_NAICS-811111,11416163,200099718014,67530,KS,"{""Advan"":25,""Americare Senior Living"":25,""Dollar General"":25,""Dunlop Tires"":25,""Party City"":25,""Sam's Club"":25}","{""Advan"":25,""Airport"":25,""Alamo Rent A Car"":25,""American Airlines"":25,""Americare Senior Living"":25,""AutoZone Repair"":25,""Dollar General"":25,""Dunlop Tires"":25,""GSA Lease"":25,""Gas Stations"":25,""Hawthorn Suites"":25,""Hertz"":25,""Hibbett Sports"":25,""Hilton Garden Inn"":25,""IHG Independent Hotels"":25,""Mall"":25,""Party City"":25,""Sam's Club"":25,""Textron"":25}",5930 Rosewood Dr,General Automotive Repair ,NAICS-811111,Automotive Repair and Maintenance,102,"{""US"":51}",51,"{""200099714002"":51}","{""20009971801"":51}","{""200099718014"":51}","[0,0,25,0,25,26,26]","[0,0,0,0,0,0,0,0,0,0,0,0,0,0,0,0,0,0,0,0,0,0,0,0,0,0,0,0,0,0,0,0,0,0,0,0,0,0,0,0,0,0,0,0,0,0,0,0,0,0,0,0,0,0,0,0,25,0,0,0,0,0,0,0,0,0,0,0,0,0,0,0,0,0,0,0,0,0,0,0,0,0,0,0,0,0,0,0,0,0,0,0,0,0,0,0,25,0,0,0,0,0,0,0,0,0,0,0,0,0,0,0,0,0,0,0,0,0,0,0,0,0,0,0,0,0,0,0,0,0,0,0,0,0,0,0,26,0,0,0,0,0,0,0,26,0,26,26,26,26,0,26,26,0,0,0,0,0,0,26,0,0,0,0,0,0,0,0]"
Gerber Collision,"{""<5"":51, ""5-20"":0, ""21-60"":0,""61-240"":0,"">240"":0}",Winston Salem,2038-01-01,2017-03-26 00:00:00,2017-03-20 00:00:00,"{""ios"":51}",8528.0,8966140282361191491,13223012,False,US,36.1840885,Gerber Collision,-80.2624105,None,49180,811111,1970-01-01,A1_TGB-A-GERBR,13223012,370670028061,27105,NC,"{""Cardtronics"":25,""Golf Courses"":25,""Harris Teeter Pharmacy"":25,""Mall"":25,""Restaurants"":25,""Saul Centers"":25,""Verizon"":25,""Western Union"":25}","{""Golf Courses"":51,""Armstrong Flooring"":25,""Belk"":25,""Best Western"":25,""CBL & Associates"":25,""Cardtronics"":25,""CrossFit"":25,""EVTS"":25,""Gyms"":25,""Harris Teeter Pharmacy"":25,""Keds"":25,""LensCrafters"":25,""Live Nation Promoted Venues"":25,""Lowe's Foods"":25,""Mall"":25,""Minuteman Press"":25,""Pandora"":25,""Restaurants"":25,""Saul Centers"":25}",1000 Pinebrook Knolls Dr,General Automotive Repair ,BOYD.TO-GERBR,Automotive Repair and Maintenance,51,"{""US"":51}",51,"{""370670028061"":51}",None,None,"[0,0,0,25,25,0,0]","[0,0,0,0,0,0,0,0,0,0,0,0,0,0,0,0,0,0,0,0,0,0,0,0,0,0,0,0,0,0,0,0,0,0,0,0,0,0,0,0,0,0,0,0,0,0,0,0,0,0,0,0,0,0,0,0,0,0,0,0,0,0,0,0,0,0,0,0,0,0,0,0,0,0,0,0,0,0,0,0,0,0,0,25,0,0,0,0,0,0,0,0,0,0,0,0,0,0,0,0,0,0,0,0,0,0,25,0,0,0,0,0,0,0,0,0,0,0,0,0,0,0,0,0,0,0,0,0,0,0,0,0,0,0,0,0,0,0,0,0,0,0,0,0,0,0,0,0,0,0,0,0,0,0,0,0,0,0,0,0,0,0,0,0,0,0,0,0]"
Ameriprise Financial,"{""<5"":76, ""5-20"":0, ""21-60"":51,""61-240"":0,"">240"":0}",Manasquan,2038-01-01,2017-03-26 00:00:00,2017-03-20 00:00:00,"{""ios"":51}",5144.0,1926019123446515555,2426469,False,US,40.1172624,"Ameriprise Financial, Inc.",-74.0532601,27.0,35620,523930,1970-01-01,A1_AMP,2426469,340258093013,08736-3648,NJ,None,"{""Bon-Ton Stores"":51,""Federal Realty"":51,""Mall"":51,""Acme"":25,""BP"":25,""Dunkin Donuts"":25,""Gamestop"":25,""Grocery Stores"":25,""Home Depot"":25,""Macerich"":25,""Moneygram"":25,""Sprint"":25,""Supercuts"":25,""Travelers"":25,""U.S. Ports"":25,""Whole Foods"":25}",147 Union Ave Ste 203,Investment Advice ,AMP,Other Financial Investment Activities,127,"{""US"":51}",51,None,"{""34025808701"":51}","{""340258087012"":51}","[25,25,51,25,0,0,0]","[0,0,0,0,0,0,0,0,0,0,0,25,0,0,0,0,0,0,0,0,0,0,0,0,0,0,0,0,0,0,0,0,0,0,0,0,0,0,0,0,25,0,0,0,0,0,0,0,0,0,0,0,0,0,0,0,0,0,0,25,25,0,0,0,0,0,0,0,0,0,0,0,0,0,0,0,0,0,0,0,0,0,0,25,0,0,0,0,0,0,0,0,0,0,0,0,0,0,0,0,0,0,0,0,0,0,0,0,0,0,0,0,0,0,0,0,0,0,0,0,0,0,0,0,0,0,0,0,0,0,0,0,0,0,0,0,0,0,0,0,0,0,0,0,0,0,0,0,0,0,0,0,0,0,0,0,0,0,0,0,0,0,0,0,0,0,0,0]"
Sure Stay Hotels,"{""<5"":5232, ""5-20"":76, ""21-60"":26,""61-240"":102,"">240"":177}",Tulsa,2038-01-01,2017-03-26 00:00:00,2017-03-20 00:00:00,"{""android"":4626,""ios"":661}",12301.0,7676634008132369893,11671365,False,US,36.089314,Sure Stay Hotels,-95.8380235,67.0,46140,721110,1970-01-01,A1_BW-A-SSTAY,11671365,401430090191,74146-6200,OK,"{""Super 8"":5032,""Mall"":1652,""Western Union"":1067,""Convenience Stores"":1042,""Truck Stops"":864,""Moneygram"":737,""Cardtronics"":712,""Gas Stations"":712,""Kum & Go"":686,""Restaurants"":686,""Dunlop Tires"":661,""Walmart"":635,""Hotel"":610,""McDonald's"":585,""QuikTrip"":585,""Universities and Colleges"":585,""Hospitals"":559,""Golf Courses"":508,""Hankook Tire"":432}","{""Super 8"":5032,""Mall"":3889,""Moneygram"":3253,""Dunlop Tires"":3202,""Walmart"":3050,""Western Union"":3024,""Convenience Stores"":2847,""Gas Stations"":2567,""Cardtronics"":2389,""QuikTrip"":1932,""Restaurants"":1932,""Freshpet"":1906,""McDonald's"":1881,""Universities and Colleges"":1855,""Truck Stops"":1703,""Kum & Go"":1652,""Hotel"":1627,""Sonic"":1525,""Golf Courses"":1500}",12416 E 51st Street,Hotels (except Casino Hotels) and Motels ,BW-A-SSTAY,Traveler Accommodation,5612,"{""US"":5286}",5286,"{""401430090191"":1147,""401430025001"":535,""401430090083"":535,""401430085024"":382,""401430113002"":306,""401430025002"":229,""401430090181"":229,""401430090102"":229,""401430069061"":154,""401430075282"":154,""401430076161"":154,""401430074142"":154,""401450304063"":154,""401450305101"":154,""401430090151"":154,""401430074133"":154,""401430073062"":154,""401430090171"":154,""401430069011"":154}","{""40145030406"":499,""40143009008"":499,""40143009018"":298,""40143009010"":298,""40143009015"":298,""40145030407"":298,""40143007409"":298,""40143007306"":298,""40143009014"":298,""40143009019"":298,""40143007413"":298,""40143009017"":201,""40145030603"":201,""40143005809"":201,""40145030604"":201,""40145030601"":201,""40143007656"":201,""40143006711"":200,""40143008502"":200}","{""401430090083"":499,""401450304071"":298,""401430090102"":298,""401430090141"":298,""401430090181"":298,""401430074091"":298,""401430090191"":298,""401430073062"":298,""401450304061"":298,""401430090151"":298,""401430074133"":298,""401430058093"":201,""401450306012"":201,""401430067112"":201,""401430076562"":201,""401430085024"":201,""401450306041"":201,""401450304063"":201,""401450306032"":200,""401430090171"":200}","[531,1009,1043,711,932,767,620]","[0,0,0,0,25,25,51,25,0,0,25,0,76,0,25,126,0,51,51,51,0,0,25,25,0,50,50,25,25,25,126,76,50,76,101,50,151,50,0,50,76,101,25,76,25,25,0,0,25,0,0,0,0,0,51,76,51,153,76,102,76,51,0,102,127,102,25,25,25,0,25,0,0,0,0,0,0,25,25,25,51,25,51,25,0,76,51,102,102,51,25,25,51,0,0,0,25,0,0,0,0,0,25,76,101,76,50,50,101,50,76,50,76,25,76,76,50,50,0,76,0,0,0,26,26,77,26,0,51,51,0,51,153,26,26,26,77,102,51,26,51,0,26,0,26,26,26,26,0,26,0,26,103,0,0,26,52,52,0,77,26,52,26,77,26,0,26,0]"
Abercrombie and Fitch,"{""<5"":4985, ""5-20"":203, ""21-60"":178,""61-240"":152,"">240"":127}",Universal City,2025-04-23,2017-03-26 00:00:00,2017-03-20 00:00:00,"{""ios"":3050,""android"":2287}",54537.0,9120564108822024374,1150176,False,US,34.1364326,Abercrombie & Fitch Co.,-118.3533981,5.0,31080,448140,1970-01-01,A1_ANF,1150176,060379800391,91608,CA,"{""Mall"":5337,""Universal Studios"":5337,""IT'SUGAR"":1347,""Restaurants"":1296,""IMAX"":1220,""Hot Topic"":890,""Office Building"":890,""Hotel"":737,""Golf Courses"":559,""Starbucks"":559,""Live Nation Promoted Venues"":483,""Moneygram"":432,""Western Union"":432,""National Forests"":356,""Subway"":356,""Cardtronics"":330,""Sheraton"":305,""Dunlop Tires"":280,""Skechers"":280}","{""Mall"":5337,""Universal Studios"":5337,""Restaurants"":2872,""Cardtronics"":2338,""Freshpet"":2135,""Western Union"":2109,""Starbucks"":2033,""Office Building"":2008,""Moneygram"":1982,""Hotel"":1855,""IMAX"":1652,""Dunlop Tires"":1627,""IT'SUGAR"":1576,""Golf Courses"":1525,""Live Nation Promoted Venues"":1525,""National Forests"":1423,""Universities and Colleges"":1322,""Target"":1195,""Gyms"":1144}",100 Universal City Plaza,Family Clothing Stores ,ANF,Clothing Stores ,5645,"{""US"":5337}",5337,"{""060379800391"":4992,""060371241051"":345}","{""06037980039"":2048,""49035113024"":823,""32003006700"":822,""06037125322"":822,""06037920045"":822}","{""060379800391"":2048,""490351130241"":823,""320030067001"":822,""060379200453"":822,""060371253222"":822}","[683,605,534,736,1032,1202,852]","[0,0,0,0,0,0,0,0,51,25,76,51,25,76,76,51,51,101,76,76,51,0,0,0,0,0,0,0,0,0,0,25,25,25,25,25,151,50,50,50,101,25,101,25,50,25,0,0,0,0,0,0,0,25,0,0,25,51,0,51,51,51,25,51,51,51,51,0,102,25,0,0,0,0,0,0,0,0,0,0,25,51,25,102,51,76,0,51,76,76,76,102,25,25,0,0,0,0,0,0,25,25,0,25,0,50,25,76,25,101,25,25,25,126,151,201,50,101,76,0,0,0,0,26,0,0,0,0,26,0,26,102,128,26,102,26,51,153,128,128,128,179,51,26,26,0,0,0,0,0,0,0,0,52,26,52,77,26,26,26,26,129,77,77,77,52,77,52]"
Amazing Lash Studio,"{""<5"":457, ""5-20"":76, ""21-60"":25,""61-240"":0,"">240"":0}",Rancho Santa Margarita,2038-01-01,2017-03-26 00:00:00,2017-03-20 00:00:00,"{""android"":381,""ios"":152}",2534.0,3411665834715384520,5821527,False,US,33.641189,Amazing Lash Studio,-117.595692,4.0,31080,812112,1970-01-01,A1_LASH-A,5821527,060590320541,92688,CA,"{""Mall"":432,""Freshpet"":178,""Cardtronics"":152,""Sprint"":127,""Target"":127,""Cinepolis"":102,""Shell Oil"":102,""Subway"":102,""Trader Joe's"":102,""Equity Residential"":76,""Keds"":76,""Starbucks"":76,""Westwood Financial"":76,""Blue Buffalo"":51,""BoA"":51,""Dunlop Tires"":51,""Greystar"":51,""Hanger Prosthetics & Orthotics"":51,""Hospitals"":51}","{""Mall"":534,""Cardtronics"":356,""Freshpet"":356,""Starbucks"":330,""Moneygram"":280,""Dunlop Tires"":254,""Keds"":254,""Target"":254,""Sprint"":229,""Trader Joe's"":229,""Western Union"":229,""Panera Bread"":178,""Shell Oil"":178,""Shop Irvine Company"":178,""Westwood Financial"":178,""Cinepolis"":152,""Coffee Shops"":152,""Travelers"":152,""Walmart"":152}",30622 Santa Margarita Pkwy.,Beauty Salons ,LASH-A,Personal Care Services ,559,"{""US"":534}",534,"{""060590320342"":267,""060590320511"":267}","{""06059032051"":267,""06059032050"":267}","{""060590320511"":267,""060590320503"":267}","[25,76,51,127,126,102,52]","[0,0,0,0,0,0,0,0,0,0,0,0,0,0,0,0,0,0,0,0,0,25,0,0,0,0,0,0,0,0,0,0,0,0,0,0,0,50,0,0,0,0,0,25,0,0,0,0,0,0,0,0,0,0,0,0,0,0,0,0,0,0,0,25,0,0,0,25,0,0,0,0,0,0,0,0,0,0,0,25,0,0,0,0,0,25,0,0,0,0,0,76,0,0,0,0,0,0,0,0,0,0,0,0,0,0,0,25,25,25,0,0,50,0,0,25,0,0,0,0,0,0,0,0,0,0,0,0,0,26,0,26,0,51,0,0,0,0,0,0,0,0,0,0,0,0,0,0,0,0,0,0,0,0,0,0,0,26,26,0,0,0,0,0,0,0,0,0]"
Optical Goods Stores,"{""<5"":381, ""5-20"":76, ""21-60"":25,""61-240"":228,"">240"":0}",Ambridge,2038-01-01,2017-03-26 00:00:00,2017-03-20 00:00:00,"{""android"":508,""ios"":25}",1341.0,8292609613064838164,8442167,False,US,40.5957909,Optical Goods Stores,-80.2305908,95.0,38300,446130,1970-01-01,A1_NAICS-446130,8442167,420076042001,15003,PA,"{""Convenience Stores"":203,""Sheetz"":127,""Wesbanco"":102,""ICBA"":76,""Mall"":76,""Coffee Shops"":51,""Do It Best"":51,""Gyms"":51,""Moneygram"":51,""Outdoor Shops"":51,""Pennzoil"":51,""Taco Bell"":51,""Universities and Colleges"":51,""Western Union"":51,""Whirlpool"":51,""Wineries"":51,""ACDelco"":25,""Anytime Fitness"":25,""Brewers Association"":25}","{""Convenience Stores"":432,""Sheetz"":330,""Mall"":254,""Cardtronics"":178,""Moneygram"":178,""Walmart"":178,""Western Union"":178,""Dunlop Tires"":152,""Freshpet"":152,""Gumberg Asset Management"":152,""Pennzoil"":152,""Restaurants"":152,""Gas Stations"":127,""Giant Eagle"":127,""ICBA"":127,""McDonald's"":127,""Wesbanco"":127,""GetGo Cafe + Market"":102,""Pizza Hut"":102}",295 13Th St,Optical Goods Stores ,NAICS-446130,Health and Personal Care Stores ,710,"{""US"":534}",534,"{""420076039002"":178,""420076042001"":178,""420076039001"":178}","{""42007604200"":334,""42007603900"":200}","{""420076042001"":334,""420076039001"":200}","[126,126,153,102,101,77,26]","[0,0,25,25,0,0,0,0,0,0,0,0,0,0,0,0,0,0,51,25,51,0,0,0,0,0,0,0,0,0,0,0,0,0,0,50,25,0,0,25,25,0,0,0,25,0,0,25,0,25,0,0,0,0,0,0,0,0,0,25,0,0,0,25,0,0,0,0,25,51,51,76,25,25,0,0,0,0,0,0,0,25,0,0,0,25,0,0,0,25,0,0,0,0,0,0,0,0,0,0,0,0,0,0,0,0,0,0,0,0,0,0,25,25,50,0,0,25,25,25,0,0,0,0,0,0,0,0,26,0,0,0,0,0,0,0,0,0,0,0,0,0,26,26,0,0,0,0,0,0,0,0,0,0,0,0,0,0,26,0,0,0,0,0,0,0,0,0]"
E-Z Mart,"{""<5"":534, ""5-20"":0, ""21-60"":0,""61-240"":0,"">240"":0}",Wise,2038-01-01,2017-03-26 00:00:00,2017-03-20 00:00:00,"{""ios"":483,""android"":51}",4297.0,8722212436496821205,6493602,False,US,32.908067,E-Z Mart,-96.568857,2.0,19100,447110,1970-01-01,A1_EZMA-A,6493602,481130181402,75088,TX,"{""Freshpet"":127,""Dunlop Tires"":102,""Moneygram"":102,""Western Union"":102,""Cardtronics"":76,""LA Fitness"":76,""Mall"":76,""Walmart"":76,""Convenience Stores"":51,""Event Venues"":51,""Global Net Lease"":51,""IHRSA (International Health, Racquet & Sportsclub Association)"":51,""Legacy Commercial Property"":51,""Shell Oil"":51,""Target"":51,""The American Red Cross"":51,""Walgreens"":51,""Advance Auto Parts"":25,""Airport"":25}","{""Mall"":381,""Freshpet"":356,""Dunlop Tires"":280,""Moneygram"":280,""Western Union"":280,""Cardtronics"":254,""Walmart"":254,""Convenience Stores"":178,""Shell Oil"":178,""Global Net Lease"":152,""Simon Mall"":152,""Gas Stations"":127,""Golf Courses"":127,""LA Fitness"":127,""McDonald's"":127,""Pennzoil"":127,""Target"":127,""7 Eleven"":102,""Chick-fil-A"":102}",3501 Lakeview Pkwy,Gasoline Stations with Convenience Stores ,EZMA-A,Gasoline Stations ,534,"{""US"":534}",534,"{""481130181331"":267,""481130181571"":267}","{""48113018157"":534}","{""481130181571"":534}","[51,151,25,25,76,102,103]","[0,0,0,0,0,0,0,0,0,0,0,25,0,0,25,0,0,0,0,0,0,0,0,0,0,0,0,0,0,0,0,0,0,25,0,0,0,0,25,0,0,25,0,0,25,25,25,0,0,0,0,0,0,0,0,0,0,0,0,0,0,0,0,25,0,0,0,0,0,0,0,0,0,0,0,0,0,0,0,0,0,0,0,0,0,0,0,0,25,0,0,0,0,0,0,0,0,0,0,0,0,0,0,25,0,0,0,0,0,0,0,0,0,0,25,0,0,25,0,0,0,0,0,0,0,0,0,0,0,0,0,0,0,0,0,26,0,0,26,0,0,26,26,0,0,0,0,0,0,0,0,0,0,26,0,0,0,52,0,26,0,0,0,0,0,0,0,0]"
Little Caesars,"{""<5"":560, ""5-20"":26, ""21-60"":25,""61-240"":0,"">240"":0}",Columbia,2038-01-01,2017-03-26 00:00:00,2017-03-20 00:00:00,"{""android"":381,""ios"":178}",11164.0,8748807169551006420,5534378,False,US,35.6030065,Little Caesar Enterprises Inc.,-87.0633555,3.0,34980,722513,1970-01-01,A1_LCAESAR-A,5534378,471190107002,38401,TN,"{""Western Union"":254,""Mall"":229,""Kroger"":203,""Gas Stations"":127,""Moneygram"":127,""Armstrong Flooring"":102,""Freshpet"":102,""Kroger Fuel Center"":102,""McDonald's"":102,""Restaurants"":102,""Smoothie and Juice Bars"":102,""Dunlop Tires"":76,""Lowe's"":76,""Truck Stops"":76,""Walgreens"":76,""Walmart"":76,""Advance America"":51,""Cardtronics"":51,""Chick-fil-A"":51}","{""Mall"":432,""Western Union"":381,""Dunlop Tires"":305,""Kroger"":305,""Gas Stations"":280,""Moneygram"":280,""McDonald's"":254,""Pennzoil"":254,""Walmart"":254,""Kroger Fuel Center"":229,""Armstrong Flooring"":203,""Convenience Stores"":203,""Restaurants"":203,""Sodastream"":203,""Freshpet"":152,""Hospitals"":152,""Smoothie and Juice Bars"":152,""Taco Bell"":152,""Truck Stops"":152}",1202 S James Campbell Blvd,Limited-Service Restaurants ,LCAESAR-A,Restaurants and Other Eating Places,610,"{""US"":559}",559,"{""471190103011"":280,""471190102014"":279}","{""47119011200"":187,""47119010700"":186,""47119010301"":186}","{""471190103011"":187,""471190112001"":186,""471190107002"":186}","[76,202,51,25,0,179,77]","[0,0,0,0,0,0,0,25,51,25,0,0,0,0,0,0,0,0,0,0,0,0,0,0,0,0,25,0,0,0,0,0,0,25,0,50,25,0,0,25,25,0,25,0,0,0,0,0,0,0,0,0,0,0,0,0,0,0,0,0,0,0,25,25,0,0,0,0,0,0,0,0,0,0,0,0,0,0,0,0,0,0,0,0,0,0,0,0,0,0,0,0,25,0,0,0,0,0,0,0,0,0,0,0,0,0,0,0,0,0,0,0,0,0,0,0,0,0,0,0,0,0,0,0,0,0,0,0,26,26,26,0,0,0,51,26,0,0,0,0,26,0,0,0,0,0,0,0,0,0,0,26,0,0,0,26,0,0,0,0,0,0,0,26,0,0,0,0]"
Salvation Army,"{""<5"":558, ""5-20"":51, ""21-60"":0,""61-240"":51,"">240"":76}",London,2038-01-01,2017-03-26 00:00:00,2017-03-20 00:00:00,"{""android"":457,""ios"":102}",16344.0,8160737692727852736,6244335,False,US,41.356635,The Salvation Army,-72.096716,120.0,35980,453310,1970-01-01,A1_SLVA-A,6244335,090116905002,06320,CT,"{""Boys & Girls Clubs of America"":534,""Mall"":127,""Universities and Colleges"":127,""Event Venues"":102,""HRSA Data Warehouse"":76,""Hotel"":76,""Moneygram"":76,""Police Protection"":76,""Restaurants"":76,""Western Union"":76,""Cedar Realty Trust"":51,""Dunlop Tires"":51,""Freshpet"":51,""Gyms"":51,""Hankook Tire"":51,""Holiday Inn"":51,""KPR Properties"":51,""Shoprite"":51,""Sodastream"":51}","{""Boys & Girls Clubs of America"":534,""Mall"":432,""Restaurants"":229,""Dunkin Donuts"":203,""HRSA Data Warehouse"":203,""Hotel"":203,""Stop & Shop"":203,""Convenience Stores"":178,""Event Venues"":178,""Grocery Stores"":178,""Moneygram"":178,""Western Union"":178,""Freshpet"":152,""LAZ Parking"":152,""Police Protection"":152,""Universities and Colleges"":152,""Brixmor Property Group"":127,""Dunlop Tires"":127,""Holiday Inn"":127}",11 Governor Winthrop Blvd.,Used Merchandise Stores ,SLVA-A,Used Merchandise Stores ,736,"{""US"":559}",559,"{""090116907001"":280,""090116905002"":279}",None,None,"[76,151,254,127,50,77,0]","[0,0,0,0,0,0,0,25,0,0,0,25,0,0,0,0,25,0,0,0,0,0,0,0,0,0,0,0,0,0,0,0,0,0,25,0,25,25,25,0,25,25,25,0,0,0,0,0,0,0,0,0,0,0,0,25,25,25,51,25,76,76,51,76,0,0,25,0,0,0,0,0,0,0,0,0,0,0,0,0,0,0,0,0,25,0,0,51,0,0,51,51,25,0,0,0,0,0,0,0,0,0,25,0,0,0,25,0,0,0,0,0,0,0,0,0,0,0,0,0,0,0,0,0,0,0,0,0,0,0,0,0,26,26,0,0,26,0,0,0,0,0,0,0,0,0,0,0,0,0,0,0,0,0,0,0,0,0,0,0,0,0,0,0,0,0,0,0]"
Grocery Stores,"{""<5"":611, ""5-20"":25, ""21-60"":0,""61-240"":51,"">240"":127}",Miami,2038-01-01,2017-03-26 00:00:00,2017-03-20 00:00:00,"{""android"":534,""ios"":25}",3439.0,8580947492354460525,13105851,False,US,25.5659335,Davis Grocery,-80.386828,18.0,33100,445110,1970-01-01,A1_GROCERY-A,13105851,120860104001,33170-2803,FL,"{""Western Union"":330,""Mall"":254,""Hotel"":203,""Moneygram"":203,""Convenience Stores"":127,""Office Building"":127,""Sunshine Gasoline Distributors"":127,""U Haul"":127,""Cardtronics"":102,""Family Dollar Stores"":102,""Freshpet"":102,""Home Depot"":102,""Hospitals"":102,""McDonald's"":102,""Nightclubs"":102,""Publix"":102,""Regency Centers"":102,""Restaurants"":102,""U.S. Ports"":102}","{""Western Union"":508,""Mall"":457,""Restaurants"":381,""Hotel"":330,""Moneygram"":330,""Publix"":330,""Cardtronics"":305,""U Haul"":280,""Convenience Stores"":254,""Freshpet"":254,""Regency Centers"":254,""Sunshine Gasoline Distributors"":254,""Office Building"":229,""Walgreens"":229,""Hospitals"":203,""IHRSA (International Health, Racquet & Sportsclub Association)"":203,""McDonald's"":203,""U.S. Ports"":203,""Walmart"":203}",21630 SW 120th Ave,Supermarkets and Other Grocery (except Convenience) Stores ,GROCERY-A,Grocery Stores ,815,"{""US"":559}",559,"{""120860104001"":559}",None,None,"[25,151,127,127,76,153,155]","[0,0,0,0,0,0,0,0,0,0,0,0,0,25,25,25,25,25,25,25,25,0,0,0,0,0,0,0,0,0,0,0,25,0,0,0,25,25,25,50,76,50,25,25,25,0,0,0,0,0,0,0,0,25,0,0,0,25,0,0,0,0,25,51,0,25,0,0,25,0,0,0,0,25,0,0,0,25,0,0,0,0,0,0,0,0,25,0,0,0,25,0,25,0,0,0,0,0,0,0,0,0,0,0,0,0,25,0,0,0,25,0,25,0,0,0,0,0,0,0,26,0,0,0,0,0,0,0,0,0,0,0,26,26,77,51,26,0,0,26,51,0,0,0,0,0,0,0,0,0,0,0,0,0,0,0,26,52,52,26,0,0,26,52,0,26,26,0]"
All Other Miscellaneous Store Retailers (except Tobacco Stores),"{""<5"":507, ""5-20"":51, ""21-60"":0,""61-240"":0,"">240"":25}",LOS ANGELES,2038-01-01,2017-03-26 00:00:00,2017-03-20 00:00:00,"{""android"":559,""ios"":25}",3490.0,8601946504370120263,12288179,False,US,33.963367,GREENFIELD DAIRY,-118.300554,15.0,31080,453998,1970-01-01,A1_NAICS-453998,12288179,060372382004,90044,CA,"{""Grocery Stores"":356,""Mall"":127,""Western Union"":127,""Cardtronics"":102,""Office Building"":102,""Moneygram"":76,""Restaurants"":76,""Universities and Colleges"":76,""Walgreens"":76,""Convenience Stores"":51,""El Pollo Loco"":51,""FedEx"":51,""Greystar"":51,""Hankook Tire"":51,""Hotel"":51,""LAZ Parking"":51,""McDonald's"":51,""Toys R Us"":51,""Travelers"":51}","{""Mall"":457,""Cardtronics"":432,""Grocery Stores"":432,""Western Union"":407,""Restaurants"":356,""Office Building"":305,""Moneygram"":280,""Convenience Stores"":203,""Hotel"":178,""McDonald's"":178,""Starbucks"":178,""Universities and Colleges"":178,""Walgreens"":178,""7 Eleven"":152,""Courts"":152,""Food 4 Less"":152,""Freshpet"":152,""Live Nation Promoted Venues"":152,""Boost Mobile"":127}",8303 SOUTH NORMANDIE AVENUE,All Other Miscellaneous Store Retailers (except Tobacco Stores) ,NAICS-453998,Other Miscellaneous Store Retailers ,584,"{""US"":584}",584,None,"{""06037238200"":584}","{""060372382001"":584}","[76,76,25,152,126,51,77]","[0,0,0,0,0,0,0,0,51,0,0,0,0,0,25,0,0,0,0,0,0,0,0,0,0,0,0,0,0,0,0,0,0,0,0,0,0,0,0,25,0,0,25,25,0,0,0,0,0,0,0,0,0,0,0,0,0,0,0,0,0,0,0,0,25,0,0,0,0,0,0,0,0,0,0,0,0,0,0,0,0,0,0,51,0,0,0,0,0,51,51,0,0,25,0,0,0,0,0,0,0,0,0,0,0,0,0,0,0,0,25,25,0,25,25,25,0,0,0,0,0,0,0,0,0,0,0,0,0,26,0,0,26,0,0,0,0,0,0,0,0,0,0,0,0,0,0,0,0,0,0,0,0,0,26,52,26,0,0,0,0,0,0,0,0,0,0,0]"
Used Car Dealers,"{""<5"":406, ""5-20"":202, ""21-60"":50,""61-240"":26,"">240"":127}",Sheffield,2038-01-01,2017-03-26 00:00:00,2017-03-20 00:00:00,"{""android"":381,""ios"":203}",13292.0,1515594750405654070,10515456,False,US,42.1583204,Used Car Dealers,-73.3646835,19.0,38340,441120,1970-01-01,A1_NAICS-441120,10515456,250039261001,1257,MA,"{""The Hartford Auto Repair Shops"":407,""Mall"":178,""Western Union"":152,""Convenience Stores"":102,""Freshpet"":76,""Hotel"":76,""Agway"":51,""Big Y Foods"":51,""Do It Best"":51,""Golf Courses"":51,""Gulf Oil"":51,""McDonald's"":51,""Progressive"":51,""Restaurants"":51,""Stop & Shop"":51,""Sunoco"":51,""The Hartford"":51,""Truck Stops"":51,""U Haul"":51}","{""Mall"":407,""The Hartford Auto Repair Shops"":407,""Western Union"":254,""Hotel"":203,""Freshpet"":178,""Convenience Stores"":152,""Dunlop Tires"":152,""McDonald's"":152,""Moneygram"":152,""Restaurants"":152,""Stop & Shop"":152,""Big Y Foods"":127,""Truck Stops"":127,""Walmart"":127,""Marshalls"":102,""Sodastream"":102,""The Hartford"":102,""Travelers"":102,""USPS"":102}",1924 N Main St,Used Car Dealers ,NAICS-441120,Automobile Dealers ,811,"{""US"":585}",585,"{""250039261001"":264,""250039251025"":107,""090052602001"":107,""250039251021"":107}","{""25003926100"":324,""25003925102"":131,""09005260200"":130}","{""250039261001"":194,""090052602001"":131,""250039251025"":130,""250039261004"":130}","[101,151,127,102,176,128,26]","[0,0,0,0,0,0,0,25,25,25,25,51,25,25,25,25,0,25,0,25,0,0,0,0,0,0,0,0,0,0,0,25,25,50,25,76,50,50,0,50,0,0,0,0,0,0,0,0,0,0,0,0,0,0,0,51,25,25,51,25,0,25,51,0,25,0,0,0,0,0,0,0,0,0,0,0,0,0,0,25,25,25,25,76,51,25,0,25,25,0,0,0,0,0,0,0,0,0,0,0,0,0,0,50,50,0,50,25,25,0,25,76,25,0,0,0,0,0,0,0,26,0,0,0,0,0,0,51,0,0,51,26,0,0,0,26,0,0,0,0,0,0,0,0,0,0,0,0,0,0,0,0,0,0,0,0,0,0,0,0,0,26,0,0,0,0,0,0]"
Beauty Salons,"{""<5"":585, ""5-20"":76, ""21-60"":25,""61-240"":25,"">240"":51}",Sunnyside,2038-01-01,2017-03-26 00:00:00,2017-03-20 00:00:00,"{""android"":407,""ios"":178}",8580.0,8627603400809754196,9564032,False,US,40.7468796,Beauty Salons,-73.9219208,34.0,35620,812112,1970-01-01,A1_NAICS-812112,9564032,360810181021,11104,NY,"{""U.S. Ports"":585,""NYC Parks"":407,""Office Building"":305,""Moneygram"":229,""Allsites Union"":203,""Coarse All Geometries"":203,""Parents Zones GroundTruth Foreverwild"":203,""GroundTruth and Zones NOT Plgd-Beach-Rec-Golf"":152,""Parents 7 plus overlapping zones"":152,""Western Union"":152,""Coarse 1 overlapping zone"":127,""Coarse 7 plus overlapping zones"":127,""Hotel"":102,""Live Nation Promoted Venues"":102,""Playgrounds Allsites FullParents InternalZones"":102,""Airport"":76,""Coarse 2 to 6 overlapping zones area under million sq ft"":76,""Gulf Oil"":76,""Mall"":76}","{""U.S. Ports"":585,""NYC Parks"":508,""Allsites Union"":407,""Coarse All Geometries"":407,""Office Building"":407,""Parents Zones GroundTruth Foreverwild"":407,""Western Union"":407,""Parents 7 plus overlapping zones"":330,""Mall"":305,""Moneygram"":305,""Universities and Colleges"":305,""Hotel"":280,""Coarse 1 overlapping zone"":254,""Coarse 2 to 6 overlapping zones area under million sq ft"":254,""Coarse 7 plus overlapping zones"":254,""Coffee Shops"":254,""GroundTruth and Zones NOT Plgd-Beach-Rec-Golf"":254,""Live Nation Promoted Venues"":254,""Grocery Stores"":229}",4108 42Nd St,Beauty Salons ,NAICS-812112,Personal Care Services ,763,"{""US"":585}",585,"{""360810181021"":585}","{""36081018102"":585}","{""360810181021"":585}","[152,50,153,102,101,102,103]","[0,0,0,0,0,25,0,0,76,0,25,0,0,0,0,0,0,25,0,0,0,0,0,0,0,0,0,0,0,0,0,0,0,0,0,0,0,0,25,0,0,25,0,0,0,0,0,0,0,0,0,0,25,0,25,25,25,0,0,25,0,0,0,51,0,0,0,0,0,0,0,0,0,0,0,0,0,0,0,25,0,25,25,0,25,0,25,0,0,25,0,0,0,25,0,0,0,0,0,0,0,0,0,0,0,25,0,0,25,0,0,25,0,0,0,0,0,0,0,0,0,0,0,0,0,0,26,0,26,0,0,0,26,0,0,0,26,26,26,0,0,0,0,0,26,0,0,0,0,0,0,0,0,0,26,0,26,0,0,0,0,0,26,0,0,0,0,0]"
Scooter's Coffee,"{""<5"":356, ""5-20"":25, ""21-60"":76,""61-240"":152,"">240"":0}",Cedar Rapids,2038-01-01,2017-03-26 00:00:00,2017-03-20 00:00:00,"{""ios"":356,""android"":229}",5817.0,5891580611847597954,5961942,False,US,42.048498,Scooter's Coffee,-91.639144,68.0,16300,722515,2016-08-02,A1_SCOOTR-A,5961942,191130002111,52402,IA,"{""Freshpet"":152,""Mall"":152,""Washington Prime Group"":127,""Whirlpool"":127,""Target"":102,""Convenience Stores"":51,""Fire Protection"":51,""Golf Courses"":51,""Gyms"":51,""Hospitals"":51,""Hy-Vee"":51,""Keds"":51,""Restaurants"":51,""Sodastream"":51,""Universities and Colleges"":51,""AT&T"":25,""Audiologists"":25,""Auto Value"":25,""Buffalo Wild Wings"":25}","{""Mall"":381,""Freshpet"":305,""Whirlpool"":280,""Washington Prime Group"":229,""Western Union"":229,""Moneygram"":203,""Hy-Vee"":178,""Dunlop Tires"":152,""Restaurants"":152,""Sodastream"":152,""Starbucks"":152,""Universities and Colleges"":152,""Convenience Stores"":127,""Hospitals"":127,""Target"":127,""Walmart"":127,""Auto Value"":102,""Best Buy"":102,""Bumper to Bumper Canada"":102}",7037 C Avenue Northeast,Snack and Nonalcoholic Beverage Bars ,SCOOTR-A,Restaurants and Other Eating Places,610,"{""US"":585}",585,"{""191130105001"":195,""191130001012"":195,""191130009023"":195}","{""19113000211"":195,""19113000102"":195,""19113010500"":195}","{""191130002112"":195,""191130105001"":195,""191130001023"":195}","[51,126,76,102,76,128,52]","[0,0,0,0,0,0,0,0,0,25,0,0,0,0,0,25,0,0,0,0,0,0,0,0,0,0,0,0,0,0,0,0,25,25,25,0,0,0,25,0,50,76,0,25,25,0,0,0,0,0,0,0,0,0,25,25,0,0,0,0,0,25,0,0,0,25,0,0,0,0,0,0,0,0,0,0,0,0,0,25,0,25,0,0,0,0,0,0,25,0,25,25,0,0,0,0,0,0,0,0,0,0,0,0,25,50,25,0,0,0,25,0,0,0,0,0,0,0,0,0,0,0,0,0,0,0,0,0,0,51,77,26,0,0,0,0,0,0,0,0,26,0,0,0,0,0,0,0,0,0,0,0,0,0,0,26,0,0,0,0,0,26,0,0,0,0,0,0]"
Tobacco Stores,"{""<5"":558, ""5-20"":51, ""21-60"":25,""61-240"":25,"">240"":101}",Brooklyn,2038-01-01,2017-03-26 00:00:00,2017-03-20 00:00:00,"{""android"":432,""ios"":178}",1450.0,8975702713672941612,8354237,False,US,40.6237602,Tobacco Stores,-74.0040512,21.0,35620,453991,1970-01-01,A1_NAICS-453991,8354237,360470196003,11228,NY,"{""U.S. Ports"":610,""NYC Parks"":381,""Allsites Union"":178,""Coarse All Geometries"":178,""Parents Zones GroundTruth Foreverwild"":178,""Western Union"":178,""Grocery Stores"":127,""Office Building"":127,""Advan"":102,""Coarse 2 to 6 overlapping zones area under million sq ft"":102,""GroundTruth and Zones NOT Plgd-Beach-Rec-Golf"":102,""Parents 2 to 6 overlapping zones area under million sq ft"":102,""Parents 7 plus overlapping zones"":102,""Restaurants"":102,""Ports"":76,""Walgreens"":76,""Coarse 7 plus overlapping zones"":51,""Delicatessens"":51,""Forever Wild"":51}","{""U.S. Ports"":610,""NYC Parks"":559,""Parents Zones GroundTruth Foreverwild"":330,""Allsites Union"":305,""Coarse All Geometries"":305,""Western Union"":305,""GroundTruth and Zones NOT Plgd-Beach-Rec-Golf"":254,""Restaurants"":254,""Grocery Stores"":229,""Office Building"":229,""Advan"":203,""Coarse 2 to 6 overlapping zones area under million sq ft"":203,""Coffee Shops"":203,""Delicatessens"":203,""Hospitals"":178,""Parents 2 to 6 overlapping zones area under million sq ft"":178,""Parents 7 plus overlapping zones"":178,""Live Nation Promoted Venues"":152,""Coarse 1 overlapping zone"":127}",6906 13Th Ave,Tobacco Stores ,NAICS-453991,Other Miscellaneous Store Retailers ,761,"{""US"":610}",610,"{""360470116001"":204,""360470208001"":203,""360470196003"":203}","{""36047011600"":204,""36047020800"":203,""36047019600"":203}","{""360470116001"":204,""360470196003"":203,""360470208001"":203}","[152,202,153,51,76,77,52]","[0,0,0,0,0,25,0,25,0,0,0,0,25,25,51,25,0,0,0,0,25,25,0,0,0,25,0,0,0,25,0,25,25,50,0,0,0,0,0,50,0,0,0,25,25,0,25,0,0,0,0,0,0,0,0,25,25,25,0,25,51,51,25,0,0,25,0,0,25,0,0,0,0,0,0,0,0,0,0,25,25,25,0,0,25,25,51,0,0,0,0,0,0,0,0,0,0,0,0,0,0,0,0,0,0,0,25,0,0,0,25,0,0,0,25,0,0,0,0,0,0,0,0,0,0,0,0,0,0,0,0,0,0,26,0,0,0,51,0,0,0,0,0,0,26,0,0,0,0,0,0,0,0,0,0,0,0,0,0,26,0,0,0,0,0,0,0,0]"
Monsanto Asgrow and Dekalb,"{""<5"":0, ""5-20"":0, ""21-60"":0,""61-240"":26,"">240"":0}",Headland,2018-06-07,2017-02-12 00:00:00,2017-02-06 00:00:00,"{""ios"":26}",None,444641859931870294,3752640,True,US,31.3729567,Monsanto Company,-85.3181425,135.0,20020,325320,1970-01-01,A1_MON,3752640,010670305002,36345,AL,None,None,9054 County Road 45 S,Pesticide and Other Agricultural Chemical Manufacturing,MON,"Pesticide, Fertilizer, and Other Agricultural Chemical Manufacturing",26,None,26,None,None,None,"[26,0,0,0,0,0,0]","[0,0,0,0,0,0,0,0,0,26,0,26,0,0,0,0,0,0,0,0,0,0,0,0,0,0,0,0,0,0,0,0,0,0,0,0,0,0,0,0,0,0,0,0,0,0,0,0,0,0,0,0,0,0,0,0,0,0,0,0,0,0,0,0,0,0,0,0,0,0,0,0,0,0,0,0,0,0,0,0,0,0,0,0,0,0,0,0,0,0,0,0,0,0,0,0,0,0,0,0,0,0,0,0,0,0,0,0,0,0,0,0,0,0,0,0,0,0,0,0,0,0,0,0,0,0,0,0,0,0,0,0,0,0,0,0,0,0,0,0,0,0,0,0,0,0,0,0,0,0,0,0,0,0,0,0,0,0,0,0,0,0,0,0,0,0,0,0]"
National Storage Affiliates,"{""<5"":26, ""5-20"":0, ""21-60"":0,""61-240"":0,"">240"":0}",Indio,2038-01-01,2017-02-12 00:00:00,2017-02-06 00:00:00,"{""ios"":26}",None,82839818282319446,5717758,False,US,33.7360425,National Storage Affiliates,-116.235157,None,40140,531130,1970-01-01,A1_NSA,5717758,060650452091,92201,CA,"{""AT&T"":26,""Bright Now Dental"":26,""Cardtronics"":26,""CrossFit"":26,""Dunlop Tires"":26,""Freshpet"":26,""Gyms"":26,""Mall"":26,""Marshalls"":26,""McDonald's"":26,""Moneygram"":26,""Regency Centers"":26,""Rue21"":26,""Sally Beauty"":26,""SmartStyle Hair Salons"":26,""Starbucks"":26,""StorAmerica Self Storage"":26,""Walgreens"":26,""Walmart"":26}","{""ARCO"":26,""AT&T"":26,""Bright Now Dental"":26,""Cardtronics"":26,""CrossFit"":26,""Dunlop Tires"":26,""FedEx"":26,""Freshpet"":26,""Golf Courses"":26,""Gyms"":26,""Ice Cream Parlors"":26,""Mall"":26,""Marshalls"":26,""McDonald's"":26,""Moneygram"":26,""Pronto (National Pronto Association)"":26,""Regency Centers"":26,""Rue21"":26,""Sally Beauty"":26}",43421 Monroe St,Lessors of Miniwarehouses and Self-Storage Units ,NSA,Lessors of Real Estate,26,None,26,None,None,None,"[0,0,0,0,26,0,0]","[0,0,0,0,0,0,0,0,0,0,0,0,0,0,0,0,0,0,0,0,0,0,0,0,0,0,0,0,0,0,0,0,0,0,0,0,0,0,0,0,0,0,0,0,0,0,0,0,0,0,0,0,0,0,0,0,0,0,0,0,0,0,0,0,0,0,0,0,0,0,0,0,0,0,0,0,0,0,0,0,0,0,0,0,0,0,0,0,0,0,0,0,0,0,0,0,0,0,0,0,0,0,0,0,0,0,0,0,26,0,0,0,0,0,0,0,0,0,0,0,0,0,0,0,0,0,0,0,0,0,0,0,0,0,0,0,0,0,0,0,0,0,0,0,0,0,0,0,0,0,0,0,0,0,0,0,0,0,0,0,0,0,0,0,0,0,0,0]"
Electronics Stores,"{""<5"":52, ""5-20"":0, ""21-60"":0,""61-240"":0,"">240"":0}",Farmington,2038-01-01,2017-02-12 00:00:00,2017-02-06 00:00:00,"{""android"":26,""ios"":26}",None,900531143739795550,8173338,False,US,42.4689217,Electronics Stores,-83.4079819,None,19820,443142,1970-01-01,A1_NAICS-443142,8173338,261251689022,48335,MI,"{""BP"":26,""BoA"":26,""EVTS"":26,""Grocery Stores"":26,""Hospitals"":26,""Moneygram"":26,""Ports"":26,""Western Union"":26}","{""Ace Hardware"":26,""BP"":26,""BoA"":26,""Brewers Association"":26,""CVS"":26,""Cardtronics"":26,""Chevrolet"":26,""Dunlop Tires"":26,""EVTS"":26,""Emagine"":26,""FedEx"":26,""Freshpet"":26,""Grocery Stores"":26,""Hospitals"":26,""KFC"":26,""Mall"":26,""Moneygram"":26,""OfficeMax"":26,""Ports"":26}",36528 Grand River Ave,Electronics Stores ,NAICS-443142,Electronics and Appliance Stores ,52,None,51,None,None,None,"[26,0,0,0,0,26,0]","[0,0,0,0,0,26,0,0,0,0,0,0,0,0,0,0,0,0,0,0,0,0,0,0,0,0,0,0,0,0,0,0,0,0,0,0,0,0,0,0,0,0,0,0,0,0,0,0,0,0,0,0,0,0,0,0,0,0,0,0,0,0,0,0,0,0,0,0,0,0,0,0,0,0,0,0,0,0,0,0,0,0,0,0,0,0,0,0,0,0,0,0,0,0,0,0,0,0,0,0,0,0,0,0,0,0,0,0,0,0,0,0,0,0,0,0,0,0,0,0,0,0,0,0,0,0,0,0,26,0,0,0,0,0,0,0,0,0,0,0,0,0,0,0,0,0,0,0,0,0,0,0,0,0,0,0,0,0,0,0,0,0,0,0,0,0,0,0]"
Grocery Stores,"{""<5"":51, ""5-20"":0, ""21-60"":0,""61-240"":26,"">240"":26}",Harmony,2038-01-01,2017-02-12 00:00:00,2017-02-06 00:00:00,"{""android"":26,""ios"":26}",None,3852094647627949981,13134020,False,US,42.0169365,Stevens Brothers,-79.499253,172.0,27460,445110,1970-01-01,A1_GROCERY-A,13134020,360130368022,14767-9651,NY,"{""CITGO"":26,""Convenience Stores"":26,""Country Fair"":26}","{""CITGO"":26,""Chrysler"":26,""Convenience Stores"":26,""Country Fair"":26,""Gas Stations"":26,""Golf Courses"":26,""Grocery Stores"":26,""Health Mart"":26,""Mobil"":26,""Truck Stops"":26,""Western Union"":26}",392 Goshen Rd,Supermarkets and Other Grocery (except Convenience) Stores ,GROCERY-A,Grocery Stores ,102,None,51,None,None,None,"[0,25,0,26,51,0,0]","[0,0,0,0,0,0,0,0,0,0,0,0,0,0,0,0,0,0,0,0,0,0,0,0,0,0,0,0,0,0,25,0,0,0,0,0,0,0,0,0,0,0,0,0,0,0,0,0,0,0,0,0,0,0,0,0,0,0,0,0,0,0,0,0,0,0,0,0,0,0,0,0,0,0,0,0,0,0,0,26,26,26,26,0,0,0,0,0,0,0,0,0,0,0,0,0,0,0,0,0,0,0,26,26,0,51,26,26,26,0,0,0,0,0,0,0,0,0,0,0,0,0,0,0,0,0,0,0,0,0,0,0,0,0,0,0,0,0,0,0,0,0,0,0,0,0,0,0,0,0,0,0,0,0,0,0,0,0,0,0,0,0,0,0,0,0,0,0]"
Full-Service Restaurants,"{""<5"":52, ""5-20"":0, ""21-60"":0,""61-240"":0,"">240"":0}",Sarasota,2038-01-01,2017-02-12 00:00:00,2017-02-06 00:00:00,"{""ios"":51}",None,8615805704915045865,8941018,False,US,27.3474903,Full-Service Restaurants,-82.5303726,None,35840,722511,1970-01-01,A1_NAICS-722511,8941018,121150002001,34236,FL,"{""Mall"":51,""Dollar Tree"":26,""IHRSA (International Health, Racquet & Sportsclub Association)"":26,""Inven Trust Properties"":26,""Sodastream"":26,""Staples"":26,""Wells Fargo Advisors"":26,""Western Union"":26,""Westfield Corporation"":26}","{""Mall"":51,""Best Western"":26,""BoA"":26,""Chevron"":26,""Convenience Stores"":26,""Dollar Tree"":26,""Event Venues"":26,""Golf Courses"":26,""Hotel"":26,""Hungry Howie's Pizza & Subs"":26,""IHRSA (International Health, Racquet & Sportsclub Association)"":26,""Inven Trust Properties"":26,""Jimmy John's"":26,""Longhorn Steakhouse"":26,""Nursing Homes"":26,""Orangetheory"":26,""Phillips Edison"":26,""Publix"":26,""Red Lobster"":26}",1156 N Washington Blvd,Full-Service Restaurants ,NAICS-722511,Restaurants and Other Eating Places,52,None,51,None,None,None,"[0,0,0,26,0,26,0]","[0,0,0,0,0,0,0,0,0,0,0,0,0,0,0,0,0,0,0,0,0,0,0,0,0,0,0,0,0,0,0,0,0,0,0,0,0,0,0,0,0,0,0,0,0,0,0,0,0,0,0,0,0,0,0,0,0,0,0,0,0,0,0,0,0,0,0,0,0,0,0,0,0,0,0,0,0,0,0,0,0,0,0,0,0,0,0,26,0,0,0,0,0,0,0,0,0,0,0,0,0,0,0,0,0,0,0,0,0,0,0,0,0,0,0,0,0,0,0,0,0,0,0,0,0,0,0,0,0,0,0,0,0,0,0,0,0,0,0,26,0,0,0,0,0,0,0,0,0,0,0,0,0,0,0,0,0,0,0,0,0,0,0,0,0,0,0,0]"
Enterprise Rent-A-Car ,"{""<5"":52, ""5-20"":0, ""21-60"":0,""61-240"":0,"">240"":0}",San Antonio,2038-01-01,2017-02-12 00:00:00,2017-02-06 00:00:00,"{""android"":26,""ios"":26}",None,7597213856108324442,5720655,False,US,29.5036535,Enterprise Rent-A-Car ,-98.560404,None,41700,532111,1970-01-01,A1_ENTCAR-A,5720655,480291810041,78229,TX,"{""Mall"":51,""CHRISTUS Health"":26,""Dunlop Tires"":26,""Freshpet"":26,""HCA"":26,""Lenny's Sub Shop"":26,""Moneygram"":26,""QBE Insurance"":26,""Salon Boutique"":26,""The Hartford"":26,""Travelers"":26,""Walmart"":26,""Western Union"":26}","{""Cardtronics"":51,""Freshpet"":51,""H-E-B"":51,""Mall"":51,""Time Warner"":51,""Western Union"":51,""American Gem Society"":26,""CHRISTUS Health"":26,""Car Rental Agencies"":26,""Convention Centers"":26,""Dunlop Tires"":26,""EVTS"":26,""Eye Med"":26,""FedEx"":26,""Grocery Stores"":26,""Guess"":26,""HCA"":26,""Helzberg Diamonds"":26,""Lenny's Sub Shop"":26}",5202 Fredericksburg Road,Passenger Car Rental ,ENTCAR-A,Automotive Equipment Rental and Leasing,52,None,51,None,None,None,"[0,0,0,26,0,26,0]","[0,0,0,0,0,0,0,0,0,0,0,0,0,0,0,0,0,0,0,0,0,0,0,0,0,0,0,0,0,0,0,0,0,0,0,0,0,0,0,0,0,0,0,0,0,0,0,0,0,0,0,0,0,0,0,0,0,0,0,0,0,0,0,0,0,0,0,0,0,0,0,0,0,0,0,0,0,0,0,0,0,0,0,0,26,0,0,0,0,0,0,0,0,0,0,0,0,0,0,0,0,0,0,0,0,0,0,0,0,0,0,0,0,0,0,0,0,0,0,0,0,0,0,0,0,0,0,0,0,26,0,0,0,0,0,0,0,0,0,0,0,0,0,0,0,0,0,0,0,0,0,0,0,0,0,0,0,0,0,0,0,0,0,0,0,0,0,0]"
Edward Jones,"{""<5"":51, ""5-20"":0, ""21-60"":0,""61-240"":0,"">240"":0}",Mckinney,2038-01-01,2017-02-12 00:00:00,2017-02-06 00:00:00,"{""android"":26,""ios"":26}",None,8112253286621608307,6250934,False,US,33.163241,"Edward D. Jones & Co., L.P.",-96.6801475,None,19100,523120,1970-01-01,A1_EJNS-A,6250934,480850305501,75070,TX,"{""Polaris"":26,""RaceTrac"":26,""Victory Motorcycles"":26}","{""Cardtronics"":51,""Convenience Stores"":51,""Dunlop Tires"":51,""Freshpet"":51,""Mall"":51,""Moneygram"":51,""Walmart"":51,""Western Union"":51,""AAA/CAA Auto Repair - Authorized Providers"":26,""Armstrong Flooring"":26,""Bank of the Ozarks"":26,""Blue Buffalo"":26,""Boston's Restaurant & Sports Bar"":26,""Burger Street"":26,""Buzztime"":26,""Chaco"":26,""Christian Brothers Automotive"":26,""Costco"":26,""Dairy Queen"":26}",3725 S Lake Forest Dr|Suite 112,Securities Brokerage ,EJNS-A,Securities and Commodity Contracts Intermediation and Brokerage,51,None,51,None,None,None,"[0,25,25,0,0,0,0]","[0,0,0,0,0,0,0,0,0,0,0,0,0,0,0,0,0,0,0,0,0,0,0,0,0,0,0,0,0,0,0,0,0,0,0,0,0,0,0,25,0,0,0,0,0,0,0,0,0,0,0,0,0,0,0,0,0,0,0,0,0,0,0,0,0,25,0,0,0,0,0,0,0,0,0,0,0,0,0,0,0,0,0,0,0,0,0,0,0,0,0,0,0,0,0,0,0,0,0,0,0,0,0,0,0,0,0,0,0,0,0,0,0,0,0,0,0,0,0,0,0,0,0,0,0,0,0,0,0,0,0,0,0,0,0,0,0,0,0,0,0,0,0,0,0,0,0,0,0,0,0,0,0,0,0,0,0,0,0,0,0,0,0,0,0,0,0,0]"
Full-Service Restaurants,"{""<5"":51, ""5-20"":0, ""21-60"":0,""61-240"":0,"">240"":0}",Petoskey,2038-01-01,2017-02-12 00:00:00,2017-02-06 00:00:00,"{""android"":26,""ios"":26}",None,232591126893371164,8824754,False,US,45.3829994,Full-Service Restaurants,-84.9420471,None,None,722511,1970-01-01,A1_NAICS-722511,8824754,260479707001,49770,MI,"{""Armstrong Flooring"":26,""Big Boy"":26,""Convenience Stores"":26,""Covetrus"":26,""Crocs"":26,""Gas Stations"":26,""Grocery Stores"":26,""Home Depot"":26,""Pennzoil"":26,""Phillips Edison"":26,""Progressive"":26,""Verizon"":26}","{""Armstrong Flooring"":51,""Phillips Edison"":51,""B.C. Pizza"":26,""Big Boy"":26,""Biggby Coffee"":26,""ChargePoint"":26,""Convenience Stores"":26,""Covetrus"":26,""Crocs"":26,""Dunlop Tires"":26,""Edward Jones"":26,""Ez Mart Blarney Castle Oil"":26,""Family Fare"":26,""FedEx"":26,""Fraternal Order of Eagles"":26,""Freshpet"":26,""Gas Stations"":26,""Golf Courses"":26,""Grocery Stores"":26}",1099 N Us Highway 31,Full-Service Restaurants ,NAICS-722511,Restaurants and Other Eating Places,51,None,51,None,None,None,"[0,25,25,0,0,0,0]","[0,0,0,0,0,0,0,0,0,0,0,0,0,0,0,0,0,0,0,0,0,0,0,0,0,0,0,0,0,25,0,0,0,0,0,0,0,0,0,0,0,0,0,0,0,0,0,0,0,0,0,0,0,0,0,0,0,0,25,0,0,0,0,0,0,0,0,0,0,0,0,0,0,0,0,0,0,0,0,0,0,0,0,0,0,0,0,0,0,0,0,0,0,0,0,0,0,0,0,0,0,0,0,0,0,0,0,0,0,0,0,0,0,0,0,0,0,0,0,0,0,0,0,0,0,0,0,0,0,0,0,0,0,0,0,0,0,0,0,0,0,0,0,0,0,0,0,0,0,0,0,0,0,0,0,0,0,0,0,0,0,0,0,0,0,0,0,0]"
Full-Service Restaurants,"{""<5"":51, ""5-20"":0, ""21-60"":0,""61-240"":0,"">240"":0}",Artesia,2038-01-01,2017-02-12 00:00:00,2017-02-06 00:00:00,"{""android"":51}",None,9063351169597319785,8973646,False,US,33.8560486,Full-Service Restaurants,-118.0822525,None,31080,722511,1970-01-01,A1_NAICS-722511,8973646,060375549005,90701,CA,"{""Citibank"":26,""Gyms"":26,""Macerich"":26,""New York & Company"":26}","{""Restaurants"":51,""99 Cents Only Stores"":26,""Avalonbay Communities"":26,""Citibank"":26,""Coffee Shops"":26,""Gyms"":26,""Home Depot"":26,""Macerich"":26,""Mall"":26,""Michaels"":26,""New York & Company"":26,""Office Building"":26,""The American Red Cross"":26,""Vestar"":26}",19117 Pioneer Blvd,Full-Service Restaurants ,NAICS-722511,Restaurants and Other Eating Places,51,None,51,None,None,None,"[26,0,0,0,26,0,0]","[0,0,0,0,0,0,0,0,0,0,0,26,0,0,0,0,0,0,0,0,0,0,0,0,0,0,0,0,0,0,0,0,0,0,0,0,0,0,0,0,0,0,0,0,0,0,0,0,0,0,0,0,0,0,0,0,0,0,0,0,0,0,0,0,0,0,0,0,0,0,0,0,0,0,0,0,0,0,0,0,0,0,0,0,0,0,0,0,0,0,0,0,0,0,0,0,0,0,0,0,0,0,0,0,0,0,0,0,0,0,0,0,0,0,0,0,0,0,0,26,0,0,0,0,0,0,0,0,0,0,0,0,0,0,0,0,0,0,0,0,0,0,0,0,0,0,0,0,0,0,0,0,0,0,0,0,0,0,0,0,0,0,0,0,0,0,0,0]"
Beauty Salons,"{""<5"":51, ""5-20"":0, ""21-60"":0,""61-240"":0,"">240"":0}",Longview,2038-01-01,2017-02-12 00:00:00,2017-02-06 00:00:00,"{""ios"":51}",None,4074855973660155170,9745310,False,US,32.4468498,Beauty Salons,-94.7168274,None,30980,812112,1970-01-01,A1_NAICS-812112,9745310,481830014001,75602,TX,"{""Denny's"":26,""Motel 6"":26,""Pilot Travel Centers"":26,""Sonic"":26,""Truck Stops"":26}","{""Mall"":51,""Sonic"":51,""Advan"":26,""Arby's Restaurant Group"":26,""Armani Exchange"":26,""Autozone"":26,""Banana Republic"":26,""Best Western"":26,""Build A Bear"":26,""Cardtronics"":26,""DXP Enterprises"":26,""Denny's"":26,""Gas Stations"":26,""Giorgio Armani"":26,""Great Plains National Bank"":26,""Hollister"":26,""ICBA"":26,""Jack in the Box"":26,""Johnston & Murphy"":26}",3625 S Martin Luther King Jr Blvd,Beauty Salons ,NAICS-812112,Personal Care Services ,51,None,51,None,None,None,"[0,51,0,0,0,0,0]","[0,0,0,0,0,0,0,0,0,0,0,0,0,0,0,0,0,0,0,0,0,0,0,0,0,0,0,0,0,25,0,0,0,0,0,0,25,0,0,0,0,0,0,0,0,0,0,0,0,0,0,0,0,0,0,0,0,0,0,0,0,0,0,0,0,0,0,0,0,0,0,0,0,0,0,0,0,0,0,0,0,0,0,0,0,0,0,0,0,0,0,0,0,0,0,0,0,0,0,0,0,0,0,0,0,0,0,0,0,0,0,0,0,0,0,0,0,0,0,0,0,0,0,0,0,0,0,0,0,0,0,0,0,0,0,0,0,0,0,0,0,0,0,0,0,0,0,0,0,0,0,0,0,0,0,0,0,0,0,0,0,0,0,0,0,0,0,0]"
Supermarkets and Other Grocery Retailers (except Convenience Retailers),"{""<5"":51, ""5-20"":0, ""21-60"":0,""61-240"":0,"">240"":0}",Richboro,2038-01-01,2017-02-12 00:00:00,2017-02-06 00:00:00,"{""android"":26,""ios"":26}",None,8764189326803452093,8465439,False,US,40.2161598,Supermarkets and Other Grocery Retailers (except Convenience Retailers),-75.0103073,None,37980,445110,1970-01-01,A1_NAICS-445110,8465439,420171050032,18954,PA,"{""Convenience Stores"":26,""Gulf Oil"":26,""Restaurants"":26}","{""Acme"":26,""Convenience Stores"":26,""Courtyard by Marriott"":26,""Fairfield Inn & Suites"":26,""Gas Stations"":26,""Grocery Stores"":26,""Gulf Oil"":26,""Hospitality Properties Trust"":26,""Live Nation Promoted Venues"":26,""Moneygram"":26,""Restaurants"":26}",1025 2Nd Street Pike,Supermarkets and Other Grocery (except Convenience) Stores ,NAICS-445110,Grocery Stores ,51,None,51,None,None,None,"[0,0,0,26,26,0,0]","[0,0,0,0,0,0,0,0,0,0,0,0,0,0,0,0,0,0,0,0,0,0,0,0,0,0,0,0,0,0,0,0,0,0,0,0,0,0,0,0,0,0,0,0,0,0,0,0,0,0,0,0,0,0,0,0,0,0,0,0,0,0,0,0,0,0,0,0,0,0,0,0,0,0,0,0,0,0,0,26,0,0,0,0,0,0,0,0,0,0,0,0,0,0,0,0,0,0,0,0,0,0,0,0,0,26,0,0,0,0,0,0,0,0,0,0,0,0,0,0,0,0,0,0,0,0,0,0,0,0,0,0,0,0,0,0,0,0,0,0,0,0,0,0,0,0,0,0,0,0,0,0,0,0,0,0,0,0,0,0,0,0,0,0,0,0,0,0]"
Painting and Wall Covering Contractors,"{""<5"":26, ""5-20"":0, ""21-60"":0,""61-240"":25,"">240"":0}",Amarillo,2038-01-01,2017-02-12 00:00:00,2017-02-06 00:00:00,"{""android"":51}",None,8228374486422689278,10635551,False,US,35.1342319,Painting and Wall Covering Contractors,-101.9044194,61.0,11100,238320,1970-01-01,A1_NAICS-238320,10635551,483810216064,79109,TX,"{""Batteries Plus Bulbs"":26,""Chaco"":26,""Freshpet"":26,""Hampton"":26,""Live Nation Promoted Venues"":26,""Mall"":26,""Moneygram"":26,""Walmart"":26}","{""Hankook Tire"":51,""Moneygram"":51,""Walmart"":51,""AAA/CAA Auto Repair - Authorized Providers"":26,""At Home"":26,""Batteries Plus Bulbs"":26,""Braum's Ice Cream & Dairy Store"":26,""Buckle"":26,""Cardtronics"":26,""Chaco"":26,""Cooper Tire & Rubber"":26,""Dillard's"":26,""Dior"":26,""Dunlop Tires"":26,""Ford"":26,""Freshpet"":26,""Group 1 Automotive"":26,""Hampton"":26,""Happy State Bank"":26}",6209 Drexel Ln,Painting and Wall Covering Contractors,NAICS-238320,Building Finishing Contractors,52,None,51,None,None,None,"[0,0,25,0,0,0,26]","[0,0,0,0,0,0,0,0,0,0,0,0,0,0,0,0,0,0,0,0,0,0,0,0,0,0,0,0,0,0,0,0,0,0,0,0,0,0,0,0,0,0,0,0,0,0,0,0,0,0,0,0,0,0,0,0,0,0,0,0,25,25,0,0,0,0,0,0,0,0,0,0,0,0,0,0,0,0,0,0,0,0,0,0,0,0,0,0,0,0,0,0,0,0,0,0,0,0,0,0,0,0,0,0,0,0,0,0,0,0,0,0,0,0,0,0,0,0,0,0,0,0,0,0,0,0,0,0,0,0,0,0,0,0,0,0,0,0,0,0,0,0,0,0,0,0,0,0,0,0,0,0,0,0,0,0,0,0,0,0,0,0,0,0,0,26,0,0]"
ConocoPhillips,"{""<5"":51, ""5-20"":0, ""21-60"":0,""61-240"":0,"">240"":0}",Saint Rose,2018-11-01,2017-02-12 00:00:00,2017-02-06 00:00:00,"{""ios"":51}",None,9059948956340221853,1754418,False,US,29.9459133,ConocoPhillips,-90.3170183,None,35380,447110,1970-01-01,A1_COP,1754418,220890622001,70087,LA,"{""America's Thrift Store"":26,""Ports"":26}","{""America's Thrift Store"":26,""CF Industries"":26,""Cardtronics"":26,""Evonik"":26,""Freshpet"":26,""Incitec Pivot"":26,""Mall"":26,""Ports"":26,""Western Union"":26,""Winn Dixie"":26}",101 Saint Rose Avenue,Gasoline Stations with Convenience Stores ,COP,Gasoline Stations ,51,None,51,None,None,None,"[0,0,0,0,51,0,0]","[0,0,0,0,0,0,0,0,0,0,0,0,0,0,0,0,0,0,0,0,0,0,0,0,0,0,0,0,0,0,0,0,0,0,0,0,0,0,0,0,0,0,0,0,0,0,0,0,0,0,0,0,0,0,0,0,0,0,0,0,0,0,0,0,0,0,0,0,0,0,0,0,0,0,0,0,0,0,0,0,0,0,0,0,0,0,0,0,0,0,0,0,0,0,0,0,0,0,0,0,0,0,0,0,0,0,0,0,26,26,0,0,0,0,0,0,0,0,0,0,0,0,0,0,0,0,0,0,0,0,0,0,0,0,0,0,0,0,0,0,0,0,0,0,0,0,0,0,0,0,0,0,0,0,0,0,0,0,0,0,0,0,0,0,0,0,0,0]"
Progressive,"{""<5"":26, ""5-20"":0, ""21-60"":26,""61-240"":25,"">240"":0}",Glendale,2038-01-01,2017-02-12 00:00:00,2017-02-06 00:00:00,"{""android"":51}",None,8627892091253274227,4956489,True,US,33.6497928,The Progressive Corporation,-112.21908,146.0,38060,524126,1970-01-01,A1_PGR,4956489,040136178002,85308,AZ,"{""Cardtronics"":26,""Circle K"":26,""Convenience Stores"":26,""IHOP"":26,""i9 Sports"":26}","{""Cardtronics"":26,""Circle K"":26,""Convenience Stores"":26,""Cycle Gear"":26,""FedEx"":26,""Gas Stations"":26,""IHOP"":26,""Mall"":26,""McDonald's"":26,""Pappadeaux Seafood Kitchen"":26,""QuikTrip"":26,""Restaurants"":26,""Smoke Shops"":26,""Starbucks"":26,""Western Union"":26,""i9 Sports"":26}",18220 N. 74Th Drive,Direct Property and Casualty Insurance Carriers ,PGR,Insurance Carriers,77,None,51,None,None,None,"[26,0,25,0,26,0,0]","[0,0,0,0,0,0,0,0,0,0,0,0,0,0,0,0,0,0,0,0,0,26,26,0,0,0,0,0,0,0,0,0,0,0,0,0,0,0,0,0,0,0,0,0,0,0,0,0,0,0,0,0,0,25,25,25,0,0,0,0,0,0,0,0,0,0,0,0,0,0,0,0,0,0,0,0,0,0,0,0,0,0,0,0,0,0,0,0,0,0,0,0,0,0,0,0,0,0,0,0,0,0,0,0,0,0,0,0,0,0,0,26,0,0,0,0,0,0,0,0,0,0,0,0,0,0,0,0,0,0,0,0,0,0,0,0,0,0,0,0,0,0,0,0,0,0,0,0,0,0,0,0,0,0,0,0,0,0,0,0,0,0,0,0,0,0,0,0]"
North Carolina DMV,"{""<5"":26, ""5-20"":26, ""21-60"":0,""61-240"":0,"">240"":0}",Roanoke Rapids,2038-01-01,2017-02-12 00:00:00,2017-02-06 00:00:00,"{""android"":26,""ios"":26}",None,5474919817358978534,6493937,False,US,36.4034355,North Carolina DMV,-77.6473095,11.0,40260,926120,1970-01-01,A1_NCDMV-A,6493937,370839306003,27870,NC,"{""Casinos"":26,""Fossil Fuel Plants"":26,""GSA Lease"":26,""Gas Stations"":26,""Love's"":26,""MGM Growth Properties"":26,""MGM Resorts"":26,""Police Protection"":26,""Shell Oil"":26,""Truck Stops"":26,""U.S. Social Security Administration"":26}","{""Autozone"":26,""Baymont Inn Suites"":26,""Casinos"":26,""Colonial Parking"":26,""EV Charging Stations"":26,""Fossil Fuel Plants"":26,""GSA"":26,""GSA Lease"":26,""Gas Stations"":26,""Gyms"":26,""Health Mart"":26,""Love's"":26,""MGM Growth Properties"":26,""MGM Resorts"":26,""Office Building"":26,""Pennzoil"":26,""Police Protection"":26,""Rappaport"":26,""Shell Oil"":26}",26 Three Bridges Road,Regulation and Administration of Transportation Programs ,NCDMV-A,Administration of Economic Programs ,51,None,51,None,None,None,"[26,0,0,0,26,0,0]","[0,0,0,0,0,0,0,0,0,0,26,0,0,0,0,0,0,0,0,0,0,0,0,0,0,0,0,0,0,0,0,0,0,0,0,0,0,0,0,0,0,0,0,0,0,0,0,0,0,0,0,0,0,0,0,0,0,0,0,0,0,0,0,0,0,0,0,0,0,0,0,0,0,0,0,0,0,0,0,0,0,0,0,0,0,0,0,0,0,0,0,0,0,0,0,0,0,0,0,0,0,0,0,0,26,0,0,0,0,0,0,0,0,0,0,0,0,0,0,0,0,0,0,0,0,0,0,0,0,0,0,0,0,0,0,0,0,0,0,0,0,0,0,0,0,0,0,0,0,0,0,0,0,0,0,0,0,0,0,0,0,0,0,0,0,0,0,0]"
"Plumbing, Heating, and Air-Conditioning Contractors","{""<5"":51, ""5-20"":0, ""21-60"":25,""61-240"":0,"">240"":0}",San Anselmo,2038-01-01,2017-02-12 00:00:00,2017-02-06 00:00:00,"{""android"":26,""ios"":26}",None,4898473847930058534,10261170,False,US,37.9857475,"Plumbing, Heating, and Air-Conditioning Contractors",-122.577511,29.0,41860,238220,1970-01-01,A1_NAICS-238220,10261170,060411160001,94960,CA,"{""Chase"":26,""Furniture & Home Furnishings"":26,""Mall"":26,""Walgreens"":26,""Western Union"":26}","{""Cardtronics"":51,""Mall"":51,""Western Union"":51,""7 Eleven"":26,""Boost Mobile"":26,""CVS"":26,""Canidae"":26,""Chase"":26,""Coffee Shops"":26,""Convenience Stores"":26,""CrossFit"":26,""Edward Jones"":26,""Furniture & Home Furnishings"":26,""Gas Stations"":26,""Golf Courses"":26,""Herc Rentals"":26,""Moneygram"":26,""National Forests"":26,""Oakmont Senior Living"":26}",68 Medway Rd,"Plumbing, Heating, and Air-Conditioning Contractors ",NAICS-238220,Building Equipment Contractors,77,None,51,None,None,None,"[0,0,51,26,0,0,0]","[0,0,0,0,0,0,0,0,0,0,0,0,0,0,0,0,0,0,0,0,0,0,0,0,0,0,0,0,0,0,0,0,0,0,0,0,0,0,0,0,0,0,0,0,0,0,0,0,0,0,0,0,0,0,0,0,0,0,0,0,0,0,0,0,0,0,25,0,0,0,25,0,0,0,0,0,0,0,0,0,0,0,0,0,0,0,0,0,26,0,0,0,0,0,0,0,0,0,0,0,0,0,0,0,0,0,0,0,0,0,0,0,0,0,0,0,0,0,0,0,0,0,0,0,0,0,0,0,0,0,0,0,0,0,0,0,0,0,0,0,0,0,0,0,0,0,0,0,0,0,0,0,0,0,0,0,0,0,0,0,0,0,0,0,0,0,0,0]"
Hankook Tire,"{""<5"":20, ""5-20"":0, ""21-60"":0,""61-240"":20,"">240"":0}",Amira Lora,2038-01-01,2020-07-05 00:00:00,2020-06-29 00:00:00,"{""android"":20,""ios"":20}",None,1545398293440710574,5172991,False,US,34.01712,HANKOOK TIRE,-117.519859,80.0,40140,441320,2018-07-14,A1_161390.KS,5172991,060650405031,91752,CA,"{""Armstrong Flooring"":20,""Home Depot"":20,""Mall"":20,""Restaurants"":20}","{""Mall"":40,""ARCO"":20,""Albertson's"":20,""Armstrong Flooring"":20,""Baskin Robbins"":20,""Blaze Pizza"":20,""Blink Charging"":20,""Chase"":20,""Chick-fil-A"":20,""Convenience Stores"":20,""Freshpet"":20,""Hankook Tire"":20,""Home Depot"":20,""Jo-Ann Stores"":20,""Kaiser Permanente"":20,""Merlone Geier Partners"":20,""Moneygram"":20,""Northgate Gonzalez Markets"":20,""Power Plants, Other Energy Source"":20}",10888 San Sevaine Way Amira Loma,Tire Dealers ,161390.KS,"Automotive Parts, Accessories, and Tire Stores ",40,None,40,None,None,None,"[0,0,0,20,20,0,0]","[0,0,0,0,0,0,0,0,0,0,0,0,0,0,0,0,0,0,0,0,0,0,0,0,0,0,0,0,0,0,0,0,0,0,0,0,0,0,0,0,0,0,0,0,0,0,0,0,0,0,0,0,0,0,0,0,0,0,0,0,0,0,0,0,0,0,0,0,0,0,0,0,0,0,0,0,0,0,0,0,0,0,0,0,20,0,0,0,0,0,0,0,0,0,0,0,0,0,0,0,0,0,0,0,0,20,20,0,0,0,0,0,0,0,0,0,0,0,0,0,0,0,0,0,0,0,0,0,0,0,0,0,0,0,0,0,0,0,0,0,0,0,0,0,0,0,0,0,0,0,0,0,0,0,0,0,0,0,0,0,0,0,0,0,0,0,0,0]"
Used Merchandise Stores,"{""<5"":60, ""5-20"":0, ""21-60"":0,""61-240"":0,"">240"":0}",Dallas,2038-01-01,2020-07-05 00:00:00,2020-06-29 00:00:00,"{""android"":20,""ios"":20}",None,8440193054089313063,8553385,False,US,32.8820992,Used Merchandise Stores,-96.7930222,5.0,19100,453310,1970-01-01,A1_NAICS-453310,8553385,481130076042,75230,TX,"{""7 Eleven"":20,""Boost Mobile"":20,""Cardtronics"":20,""Chuck E. Cheese's"":20,""Convenience Stores"":20,""Laredo Taco Company"":20,""Western Union"":20}","{""7 Eleven"":20,""Arctic Cat"":20,""Bass Pro Shops"":20,""Boost Mobile"":20,""Cardtronics"":20,""Chaco"":20,""Chuck E. Cheese's"":20,""Convenience Stores"":20,""Cordish Company"":20,""Golden Chick"":20,""Kobalt Investment Company"":20,""Laredo Taco Company"":20,""Mall"":20,""MetroPCS"":20,""Scheels"":20,""Subway"":20,""T-Mobile"":20,""Western Union"":20,""Whataburger"":20}",6510 Aberdeen Ave,Used Merchandise Stores ,NAICS-453310,Used Merchandise Stores ,60,None,40,None,None,None,"[20,0,0,20,20,0,0]","[0,0,0,0,0,0,0,0,0,0,0,0,0,20,0,0,0,0,0,0,0,0,0,0,0,0,0,0,0,0,0,0,0,0,0,0,0,0,0,0,0,0,0,0,0,0,0,0,0,0,0,0,0,0,0,0,0,0,0,0,0,0,0,0,0,0,0,0,0,0,0,0,0,0,0,0,0,0,0,0,0,0,0,0,0,20,0,0,0,0,0,0,0,0,0,0,0,0,0,0,0,0,0,0,0,0,0,0,0,0,0,0,0,20,0,0,0,0,0,0,0,0,0,0,0,0,0,0,0,0,0,0,0,0,0,0,0,0,0,0,0,0,0,0,0,0,0,0,0,0,0,0,0,0,0,0,0,0,0,0,0,0,0,0,0,0,0,0]"
Esurance Auto Repair Shops,"{""<5"":41, ""5-20"":0, ""21-60"":0,""61-240"":0,"">240"":0}",Warrenton,2038-01-01,2020-07-05 00:00:00,2020-06-29 00:00:00,"{""android"":20,""ios"":20}",None,5920027769240683428,11759867,False,US,38.7040235,Esurance Auto Repair Shops,-77.7921295,None,47900,811111,1970-01-01,A1_ESURA-A,11759867,510619303053,20186,VA,"{""ASA (Automotive Service Association)"":40,""Arby's"":20,""Big Lots"":20,""Convenience Stores"":20,""Covetrus"":20,""Dollar Tree"":20,""Keds"":20,""Mall"":20,""McDonald's"":20,""Wolverine"":20}","{""ASA (Automotive Service Association)"":40,""7 Eleven"":20,""AT&T"":20,""Arby's"":20,""Arula"":20,""BA&SH"":20,""Bally"":20,""Barnes and Noble"":20,""Big Lots"":20,""Bloomingdale's"":20,""Boost Mobile"":20,""Brixmor Property Group"":20,""Casper"":20,""Charleys Philly Steaks"":20,""Convenience Stores"":20,""Covetrus"":20,""Dollar Tree"":20,""Dunkin Donuts"":20,""Dunlop Tires"":20}",281 E Shirley Ave,General Automotive Repair ,ESURA-A,Automotive Repair and Maintenance,41,None,40,None,None,None,"[0,20,0,0,0,0,20]","[0,0,0,0,0,0,0,0,0,0,0,0,0,0,0,0,0,0,0,0,0,0,0,0,0,0,0,0,0,0,0,0,0,0,0,0,0,0,0,0,0,0,20,0,0,0,0,0,0,0,0,0,0,0,0,0,0,0,0,0,0,0,0,0,0,0,0,0,0,0,0,0,0,0,0,0,0,0,0,0,0,0,0,0,0,0,0,0,0,0,0,0,0,0,0,0,0,0,0,0,0,0,0,0,0,0,0,0,0,0,0,0,0,0,0,0,0,0,0,0,0,0,0,0,0,0,0,0,0,0,0,0,0,0,0,0,0,0,0,0,0,0,0,0,0,0,0,0,0,0,0,0,0,0,0,0,0,0,0,0,0,0,0,0,0,20,0,0]"
Beauty Salons,"{""<5"":20, ""5-20"":0, ""21-60"":40,""61-240"":0,"">240"":0}",Kenosha,2038-01-01,2020-07-05 00:00:00,2020-06-29 00:00:00,"{""android"":40,""ios"":20}",None,8657422301838537721,9610685,False,US,42.5876966,Beauty Salons,-87.8352705,50.0,16980,812112,1970-01-01,A1_NAICS-812112,9610685,550590009001,53140,WI,"{""Mall"":40,""Asics"":20,""Burlington Coat Factory"":20,""Cardtronics"":20,""Chick-fil-A"":20,""Convenience Stores"":20,""Country Inn & Suites"":20,""Dick's Sporting Goods"":20,""Freshpet"":20,""Gas Stations"":20,""Hallmark"":20,""Hotel"":20,""Inland"":20,""Kwik Trip"":20,""Marshalls"":20,""Panda Express"":20,""Power Plants, Other Energy Source"":20,""Target"":20,""Texas Roadhouse"":20}","{""Cardtronics"":61,""Freshpet"":40,""Hotel"":40,""Mall"":40,""Woodman's Markets"":40,""Asics"":20,""Burlington Coat Factory"":20,""CITGO"":20,""CVS"":20,""Chick-fil-A"":20,""Convenience Stores"":20,""Country Inn & Suites"":20,""Dick's Sporting Goods"":20,""Fossil Fuel Plants"":20,""Gas Stations"":20,""Grocery Stores"":20,""Hallmark"":20,""IKEA"":20,""Inland"":20}",2109 52Nd St,Beauty Salons ,NAICS-812112,Personal Care Services ,60,None,60,None,None,None,"[20,0,0,20,20,0,0]","[0,0,0,0,0,0,0,0,0,0,0,0,0,0,0,0,20,20,0,0,0,0,0,0,0,0,0,0,0,0,0,0,0,0,0,0,0,0,0,0,0,0,0,0,0,0,0,0,0,0,0,0,0,0,0,0,0,0,0,0,0,0,0,0,0,0,0,0,0,0,0,0,0,0,0,0,0,0,0,0,0,0,0,0,0,20,20,0,0,0,0,0,0,0,0,0,0,0,0,0,0,0,0,0,0,0,0,0,0,0,0,0,0,0,20,0,0,0,0,0,0,0,0,0,0,0,0,0,0,0,0,0,0,0,0,0,0,0,0,0,0,0,0,0,0,0,0,0,0,0,0,0,0,0,0,0,0,0,0,0,0,0,0,0,0,0,0,0]"
EV Charging Stations,"{""<5"":60, ""5-20"":0, ""21-60"":0,""61-240"":0,"">240"":0}",Dixon,2038-01-01,2020-07-05 00:00:00,2020-06-29 00:00:00,"{""ios"":40,""android"":20}",None,9099494236961100072,11580041,False,US,38.4579065,Electric Vehicle Charging Stations,-121.8398945,None,46700,447190,1970-01-01,A1_EV-A,11580041,060952534041,95620,CA,"{""Mall"":40,""Moneygram"":40,""Dunlop Tires"":20,""Edward Jones"":20,""Furniture & Home Furnishings"":20,""Gas Stations"":20,""Quest Diagnostics"":20,""Safeway"":20,""Walmart"":20,""Western Union"":20}","{""Mall"":61,""Moneygram"":61,""Dunlop Tires"":40,""McDonald's"":40,""Walmart"":40,""7 Eleven"":20,""ARCO"":20,""Ace Hardware"":20,""Boost Mobile"":20,""Boys & Girls Clubs of America"":20,""Cardtronics"":20,""Chevron"":20,""Convenience Stores"":20,""Cooper Tire & Rubber"":20,""Costco"":20,""Dutch Bros Coffee"":20,""Edward Jones"":20,""Furniture & Home Furnishings"":20,""Gas Stations"":20}",1305 Stratford Ave,Other Gasoline Stations ,EV-A,Gasoline Stations ,60,None,60,None,None,None,"[20,20,0,0,20,0,0]","[0,0,0,0,0,0,0,0,0,0,0,0,0,0,0,0,20,0,0,0,0,0,0,0,0,0,0,0,0,0,0,0,0,0,0,0,0,0,0,20,0,0,0,0,0,0,0,0,0,0,0,0,0,0,0,0,0,0,0,0,0,0,0,0,0,0,0,0,0,0,0,0,0,0,0,0,0,0,0,0,0,0,0,0,0,0,0,0,0,0,0,0,0,0,0,0,0,0,0,0,0,0,0,0,0,0,0,0,20,0,0,0,0,0,0,0,0,0,0,0,0,0,0,0,0,0,0,0,0,0,0,0,0,0,0,0,0,0,0,0,0,0,0,0,0,0,0,0,0,0,0,0,0,0,0,0,0,0,0,0,0,0,0,0,0,0,0,0]"
"Beer, Wine, and Liquor Stores","{""<5"":60, ""5-20"":0, ""21-60"":0,""61-240"":0,"">240"":0}",Elgin,2038-01-01,2020-07-05 00:00:00,2020-06-29 00:00:00,"{""android"":61}",None,6719942554647642920,8474749,False,US,34.1525307,"Beer, Wine, and Liquor Stores",-80.8544769,None,17900,445310,1970-01-01,A1_NAICS-445310,8474749,450790114241,29045,SC,"{""Mall"":40,""Western Union"":40,""Armstrong Flooring"":20,""Briggs & Stratton"":20,""Extra Space Storage"":20,""Freshpet"":20,""Gas Stations"":20,""Home Depot"":20,""Lowe's Foods"":20,""Moneygram"":20,""O'Reilly Auto Parts"":20,""Pennzoil"":20,""Publix"":20,""Walmart"":20,""Wells Fargo"":20,""World Finance"":20}","{""Mall"":61,""Moneygram"":61,""Walmart"":61,""Dollar General"":40,""Dunlop Tires"":40,""Freshpet"":40,""Pennzoil"":40,""Wells Fargo"":40,""Western Union"":40,""American Deli"":20,""Armstrong Flooring"":20,""Briggs & Stratton"":20,""Carrabba's Italian Grill"":20,""Circle K"":20,""Cook Out"":20,""Dairy Queen"":20,""Eggs Up Grill"":20,""Extra Space Storage"":20,""Garmin"":20}",301 Cherrywood Dr,"Beer, Wine, and Liquor Stores ",NAICS-445310,"Beer, Wine, and Liquor Stores ",60,None,60,None,None,None,"[0,20,20,0,20,0,0]","[0,0,0,0,0,0,0,0,0,0,0,0,0,0,0,0,0,0,0,0,0,0,0,0,0,0,0,0,0,0,0,20,0,0,0,0,0,0,0,0,0,0,0,0,0,0,0,0,0,0,0,0,0,0,0,0,0,0,0,20,0,0,0,0,0,0,0,0,0,0,0,0,0,0,0,0,0,0,0,0,0,0,0,0,0,0,0,0,0,0,0,0,0,0,0,0,0,0,0,0,0,0,0,0,0,0,0,20,0,0,0,0,0,0,0,0,0,0,0,0,0,0,0,0,0,0,0,0,0,0,0,0,0,0,0,0,0,0,0,0,0,0,0,0,0,0,0,0,0,0,0,0,0,0,0,0,0,0,0,0,0,0,0,0,0,0,0,0]"
Cricket Wireless,"{""<5"":60, ""5-20"":0, ""21-60"":0,""61-240"":0,"">240"":0}",Philadelphia,2038-01-01,2020-07-05 00:00:00,2020-06-29 00:00:00,"{""android"":61}",None,8782325639693341092,4860152,False,US,40.0295821,Cricket Wireless,-75.146219,None,37980,517312,1970-01-01,A1_T-CRICKET,4860152,421010283007,19141,PA,"{""Autozone"":20,""Convenience Stores"":20,""Delicatessens"":20,""Wawa"":20}","{""Acme"":20,""Armstrong Flooring"":20,""Autozone"":20,""Chick-fil-A"":20,""Citizens Bank"":20,""Convenience Stores"":20,""Delicatessens"":20,""Home Depot"":20,""Mission BBQ"":20,""Moneygram"":20,""Perform Properties"":20,""Ports"":20,""Restaurants"":20,""Storage & Warehouse Parking"":20,""Sunoco"":20,""Wawa"":20,""Whirlpool"":20}",5018 Old York Rd,Wireless Telecommunications Carriers (except Satellite),T-CRICKET,Wired and Wireless Telecommunications Carriers,60,None,60,None,None,None,"[0,40,0,20,0,0,0]","[0,0,0,0,0,0,0,0,0,0,0,0,0,0,0,0,0,0,0,0,0,0,0,0,0,0,0,0,0,0,0,0,0,0,0,0,0,20,0,0,0,20,0,0,0,0,0,0,0,0,0,0,0,0,0,0,0,0,0,0,0,0,0,0,0,0,0,0,0,0,0,0,0,0,0,0,0,0,0,0,0,0,0,0,0,20,0,0,0,0,0,0,0,0,0,0,0,0,0,0,0,0,0,0,0,0,0,0,0,0,0,0,0,0,0,0,0,0,0,0,0,0,0,0,0,0,0,0,0,0,0,0,0,0,0,0,0,0,0,0,0,0,0,0,0,0,0,0,0,0,0,0,0,0,0,0,0,0,0,0,0,0,0,0,0,0,0,0]"
General Automotive Repair,"{""<5"":60, ""5-20"":0, ""21-60"":0,""61-240"":0,"">240"":0}",Sanborn,2038-01-01,2020-07-05 00:00:00,2020-06-29 00:00:00,"{""android"":61}",None,4951109855379563717,10477523,False,US,43.121734,General Automotive Repair,-78.926102,None,15380,811111,1970-01-01,A1_NAICS-811111,10477523,360630227152,14132,NY,"{""AAA/CAA Auto Repair - Authorized Providers"":20,""Chrysler"":20,""Cooper Tire & Rubber"":20,""Dodge"":20,""Dunlop Tires"":20,""Goodyear Auto Service Centers"":20,""Hankook Tire"":20,""Jeep"":20,""Mavis Tire"":20,""NAPA Auto Parts"":20,""Pennzoil"":20}","{""Dunlop Tires"":61,""Freshpet"":61,""Western Union"":61,""7 Eleven"":40,""AAA/CAA Auto Repair - Authorized Providers"":40,""Boost Mobile"":40,""Goodyear Auto Service Centers"":40,""Mall"":40,""Moneygram"":40,""Salvation Army"":40,""Sodastream"":40,""Walmart"":40,""Budget Host"":20,""Buick"":20,""Canidae"":20,""CarMax"":20,""Chili's"":20,""Chrysler"":20,""Convenience Stores"":20}",2267 Lockport Rd,General Automotive Repair ,NAICS-811111,Automotive Repair and Maintenance,60,None,60,None,None,None,"[20,0,20,0,20,0,0]","[0,0,0,0,0,0,0,0,0,0,0,0,0,0,0,20,0,0,0,0,0,0,0,0,0,0,0,0,0,0,0,0,0,0,0,0,0,0,0,0,0,0,0,0,0,0,0,0,0,0,0,0,0,0,0,0,0,0,20,0,0,0,0,0,0,0,0,0,0,0,0,0,0,0,0,0,0,0,0,0,0,0,0,0,0,0,0,0,0,0,0,0,0,0,0,0,0,0,0,0,0,0,0,0,0,0,0,20,0,0,0,0,0,0,0,0,0,0,0,0,0,0,0,0,0,0,0,0,0,0,0,0,0,0,0,0,0,0,0,0,0,0,0,0,0,0,0,0,0,0,0,0,0,0,0,0,0,0,0,0,0,0,0,0,0,0,0,0]"
Women's Clothing Stores,"{""<5"":61, ""5-20"":0, ""21-60"":0,""61-240"":0,"">240"":0}",Cairo,2038-01-01,2020-07-05 00:00:00,2020-06-29 00:00:00,"{""ios"":40,""android"":20}",None,4570190953646419342,8069437,False,US,37.0016708,Women's Clothing Stores,-89.170311,None,16020,448120,1970-01-01,A1_NAICS-448120,8069437,170039579001,62914,IL,"{""Courtyard by Marriott"":20,""ExamOne"":20,""Restaurants"":20,""Shell Oil"":20,""The Hartford"":20,""Travelers"":20}","{""Courtyard by Marriott"":20,""ExamOne"":20,""Gas Stations"":20,""Hotel"":20,""Ice Cream Parlors"":20,""Restaurants"":20,""Shell Oil"":20,""Simon Mall"":20,""The Hartford"":20,""Travelers"":20,""Truck Stops"":20}",1212 Washington Ave,Women's Clothing Stores ,NAICS-448120,Clothing Stores ,61,None,61,None,None,None,"[20,20,0,0,0,0,20]","[0,0,0,0,0,0,0,0,0,0,0,0,0,0,0,0,0,0,0,20,0,0,0,0,0,0,0,0,0,0,0,0,0,0,0,0,0,0,0,0,0,0,0,0,20,0,0,0,0,0,0,0,0,0,0,0,0,0,0,0,0,0,0,0,0,0,0,0,0,0,0,0,0,0,0,0,0,0,0,0,0,0,0,0,0,0,0,0,0,0,0,0,0,0,0,0,0,0,0,0,0,0,0,0,0,0,0,0,0,0,0,0,0,0,0,0,0,0,0,0,0,0,0,0,0,0,0,0,0,0,0,0,0,0,0,0,0,0,0,0,0,0,0,0,0,0,0,0,0,0,0,0,0,0,0,0,0,0,0,0,0,20,0,0,0,0,0,0]"
Trulieve,"{""<5"":41, ""5-20"":20, ""21-60"":0,""61-240"":0,"">240"":0}",Cape Coral,2038-01-01,2020-07-05 00:00:00,2020-06-29 00:00:00,"{""android"":61}",None,2693851029980086139,5714658,False,US,26.6056515,Trulieve Cannabis Corp.,-81.9734305,14.0,15980,446110,2019-10-03,A1_TCNNF,5714658,120710104141,33914,FL,"{""Freshpet"":40,""Moneygram"":40,""7 Eleven"":20,""Boost Mobile"":20,""Cardtronics"":20,""Convenience Stores"":20,""Dunlop Tires"":20,""Health Mart"":20,""Hotel"":20,""Leslie's Swimming Pool Supplies"":20,""Publix"":20,""Realty Income"":20,""Sodastream"":20,""Walmart"":20,""Western Union"":20}","{""Cardtronics"":61,""Moneygram"":61,""Western Union"":61,""7 Eleven"":40,""Boost Mobile"":40,""Convenience Stores"":40,""Dunlop Tires"":40,""Freshpet"":40,""Gas Stations"":40,""Realty Income"":40,""SITE Centers"":40,""Sodastream"":40,""Walmart"":40,""Blue Buffalo"":20,""Defy Trampoline Park"":20,""Goodwill Industries"":20,""Health Mart"":20,""Hotel"":20,""Leslie's Swimming Pool Supplies"":20}",2517 Santa Barbara Boulevard,Pharmacies and Drug Stores ,TCNNF,Health and Personal Care Stores ,61,None,61,None,None,None,"[0,0,0,20,20,20,0]","[0,0,0,0,0,0,0,0,0,0,0,0,0,0,0,0,0,0,0,0,0,0,0,0,0,0,0,0,0,0,0,0,0,0,0,0,0,0,0,0,0,0,0,0,0,0,0,0,0,0,0,0,0,0,0,0,0,0,0,0,0,0,0,0,0,0,0,0,0,0,0,0,0,0,0,0,0,0,0,0,20,0,0,0,0,0,0,0,0,0,0,0,0,0,0,0,0,0,0,0,0,0,0,0,0,0,0,0,0,0,20,0,0,0,0,0,0,0,0,0,0,0,0,0,0,0,0,0,0,20,0,0,0,0,0,0,0,0,0,0,0,0,0,0,0,0,0,0,0,0,0,0,0,0,0,0,0,0,0,0,0,0,0,0,0,0,0,0]"
Pet Care (except Veterinary) Services,"{""<5"":20, ""5-20"":20, ""21-60"":0,""61-240"":20,"">240"":41}",Largo,2038-01-01,2020-07-05 00:00:00,2020-06-29 00:00:00,"{""ios"":61}",None,3591058551628417983,10910841,False,US,27.8716007,Pet Care (except Veterinary) Services,-82.8211284,266.0,45300,812910,1970-01-01,A1_NAICS-812910,10910841,121030251193,33774,FL,"{""American Eagle"":20,""Asics"":20,""Auntie Anne's"":20,""Chaco"":20,""Cotton On"":20,""Dunkin Donuts"":20,""Finish Line"":20,""Foot Locker"":20,""Footaction"":20,""Freshpet"":20,""Gas Stations"":20,""Grocery Stores"":20,""H&R Block"":20,""Hooters"":20,""Johnston & Murphy"":20,""Keds"":20,""Mall"":20,""McDonald's"":20,""Movado"":20}","{""Freshpet"":61,""Cardtronics"":40,""Dunlop Tires"":40,""Gas Stations"":40,""McDonald's"":40,""Pennzoil"":40,""Publix"":40,""Starbucks"":40,""Target"":40,""Walmart"":40,""Western Union"":40,""7 Eleven"":20,""ALDO"":20,""America's Best Contacts & Eyeglasses"":20,""American Eagle"":20,""American Family Care (AFC)"":20,""Applebee's"":20,""Asics"":20,""Auntie Anne's"":20}",13127 108Th Ave,Pet Care (except Veterinary) Services ,NAICS-812910,Other Personal Services ,101,None,61,None,None,None,"[0,20,0,0,40,20,20]","[0,0,0,0,0,0,0,0,0,0,0,0,0,0,0,0,0,0,0,0,0,0,0,0,0,0,0,0,0,0,0,0,0,0,0,0,0,0,0,0,0,0,20,20,20,0,0,20,0,0,0,0,0,0,0,0,0,0,0,0,0,0,0,0,0,0,0,0,0,0,0,0,0,0,0,0,0,0,0,0,0,0,0,0,0,0,0,0,0,0,0,0,0,0,0,0,0,0,0,0,0,0,0,0,0,0,0,0,0,20,0,0,0,20,0,20,0,0,0,0,0,0,20,20,20,20,20,20,20,20,20,20,20,20,0,0,0,0,0,0,0,0,0,0,0,0,0,0,0,0,0,0,0,0,0,0,0,0,0,0,0,0,0,20,0,0,0,0]"
Full-Service Restaurants,"{""<5"":81, ""5-20"":0, ""21-60"":0,""61-240"":0,"">240"":0}",Miami Gardens,2038-01-01,2020-07-05 00:00:00,2020-06-29 00:00:00,"{""android"":40,""ios"":40}",None,8195823794868589671,8931461,False,US,25.9396706,Full-Service Restaurants,-80.2745438,None,33100,722511,1970-01-01,A1_NAICS-722511,8931461,120860100222,33055,FL,"{""Cardtronics"":40,""Freshpet"":40,""Western Union"":40,""AT&T"":20,""Aldi"":20,""Brixmor Property Group"":20,""Burlington Coat Factory"":20,""Capri Holdings"":20,""Chase"":20,""Crocs"":20,""Ermenegildo Zegna"":20,""FedEx"":20,""Gap"":20,""Grand Lux Cafe"":20,""Gyms"":20,""KIKO MILANO"":20,""Laderach chocolatier suisse"":20,""Maje Paris"":20,""Mall"":20}","{""Mall"":81,""Cardtronics"":61,""Freshpet"":61,""Advance Auto Parts"":40,""Brixmor Property Group"":40,""Gyms"":40,""Pennzoil"":40,""Publix"":40,""Restaurants"":40,""Target"":40,""Western Union"":40,""AT&T"":20,""Aldi"":20,""AmTrust Bank"":20,""Amscot"":20,""BoA"":20,""Burlington Coat Factory"":20,""Capri Holdings"":20,""Car Rental Agencies"":20}",4518 Nw 183Rd St,Full-Service Restaurants ,NAICS-722511,Restaurants and Other Eating Places,81,None,81,None,None,None,"[20,0,0,0,20,41,0]","[0,0,0,0,0,0,0,0,0,0,0,0,0,0,20,0,0,0,0,0,0,0,0,0,0,0,0,0,0,0,0,0,0,0,0,0,0,0,0,0,0,0,0,0,0,0,0,0,0,0,0,0,0,0,0,0,0,0,0,0,0,0,0,0,0,0,0,0,0,0,0,0,0,0,0,0,0,0,0,0,0,0,0,0,0,0,0,0,0,0,0,0,0,0,0,0,0,0,0,0,0,0,0,20,0,0,0,0,0,0,0,0,0,0,0,0,0,0,0,0,0,0,0,0,0,0,0,0,0,0,20,0,0,0,20,0,0,0,0,0,0,0,0,0,0,0,0,0,0,0,0,0,0,0,0,0,0,0,0,0,0,0,0,0,0,0,0,0]"
Ferguson,"{""<5"":80, ""5-20"":0, ""21-60"":0,""61-240"":20,"">240"":0}",Hackensack,2038-01-01,2020-07-05 00:00:00,2020-06-29 00:00:00,"{""android"":61,""ios"":20}",None,2254640696195851253,6215007,False,US,40.900842,"Ferguson, Plc",-74.0400865,2.0,35620,423720,1970-01-01,A1_FERG,6215007,340030232023,07601,NJ,"{""Coffee Shops"":40,""Convenience Stores"":40,""Ferguson"":40,""Gas Stations"":40,""Mall"":40,""U.S. Ports"":40,""AAA/CAA Auto Repair - Authorized Providers"":20,""Advan"":20,""Amazon Sorting Centers"":20,""Armstrong Flooring"":20,""Avalonbay Communities"":20,""Brookdale Senior Living"":20,""Costco"":20,""DCH Auto Group"":20,""Dollar Tree"":20,""Dunkin Donuts"":20,""Dunlop Tires"":20,""ExxonMobil"":20,""FedEx"":20}","{""Mall"":81,""U.S. Ports"":81,""Universities and Colleges"":81,""Convenience Stores"":61,""Ferguson"":61,""Coffee Shops"":40,""ExxonMobil"":40,""Freshpet"":40,""Gas Stations"":40,""Moneygram"":40,""Shoprite"":40,""Sodastream"":40,""Target"":40,""Urban Edge Properties"":40,""Western Union"":40,""7 Eleven"":20,""AAA/CAA Auto Repair - Authorized Providers"":20,""Advan"":20,""Amazon Sorting Centers"":20}",20 Temple Ave,Plumbing and Heating Equipment and Supplies (Hydronics) Merchant Wholesalers ,FERG,"Hardware, and Plumbing and Heating Equipment and Supplies Merchant Wholesalers ",100,None,81,None,None,None,"[0,40,60,0,0,0,0]","[0,0,0,0,0,0,0,0,0,0,0,0,0,0,0,0,0,0,0,0,0,0,0,0,0,0,0,0,0,0,0,0,0,20,0,0,0,20,0,0,0,0,0,0,0,0,0,0,0,0,0,0,0,0,0,20,0,0,0,0,0,20,0,20,20,0,0,0,0,0,0,0,0,0,0,0,0,0,0,0,0,0,0,0,0,0,0,0,0,0,0,0,0,0,0,0,0,0,0,0,0,0,0,0,0,0,0,0,0,0,0,0,0,0,0,0,0,0,0,0,0,0,0,0,0,0,0,0,0,0,0,0,0,0,0,0,0,0,0,0,0,0,0,0,0,0,0,0,0,0,0,0,0,0,0,0,0,0,0,0,0,0,0,0,0,0,0,0]"
Suzuki,"{""<5"":81, ""5-20"":0, ""21-60"":0,""61-240"":0,"">240"":0}",Fulton,2038-01-01,2020-07-05 00:00:00,2020-06-29 00:00:00,"{""android"":81}",None,2493870699852338660,6213071,False,US,43.3063245,Suzuki Motor Corporation,-76.3945625,5.0,45060,441228,1970-01-01,A1_SZKMY,6213071,360750210031,13069,NY,"{""KTM-Sportmotorcycle"":81,""Chrysler"":20,""Circle K"":20,""Convenience Stores"":20,""Diversified Healthcare Trust"":20,""Dodge"":20,""Dunlop Tires"":20,""Garmin"":20,""Hospitals"":20,""Jeep"":20,""Mall"":20,""Moneygram"":20,""Pennzoil"":20,""Progressive"":20,""Truck Stops"":20,""U Haul"":20,""Valvoline"":20,""Walmart"":20,""Western Union"":20}","{""Dunlop Tires"":81,""Gas Stations"":81,""KTM-Sportmotorcycle"":81,""Walmart"":81,""Byrne Dairy"":61,""Mall"":61,""Moneygram"":61,""Armstrong Flooring"":40,""Convenience Stores"":40,""Freshpet"":40,""Speedway"":40,""Truck Stops"":40,""Wegmans"":40,""Western Union"":40,""AB InBev"":20,""AT&T"":20,""Advan"":20,""American Animal Hospital Association (AAHA)"":20,""Asics"":20}",947 South 1st St,"Motorcycle, ATV, and All Other Motor Vehicle Dealers ",SZKMY,Other Motor Vehicle Dealers ,81,None,81,None,None,None,"[0,20,0,20,40,0,0]","[0,0,0,0,0,0,0,0,0,0,0,0,0,0,0,0,0,0,0,0,0,0,0,0,0,0,0,0,0,0,0,0,0,0,0,20,0,0,0,0,0,0,0,0,0,0,0,0,0,0,0,0,0,0,0,0,0,0,0,0,0,0,0,0,0,0,0,0,0,0,0,0,0,0,0,0,0,0,0,0,0,0,0,0,0,0,0,0,0,0,20,0,0,0,0,0,0,0,0,0,0,0,0,0,0,0,0,20,0,20,0,0,0,0,0,0,0,0,0,0,0,0,0,0,0,0,0,0,0,0,0,0,0,0,0,0,0,0,0,0,0,0,0,0,0,0,0,0,0,0,0,0,0,0,0,0,0,0,0,0,0,0,0,0,0,0,0,0]"
Floor Covering Stores,"{""<5"":51, ""5-20"":0, ""21-60"":0,""61-240"":0,"">240"":0}",South Richmond Hill,2038-01-01,2017-02-12 00:00:00,2017-02-06 00:00:00,"{""android"":26,""ios"":26}",None,8363687828316417975,8338441,False,US,40.6876907,Floor Covering Stores,-73.8250732,1.0,35620,442210,1970-01-01,A1_NAICS-442210,8338441,360810106001,11419,NY,"{""Allsites Union"":51,""Coarse 1 overlapping zone"":51,""Coarse All Geometries"":51,""NYC Parks"":51,""Parents Zones GroundTruth Foreverwild"":51,""U.S. Ports"":51,""Gyms"":26,""Holiday Inn Express"":26,""Kmart"":26,""NAEYC"":26,""Office Building"":26,""Parents 1 overlapping zone"":26,""Parents 7 plus overlapping zones"":26,""Pennzoil"":26,""Progressive"":26,""Retro Fitness"":26,""Travelers"":26,""Vornado Realty Trust"":26,""Western Union"":26}","{""Allsites Union"":51,""Coarse 1 overlapping zone"":51,""Coarse All Geometries"":51,""Holiday Inn Express"":51,""NYC Parks"":51,""Parents Zones GroundTruth Foreverwild"":51,""Progressive"":51,""Travelers"":51,""U.S. Ports"":51,""ALDO"":26,""Avalonbay Communities"":26,""Bright Horizons"":26,""Cricket Wireless"":26,""Duane Reade"":26,""Gyms"":26,""Hale and Hearty"":26,""Hospitals"":26,""Hotel"":26,""Ideal Food Basket"":26}",10311 Lefferts Blvd,Floor Covering Stores ,NAICS-442210,Home Furnishings Stores ,51,None,51,None,None,None,"[0,0,51,0,0,0,0]","[0,0,0,0,0,0,0,0,0,0,0,0,0,0,0,0,0,0,0,0,0,0,0,0,0,0,0,0,0,0,0,0,0,0,0,0,0,0,0,0,0,0,0,0,0,0,0,0,0,0,0,0,0,0,0,0,0,0,0,0,0,0,0,0,0,0,0,25,0,0,25,0,0,0,0,0,0,0,0,0,0,0,0,0,0,0,0,0,0,0,0,0,0,0,0,0,0,0,0,0,0,0,0,0,0,0,0,0,0,0,0,0,0,0,0,0,0,0,0,0,0,0,0,0,0,0,0,0,0,0,0,0,0,0,0,0,0,0,0,0,0,0,0,0,0,0,0,0,0,0,0,0,0,0,0,0,0,0,0,0,0,0,0,0,0,0,0,0]"
Discount Tire Co,"{""<5"":76, ""5-20"":0, ""21-60"":0,""61-240"":0,"">240"":0}",Independence,2038-01-01,2017-02-12 00:00:00,2017-02-06 00:00:00,"{""ios"":51}",None,8526855545990070318,5667462,False,US,39.0780411,Discount Tire Co Inc,-94.3950492,None,28140,441320,2015-12-22,A1_DTIRE-A,5667462,290950123002,64055,MO,"{""Cooper Tire & Rubber"":51,""Dunlop Tires"":51,""Concentra"":26,""Family Dollar Stores"":26,""Gas Stations"":26,""Hy Vee Fast & Fresh "":26,""QuikTrip"":26}","{""Cooper Tire & Rubber"":51,""Dunlop Tires"":51,""Gas Stations"":51,""Hospitals"":51,""QuikTrip"":51,""Concentra"":26,""Family Dollar Stores"":26,""Hy Vee Fast & Fresh "":26,""McDonald's"":26,""Walgreens"":26,""Western Union"":26}",1511 East 23Rd Street South,Tire Dealers ,DTIRE-A,"Automotive Parts, Accessories, and Tire Stores ",76,None,51,None,None,None,"[0,25,25,0,26,0,0]","[0,0,0,0,0,0,0,0,0,0,0,0,0,0,0,0,0,0,0,0,0,0,0,0,0,0,0,0,0,0,0,25,0,0,0,0,0,0,0,0,0,0,0,0,0,0,0,0,0,0,0,0,0,0,0,25,0,0,0,0,0,0,0,0,0,0,0,0,0,0,0,0,0,0,0,0,0,0,0,0,0,0,0,0,0,0,0,0,0,0,0,0,0,0,0,0,0,0,0,0,0,0,26,0,0,0,0,0,0,0,0,0,0,0,0,0,0,0,0,0,0,0,0,0,0,0,0,0,0,0,0,0,0,0,0,0,0,0,0,0,0,0,0,0,0,0,0,0,0,0,0,0,0,0,0,0,0,0,0,0,0,0,0,0,0,0,0,0]"
Painting and Wall Covering Contractors,"{""<5"":51, ""5-20"":0, ""21-60"":0,""61-240"":0,"">240"":0}",Hamburg,2038-01-01,2017-02-12 00:00:00,2017-02-06 00:00:00,"{""android"":26,""ios"":26}",None,151240966226530639,9916438,False,US,42.7148475,Painting and Wall Covering Contractors,-78.837455,None,15380,238320,1970-01-01,A1_NAICS-238320,9916438,360290134003,14075,NY,"{""Mall"":51,""Advan"":26,""Cabela's"":26,""Chaco"":26,""Dick's Sporting Goods"":26,""Garmin"":26,""Gas Stations"":26,""Longhorn Steakhouse"":26,""Moneygram"":26,""Pennzoil"":26,""Rite Aid"":26,""TGI Friday's"":26,""Tim Hortons"":26,""Valvoline"":26,""Wegmans"":26,""Western Union"":26}","{""DLC Management"":51,""DRA Advisors"":51,""Freshpet"":51,""Mall"":51,""Moneygram"":51,""Restaurants"":51,""Tim Hortons"":51,""Wegmans"":51,""Western Union"":51,""ASA (Automotive Service Association)"":26,""Advan"":26,""AutoZone Repair"":26,""Big Lots"":26,""Bj's Wholesale Club"":26,""Burger King"":26,""CVS"":26,""Cabela's"":26,""Catholic Health Buffalo"":26,""Chaco"":26}",211 Long Ave,Painting and Wall Covering Contractors,NAICS-238320,Building Finishing Contractors,51,None,51,None,None,None,"[0,0,0,0,51,0,0]","[0,0,0,0,0,0,0,0,0,0,0,0,0,0,0,0,0,0,0,0,0,0,0,0,0,0,0,0,0,0,0,0,0,0,0,0,0,0,0,0,0,0,0,0,0,0,0,0,0,0,0,0,0,0,0,0,0,0,0,0,0,0,0,0,0,0,0,0,0,0,0,0,0,0,0,0,0,0,0,0,0,0,0,0,0,0,0,0,0,0,0,0,0,0,0,0,0,0,0,0,0,0,0,0,0,0,0,26,0,0,0,0,0,0,26,0,0,0,0,0,0,0,0,0,0,0,0,0,0,0,0,0,0,0,0,0,0,0,0,0,0,0,0,0,0,0,0,0,0,0,0,0,0,0,0,0,0,0,0,0,0,0,0,0,0,0,0,0]"
Parking Lots and Garages,"{""<5"":51, ""5-20"":0, ""21-60"":0,""61-240"":0,"">240"":0}",Tumwater,2038-01-01,2017-02-12 00:00:00,2017-02-06 00:00:00,"{""android"":51}",None,8958317562188678277,7628570,False,US,47.0461742,Parking Lots and Garages,-122.9030644,None,36500,812930,1970-01-01,A1_NAICS-812930,7628570,530670101001,98501,WA,"{""Gyms"":51,""7 Eleven"":26,""Convenience Stores"":26,""Jazzercise"":26,""PetVet"":26,""U.S. Ports"":26,""Wendy's"":26,""Western Union"":26}","{""Freshpet"":51,""Gyms"":51,""Mall"":51,""Western Union"":51,""7 Eleven"":26,""Barnes and Noble"":26,""Blue Buffalo"":26,""Cafaro"":26,""Cardtronics"":26,""Chaco"":26,""Cinnabon"":26,""Convenience Stores"":26,""Diamond Parking Service"":26,""Event Venues"":26,""FedEx"":26,""Fred Meyer"":26,""Golf Courses"":26,""Hospitals"":26,""JCPenney"":26}",222 Columbia St NW,Parking Lots and Garages ,NAICS-812930,Other Personal Services ,51,None,51,None,None,None,"[0,0,0,26,26,0,0]","[0,0,0,0,0,0,0,0,0,0,0,0,0,0,0,0,0,0,0,0,0,0,0,0,0,0,0,0,0,0,0,0,0,0,0,0,0,0,0,0,0,0,0,0,0,0,0,0,0,0,0,0,0,0,0,0,0,0,0,0,0,0,0,0,0,0,0,0,0,0,0,0,0,0,0,0,0,0,0,0,0,0,0,0,0,0,0,0,0,0,26,0,0,0,0,0,0,0,0,0,0,0,0,0,0,0,0,0,0,26,0,0,0,0,0,0,0,0,0,0,0,0,0,0,0,0,0,0,0,0,0,0,0,0,0,0,0,0,0,0,0,0,0,0,0,0,0,0,0,0,0,0,0,0,0,0,0,0,0,0,0,0,0,0,0,0,0,0]"
Tesla,"{""<5"":76, ""5-20"":0, ""21-60"":0,""61-240"":0,"">240"":0}",Big Timber,2038-01-01,2017-02-12 00:00:00,2017-02-06 00:00:00,"{""android"":77}",None,8579402537207783851,1818880,False,US,45.8361444,"Tesla Motors, Inc.",-109.9432522,5.0,None,336111,1970-01-01,A1_TSLA,1818880,300979670002,59011,MT,"{""A&W Restaurants"":26,""Associated Food Stores"":26,""Brewers Association"":26,""Country Inn & Suites"":26,""Econo Lodge"":26,""ExxonMobil"":26,""Family Foods Stores"":26,""Grocery Stores"":26,""Hospitals"":26,""Hotel"":26,""KOA"":26,""Mall"":26,""Motel 6"":26,""My Place Hotels"":26,""Nursing Homes"":26,""Park"":26,""Red Lion Inn & Suites"":26,""The American Red Cross"":26,""Truck Stops"":26}","{""Ace Hardware"":51,""Brewers Association"":51,""Convenience Stores"":51,""Hankook Tire"":51,""Hotel"":51,""IGA"":51,""Mall"":51,""Outdoor Shops"":51,""Truck Stops"":51,""A&W Restaurants"":26,""ACDelco"":26,""Albertson's"":26,""Armstrong Flooring"":26,""Associated Food Stores"":26,""Blimpie"":26,""Buick"":26,""Buzztime"":26,""CENEX"":26,""Canidae"":26}",228 Big Timber Loop Rd,Automobile Manufacturing ,TSLA,Motor Vehicle Manufacturing,76,None,76,None,None,None,"[0,51,0,0,26,0,0]","[0,0,0,0,0,0,0,0,0,0,0,0,0,0,0,0,0,0,0,0,0,0,0,0,0,0,0,0,0,0,0,0,0,0,0,0,0,0,0,25,25,0,0,0,0,0,0,0,0,0,0,0,0,0,0,0,0,0,0,0,0,0,0,0,0,0,0,0,0,0,0,0,0,0,0,0,0,0,0,0,0,0,0,0,0,0,0,0,0,0,0,0,0,0,0,0,0,0,0,0,0,0,0,0,0,0,0,26,0,0,0,0,0,0,0,0,0,0,0,0,0,0,0,0,0,0,0,0,0,0,0,0,0,0,0,0,0,0,0,0,0,0,0,0,0,0,0,0,0,0,0,0,0,0,0,0,0,0,0,0,0,0,0,0,0,0,0,0]"
Florists,"{""<5"":77, ""5-20"":0, ""21-60"":0,""61-240"":0,"">240"":0}",Seattle,2038-01-01,2017-02-12 00:00:00,2017-02-06 00:00:00,"{""android"":51,""ios"":26}",None,8082797962811796943,9267384,False,US,47.4925613,Florists,-122.3335724,None,42660,453110,1970-01-01,A1_NAICS-453110,9267384,530330270003,98168,WA,"{""U.S. Ports"":51,""ARCO"":26,""Amazon Warehouses"":26,""Ampm"":26,""Convenience Stores"":26,""Cooper's Express"":26,""Diamond Parking Service"":26,""Ferguson"":26,""Gas Stations"":26,""Home Depot"":26,""KinderCare Learning Centers"":26,""Marriott International"":26,""NAEYC"":26,""O'Reilly Auto Parts"":26,""Storage & Warehouse Parking"":26}","{""Mall"":77,""U.S. Ports"":77,""Armstrong Flooring"":51,""Convenience Stores"":51,""Freshpet"":51,""Gas Stations"":51,""Home Depot"":51,""Ports"":51,""Western Union"":51,""76"":26,""AAA/CAA Auto Repair - Authorized Providers"":26,""AMC"":26,""ARCO"":26,""Ace Hardware"":26,""Advan"":26,""Amazon Warehouses"":26,""Ampm"":26,""Ardagh Holdings"":26,""Avalonbay Communities"":26}",12260 1St Ave S,Florists ,NAICS-453110,Florists ,77,None,77,None,None,None,"[26,0,51,0,0,0,0]","[0,0,0,0,0,0,0,0,26,0,0,0,0,0,0,0,0,0,0,0,0,0,0,0,0,0,0,0,0,0,0,0,0,0,0,0,0,0,0,0,0,0,0,0,0,0,0,0,0,0,0,0,0,0,0,0,0,0,0,0,0,0,0,0,0,25,0,25,0,0,0,0,0,0,0,0,0,0,0,0,0,0,0,0,0,0,0,0,0,0,0,0,0,0,0,0,0,0,0,0,0,0,0,0,0,0,0,0,0,0,0,0,0,0,0,0,0,0,0,0,0,0,0,0,0,0,0,0,0,0,0,0,0,0,0,0,0,0,0,0,0,0,0,0,0,0,0,0,0,0,0,0,0,0,0,0,0,0,0,0,0,0,0,0,0,0,0,0]"
Gas Stations,"{""<5"":77, ""5-20"":0, ""21-60"":0,""61-240"":0,"">240"":0}",JACKSONVILLE,2038-01-01,2017-02-12 00:00:00,2017-02-06 00:00:00,"{""android"":51,""ios"":26}",None,8650354510926903317,13362515,False,US,30.3329815,Texaco,-81.7057245,3.0,27260,447190,1970-01-01,A1_GAS-A,13362515,120310027021,32254,FL,"{""Convenience Stores"":26,""Hankook Tire"":26,""Home Depot"":26,""Kimco Realty"":26,""Life Storage"":26,""Mall"":26,""Marshalls"":26,""Ports"":26,""Public Storage"":26,""Realty Income"":26,""Sodastream"":26,""Southeast Centers"":26,""SpareFoot"":26,""Truck Stops"":26}","{""BP"":51,""Dunlop Tires"":51,""Home Depot"":51,""Mall"":51,""Moneygram"":51,""Walmart"":51,""Armstrong Flooring"":26,""Boost Mobile"":26,""Convenience Stores"":26,""Freshpet"":26,""Hankook Tire"":26,""Kimco Realty"":26,""Leggettt & Platt"":26,""Life Storage"":26,""Marshalls"":26,""Mattress One"":26,""Pennzoil"":26,""Ports"":26,""Public Storage"":26}",770 MCDUFF AVE S,Other Gasoline Stations ,GAS-A,Gasoline Stations ,77,None,77,None,None,None,"[26,0,0,0,26,26,0]","[0,0,0,0,0,0,0,0,0,0,0,0,0,0,0,0,26,0,0,0,0,0,0,0,0,0,0,0,0,0,0,0,0,0,0,0,0,0,0,0,0,0,0,0,0,0,0,0,0,0,0,0,0,0,0,0,0,0,0,0,0,0,0,0,0,0,0,0,0,0,0,0,0,0,0,0,0,0,0,0,0,0,0,0,0,0,0,0,0,0,0,0,0,0,0,0,0,0,0,0,0,0,0,0,0,0,0,0,0,0,0,0,0,0,26,0,0,0,0,0,0,0,0,0,0,26,0,0,0,0,0,0,0,0,0,0,0,0,0,0,0,0,0,0,0,0,0,0,0,0,0,0,0,0,0,0,0,0,0,0,0,0,0,0,0,0,0,0]"
Casino Hotels,"{""<5"":77, ""5-20"":0, ""21-60"":0,""61-240"":0,"">240"":0}",South Gate,2038-01-01,2017-02-12 00:00:00,2017-02-06 00:00:00,"{""ios"":51,""android"":26}",None,8018811143565526650,7581392,False,US,33.9565038,Casino Hotels,-118.2200048,None,31080,721120,1970-01-01,A1_NAICS-721120,7581392,060375356031,90280,CA,"{""Mall"":51,""Ampm"":26,""Chase"":26,""Denny's"":26,""Dollar Tree"":26,""Extra Space Storage"":26,""Food 4 Less"":26,""HRSA Data Warehouse"":26,""Hyundai"":26,""Kaiser Permanente"":26,""Restaurants"":26,""Surgery Centers"":26,""Universities and Colleges"":26}","{""Mall"":77,""California DMV"":51,""Cardtronics"":51,""Hotel"":51,""Kaiser Permanente"":51,""Live Nation Promoted Venues"":51,""McDonald's"":51,""Moneygram"":51,""Restaurants"":51,""7 Eleven"":26,""Aimco"":26,""Ampm"":26,""Apple Hospitality REIT"":26,""Babies R Us"":26,""Boost Mobile"":26,""Bright Now Dental"":26,""CVS"":26,""Chase"":26,""Convenience Stores"":26}",2900 Laurel Place,Casino Hotels,NAICS-721120,Traveler Accommodation,77,None,77,None,None,None,"[26,0,0,0,26,0,26]","[0,0,0,0,0,0,0,0,0,0,0,0,26,0,0,0,0,0,0,0,0,0,0,0,0,0,0,0,0,0,0,0,0,0,0,0,0,0,0,0,0,0,0,0,0,0,0,0,0,0,0,0,0,0,0,0,0,0,0,0,0,0,0,0,0,0,0,0,0,0,0,0,0,0,0,0,0,0,0,0,0,0,0,0,0,0,0,0,0,0,0,0,0,0,0,0,0,0,0,0,0,0,0,0,0,0,0,0,0,0,0,0,0,0,0,0,26,0,0,0,0,0,0,0,0,0,0,0,0,0,0,0,0,0,0,0,0,0,0,0,0,0,0,0,0,0,0,0,26,0,0,0,0,0,0,0,0,0,0,0,0,0,0,0,0,0,0,0]"
Journeys,"{""<5"":78, ""5-20"":0, ""21-60"":0,""61-240"":0,"">240"":0}",Lufkin,2038-01-01,2017-02-12 00:00:00,2017-02-06 00:00:00,"{""ios"":51,""android"":26}",None,9129498988819824476,1821223,False,US,31.3128014,Genesco Inc.,-94.7248157,None,31260,448210,1970-01-01,A1_GCO,1821223,480050008002,75901,TX,"{""Claires"":77,""Footaction"":77,""Kay Jewelers"":77,""Keds"":77,""Kirkland's"":77,""Mall"":77,""Movado"":77,""Best Buy"":26,""Best Western"":26,""Buckle"":26,""Cellairis"":26,""Garmin"":26,""Hibbett Sports"":26,""Hobby Lobby Stores"":26,""JCPenney"":26,""Old Navy"":26,""Shoe Carnival"":26,""Shoe Dept. Encore"":26,""Shoe Show"":26}","{""Claires"":77,""Footaction"":77,""Kay Jewelers"":77,""Keds"":77,""Kirkland's"":77,""Mall"":77,""Movado"":77,""Applebee's"":26,""Best Buy"":26,""Best Western"":26,""Buckle"":26,""Cellairis"":26,""Chick-fil-A"":26,""Convenience Stores"":26,""Dunlop Tires"":26,""Family Dollar Stores"":26,""Garmin"":26,""Hibbett Sports"":26,""Hobby Lobby Stores"":26}",4600 South Medford Drive,Shoe Stores ,GCO,Shoe Stores ,78,None,77,None,None,None,"[0,0,0,26,0,52,0]","[0,0,0,0,0,0,0,0,0,0,0,0,0,0,0,0,0,0,0,0,0,0,0,0,0,0,0,0,0,0,0,0,0,0,0,0,0,0,0,0,0,0,0,0,0,0,0,0,0,0,0,0,0,0,0,0,0,0,0,0,0,0,0,0,0,0,0,0,0,0,0,0,0,0,0,0,0,0,0,0,0,0,0,0,0,0,0,26,0,0,0,0,0,0,0,0,0,0,0,0,0,0,0,0,0,0,0,0,0,0,0,0,0,0,0,0,0,0,0,0,0,0,0,0,0,0,0,0,0,0,26,0,0,0,0,0,0,26,0,0,0,0,0,0,0,0,0,0,0,0,0,0,0,0,0,0,0,0,0,0,0,0,0,0,0,0,0,0]"
Covetrus,"{""<5"":51, ""5-20"":0, ""21-60"":26,""61-240"":0,"">240"":0}",Greenwood,2038-01-01,2017-02-12 00:00:00,2017-02-06 00:00:00,"{""android"":51,""ios"":26}",None,9136329289257867255,6271334,False,US,35.210035,"Covetrus, Inc.",-94.2440385,42.0,22900,541940,1970-01-01,A1_CVET,6271334,051310101024,72936,AR,"{""Thrive Pet Healthcare"":51,""ABB"":26,""Advan"":26,""Blue Buffalo"":26,""Gyms"":26,""H&R Block"":26,""Peter Millar"":26,""Tractor Supply"":26,""Travelers"":26,""VIP Petcare"":26}","{""Dunlop Tires"":77,""Mall"":77,""Moneygram"":77,""Walmart"":77,""Atwoods Ranch & Home"":51,""Blue Buffalo"":51,""Convenience Stores"":51,""Gyms"":51,""Nutrena"":51,""Thrive Pet Healthcare"":51,""Travelers"":51,""Wolverine"":51,""10GYM"":26,""ABB"":26,""Academy Sports + Outdoors"":26,""Ace Hardware"":26,""Advan"":26,""Armstrong Flooring"":26,""Auto Value"":26}",12310 S Highway 96,Veterinary Services ,CVET,"Other Professional, Scientific, and Technical Services",77,None,77,None,None,None,"[0,0,0,26,26,26,0]","[0,0,0,0,0,0,0,0,0,0,0,0,0,0,0,0,0,0,0,0,0,0,0,0,0,0,0,0,0,0,0,0,0,0,0,0,0,0,0,0,0,0,0,0,0,0,0,0,0,0,0,0,0,0,0,0,0,0,0,0,0,0,0,0,0,0,0,0,0,0,0,0,0,0,0,0,0,0,0,0,0,0,0,0,0,0,0,0,0,0,0,0,0,26,0,0,0,0,0,0,0,0,0,0,0,0,0,0,0,0,0,0,26,0,0,0,0,0,0,0,0,0,0,0,0,0,0,26,26,0,0,0,0,0,0,0,0,0,0,0,0,0,0,0,0,0,0,0,0,0,0,0,0,0,0,0,0,0,0,0,0,0,0,0,0,0,0,0]"
American Family's Certified Repair Program (CRP),"{""<5"":78, ""5-20"":0, ""21-60"":0,""61-240"":0,"">240"":0}",Pendleton,2038-01-01,2017-02-12 00:00:00,2017-02-06 00:00:00,"{""android"":51,""ios"":26}",None,1927242660617790375,9158831,False,US,40.0012265,American Family's Certified Repair Program (CRP),-85.736515,None,26900,811111,1970-01-01,A1_AMFAM-A-ARP,9158831,180950115021,46064,IN,"{""Mall"":51,""Alfa Romeo"":26,""Autozone"":26,""Burger King"":26,""Commercial Banks & Credit Unions"":26,""Fiat"":26,""Great Clips"":26,""Gyms"":26,""Kia"":26,""Maserati"":26,""Pennzoil"":26,""Porsche"":26,""Speedway"":26,""Subaru"":26,""The Broadbent Company"":26,""Western Union"":26}","{""Burger King"":51,""CVS"":51,""Dunlop Tires"":51,""Freshpet"":51,""Mall"":51,""Moneygram"":51,""Speedway"":51,""Western Union"":51,""AAA/CAA Auto Repair - Authorized Providers"":26,""ABRA"":26,""Abercrombie and Fitch"":26,""Alfa Romeo"":26,""American Family's Certified Repair Program (CRP)"":26,""Armstrong Flooring"":26,""Autozone"":26,""Big Lots"":26,""Blue Buffalo"":26,""CarMax"":26,""Cardtronics"":26}",106 West Central Way,General Automotive Repair ,AMFAM-A-ARP,Automotive Repair and Maintenance,78,None,77,None,None,None,"[51,0,0,0,0,0,26]","[0,0,0,0,0,0,0,0,0,0,26,0,0,0,0,26,0,0,0,0,0,0,0,0,0,0,0,0,0,0,0,0,0,0,0,0,0,0,0,0,0,0,0,0,0,0,0,0,0,0,0,0,0,0,0,0,0,0,0,0,0,0,0,0,0,0,0,0,0,0,0,0,0,0,0,0,0,0,0,0,0,0,0,0,0,0,0,0,0,0,0,0,0,0,0,0,0,0,0,0,0,0,0,0,0,0,0,0,0,0,0,0,0,0,0,0,0,0,0,0,0,0,0,0,0,0,0,0,0,0,0,0,0,0,0,0,0,0,0,0,0,0,0,0,0,0,26,0,0,0,0,0,0,0,0,0,0,0,0,0,0,0,0,0,0,0,0,0]"
Starbucks,"{""<5"":78, ""5-20"":0, ""21-60"":0,""61-240"":0,"">240"":0}",Ocean City,2038-01-01,2017-02-12 00:00:00,2017-02-06 00:00:00,"{""android"":77}",None,609885141074164688,5429176,False,US,39.275632,Starbucks Corporation,-74.5700445,4.0,36140,722515,2016-07-01,A1_SBUX,5429176,340090201014,8226,NJ,"{""Hotel"":51,""McDonald's"":51,""Restaurants"":51,""Applebee's"":26,""Brixmor Property Group"":26,""Fire Protection"":26,""Five Below"":26,""Gulf Oil"":26,""Kawasaki Motors"":26,""Live Nation Promoted Venues"":26,""MGM Growth Properties"":26,""MGM Resorts"":26,""Movado"":26,""Police Protection"":26,""Progressive"":26,""TD Bank"":26,""Travelers"":26}","{""Acme"":77,""Freshpet"":77,""Mall"":77,""Moneygram"":77,""Restaurants"":77,""Convenience Stores"":51,""Dunlop Tires"":51,""Garmin"":51,""Hotel"":51,""Live Nation Promoted Venues"":51,""McDonald's"":51,""Travelers"":51,""Advan"":26,""Advance Auto Parts"":26,""Applebee's"":26,""Auto Value"":26,""Blink Fitness"":26,""Blue Buffalo"":26,""Brewers Association"":26}",820 Boardwalk,Snack and Nonalcoholic Beverage Bars ,SBUX,Restaurants and Other Eating Places,78,None,77,None,None,None,"[26,0,0,0,0,0,53]","[0,0,0,0,0,0,0,0,0,0,26,0,0,0,0,0,0,0,0,0,0,0,0,0,0,0,0,0,0,0,0,0,0,0,0,0,0,0,0,0,0,0,0,0,0,0,0,0,0,0,0,0,0,0,0,0,0,0,0,0,0,0,0,0,0,0,0,0,0,0,0,0,0,0,0,0,0,0,0,0,0,0,0,0,0,0,0,0,0,0,0,0,0,0,0,0,0,0,0,0,0,0,0,0,0,0,0,0,0,0,0,0,0,0,0,0,0,0,0,0,0,0,0,0,0,0,0,0,0,0,0,0,0,0,0,0,0,0,0,0,0,0,0,0,0,0,0,0,0,0,0,0,0,0,0,0,0,0,26,26,0,0,0,0,0,0,0,0]"
Hotel,"{""<5"":102, ""5-20"":0, ""21-60"":26,""61-240"":26,"">240"":0}",Portales,2038-01-01,2017-02-12 00:00:00,2017-02-06 00:00:00,"{""android"":51,""ios"":26}",None,3009324942498753837,13210696,False,US,34.1583855,Almost Home Bed and Breakfast,-103.3362415,210.0,38780,721110,1970-01-01,A1_HOTEL-A,13210696,350410001004,88130,NM,"{""Applebee's"":26,""Baymont Inn Suites"":26,""Gyms"":26,""Hawkins Companies"":26,""Hercules Tire & Rubber"":26,""Holiday Inn Express"":26,""Interim HealthCare"":26,""Subway"":26,""Truck Stops"":26,""Truck Weighing Stations "":26,""Universities and Colleges"":26,""Wolverine"":26}","{""Subway"":51,""Universities and Colleges"":51,""Alon USA"":26,""Applebee's"":26,""Baymont Inn Suites"":26,""Boost Mobile"":26,""Dollar Tree"":26,""Dunlop Tires"":26,""First Convenience Bank"":26,""Garmin"":26,""Gas Stations"":26,""Gyms"":26,""HRSA Data Warehouse"":26,""Hawkins Companies"":26,""Hercules Tire & Rubber"":26,""Holiday Inn Express"":26,""ICBA"":26,""Interim HealthCare"":26,""Moneygram"":26}",8168 State Hwy 206,Hotels (except Casino Hotels) and Motels ,HOTEL-A,Traveler Accommodation,153,None,77,None,None,None,"[0,25,25,51,51,0,0]","[0,0,0,0,0,0,0,0,0,0,0,0,0,0,0,0,0,0,0,0,0,0,0,0,0,0,0,0,0,0,0,0,0,0,0,0,0,0,0,0,0,25,0,0,0,0,0,0,0,0,0,0,0,0,0,0,0,0,0,0,0,0,0,0,0,25,0,0,0,0,0,0,0,0,0,0,0,0,0,0,0,0,0,0,0,0,0,0,0,0,26,0,26,51,0,0,0,0,0,0,0,26,26,0,0,0,0,0,0,0,0,26,0,0,0,0,0,0,0,0,0,0,0,0,0,0,0,0,0,0,0,0,0,0,0,0,0,0,0,0,0,0,0,0,0,0,0,0,0,0,0,0,0,0,0,0,0,0,0,0,0,0,0,0,0,0,0,0]"
All Other Miscellaneous Store Retailers (except Tobacco Stores),"{""<5"":102, ""5-20"":0, ""21-60"":0,""61-240"":0,"">240"":0}",Norristown,2038-01-01,2017-02-12 00:00:00,2017-02-06 00:00:00,"{""android"":77,""ios"":26}",None,9153898766279962301,8427872,False,US,40.1116982,Bishop Richard E LTD,-75.3420715,1.0,37980,453998,1970-01-01,A1_NAICS-453998,8427872,420912039022,19401,PA,"{""EVTS"":51,""Golf Courses"":51,""Universities and Colleges"":51,""AAA/CAA Auto Repair - Authorized Providers"":26,""Allison Transmission"":26,""Audi"":26,""Carpet One"":26,""Daimler"":26,""Dunkin Donuts"":26,""Furniture & Home Furnishings"":26,""Hospitals"":26,""Jefferson Park"":26,""Macerich"":26,""Mini"":26,""Navistar"":26,""Pennzoil"":26,""Peterbilt Motors"":26,""Porsche"":26,""Rite Aid"":26}","{""EVTS"":77,""Convenience Stores"":51,""Dunkin Donuts"":51,""Golf Courses"":51,""Mall"":51,""Moneygram"":51,""Universities and Colleges"":51,""Wawa"":51,""Western Union"":51,""7 Eleven"":26,""AAA/CAA Auto Repair - Authorized Providers"":26,""Acme"":26,""Allison Transmission"":26,""Armstrong Flooring"":26,""Audi"":26,""Audiologists"":26,""Auntie Anne's"":26,""Bon-Ton Stores"":26,""Boost Mobile"":26}",500 E Washington St,All Other Miscellaneous Store Retailers (except Tobacco Stores) ,NAICS-453998,Other Miscellaneous Store Retailers ,102,None,102,None,None,None,"[0,51,0,0,51,0,0]","[0,0,0,0,0,0,0,0,0,0,0,0,0,0,0,0,0,0,0,0,0,0,0,0,0,25,0,0,0,0,0,0,0,0,0,0,25,0,0,0,0,0,0,0,0,0,0,0,0,0,0,0,0,0,0,0,0,0,0,0,0,0,0,0,0,0,0,0,0,0,0,0,0,0,0,0,0,0,0,0,0,0,0,0,0,0,0,0,0,0,0,0,0,0,0,0,0,0,0,0,0,0,0,26,0,26,0,0,0,0,0,0,0,0,0,0,0,0,0,0,0,0,0,0,0,0,0,0,0,0,0,0,0,0,0,0,0,0,0,0,0,0,0,0,0,0,0,0,0,0,0,0,0,0,0,0,0,0,0,0,0,0,0,0,0,0,0,0]"
Eye Med,"{""<5"":77, ""5-20"":0, ""21-60"":25,""61-240"":0,"">240"":0}",Kingsport,2038-01-01,2017-02-12 00:00:00,2017-02-06 00:00:00,"{""android"":77,""ios"":26}",None,8532771021893353197,11664084,False,US,36.5538195,Eye Med,-82.5639595,21.0,28700,446130,1970-01-01,A1_EYEME-A,11664084,471630402001,37660,TN,"{""Mall"":51,""McDonald's"":51,""Dollar General"":26,""Dunlop Tires"":26,""Edward Jones"":26,""Freshpet"":26,""Genoa Healthcare"":26,""Gyms"":26,""Moneygram"":26,""Subway"":26,""Taco Bell"":26,""Verizon"":26,""Walgreens"":26,""Walmart"":26,""Western Union"":26}","{""Dunlop Tires"":77,""Freshpet"":77,""Walmart"":77,""Mall"":51,""McDonald's"":51,""Moneygram"":51,""Western Union"":51,""Autograph Collection Hotels"":26,""Blue Buffalo"":26,""Build A Bear"":26,""Convenience Stores"":26,""Cooper Tire & Rubber"":26,""Courtyard by Marriott"":26,""Cracker Barrel"":26,""Delicatessens"":26,""Dick's Sporting Goods"":26,""Dollar General"":26,""Domtar"":26,""Edward Jones"":26}",444 Clinchfield St,Optical Goods Stores ,EYEME-A,Health and Personal Care Stores ,102,None,102,None,None,None,"[26,25,0,0,51,0,0]","[0,0,0,0,0,0,0,0,0,0,0,26,0,0,0,0,0,0,0,0,0,0,0,0,0,0,0,0,0,0,0,0,0,25,25,0,0,0,0,0,0,0,0,0,0,0,0,0,0,0,0,0,0,0,0,0,0,0,0,0,0,0,0,0,0,0,0,0,0,0,0,0,0,0,0,0,0,0,0,0,0,0,0,0,0,0,0,0,0,0,0,0,0,0,0,0,0,0,0,0,0,0,0,0,0,0,0,0,0,26,0,0,0,26,0,0,0,0,0,0,0,0,0,0,0,0,0,0,0,0,0,0,0,0,0,0,0,0,0,0,0,0,0,0,0,0,0,0,0,0,0,0,0,0,0,0,0,0,0,0,0,0,0,0,0,0,0,0]"
Restaurants,"{""<5"":102, ""5-20"":0, ""21-60"":0,""61-240"":0,"">240"":0}",Queens,2038-01-01,2017-02-12 00:00:00,2017-02-06 00:00:00,"{""ios"":77,""android"":26}",None,8190059635412816551,13030261,False,US,40.6954065,VC Restaurant Bar & Lounge,-73.842599,None,35620,722511,1970-01-01,A1_RESTAURANT-A,13030261,360810026002,11418,NY,"{""NYC Parks"":77,""U.S. Ports"":77,""Restaurants"":51,""Universities and Colleges"":51,""Bike Shops"":26,""Bravo Supermarkets"":26,""Brightside Academy"":26,""Clean Rite Center"":26,""Family Dollar Stores"":26,""Hotel"":26,""Moneygram"":26,""Office Building"":26,""Police Protection"":26,""STK"":26,""U.S. Social Security Administration"":26,""USPS"":26}","{""NYC Parks"":103,""Moneygram"":77,""Restaurants"":77,""U.S. Ports"":77,""Allsites Union"":51,""Coarse 2 to 6 overlapping zones area over million sq ft"":51,""Coarse 2 to 6 overlapping zones area under million sq ft"":51,""Coarse All Geometries"":51,""Delicatessens"":51,""Live Nation Promoted Venues"":51,""Office Building"":51,""Parents 7 plus overlapping zones"":51,""Parents Zones GroundTruth Foreverwild"":51,""Universities and Colleges"":51,""Western Union"":51,""Apartment Complexes"":26,""Asics"":26,""Bike Shops"":26,""Bj's Wholesale Club"":26}",104-19 Jamaica Ave,Full-Service Restaurants ,RESTAURANT-A,Restaurants and Other Eating Places,102,None,102,None,None,None,"[0,25,0,0,77,0,0]","[0,0,0,0,0,0,0,0,0,0,0,0,0,0,0,0,0,0,0,0,0,0,0,0,0,0,0,0,0,0,0,0,0,0,0,0,0,0,0,0,25,0,0,0,0,0,0,0,0,0,0,0,0,0,0,0,0,0,0,0,0,0,0,0,0,0,0,0,0,0,0,0,0,0,0,0,0,0,0,0,0,0,0,0,0,0,0,0,0,0,0,0,0,0,0,0,0,0,0,0,0,0,0,0,26,0,0,0,26,0,0,0,26,0,0,0,0,0,0,0,0,0,0,0,0,0,0,0,0,0,0,0,0,0,0,0,0,0,0,0,0,0,0,0,0,0,0,0,0,0,0,0,0,0,0,0,0,0,0,0,0,0,0,0,0,0,0,0]"
Restaurants,"{""<5"":102, ""5-20"":0, ""21-60"":0,""61-240"":0,"">240"":0}",West Chicago,2038-01-01,2017-02-12 00:00:00,2017-02-06 00:00:00,"{""ios"":77,""android"":26}",None,8832064356010293531,12964078,False,US,41.883946,La Cocina de Maria,-88.2063645,None,16980,722511,1970-01-01,A1_RESTAURANT-A,12964078,170438415042,60185-2803,IL,"{""Canidae"":26,""Hercules Tire & Rubber"":26,""ICBA"":26,""Menard's"":26,""NAPA AutoCare Center"":26,""Weight Watchers"":26,""Western Union"":26,""Whirlpool"":26}","{""Dunkin Donuts"":51,""Western Union"":51,""Advan"":26,""Angelo Caputo's Fresh Markets!"":26,""Armstrong Flooring"":26,""Bakery & Baked Goods"":26,""Canidae"":26,""Cardtronics"":26,""Carnicerias Jimenez"":26,""Coffee Shops"":26,""Comfort Suites"":26,""Freshpet"":26,""Fruitful Yield"":26,""Golf Courses"":26,""Hercules Tire & Rubber"":26,""Hilton Hotels & Resorts"":26,""Home Depot"":26,""Hotel"":26,""ICBA"":26}",142 W Washington St,Full-Service Restaurants ,RESTAURANT-A,Restaurants and Other Eating Places,102,None,102,None,None,None,"[26,25,25,0,0,26,0]","[0,0,0,0,0,0,0,26,0,0,0,0,0,0,0,0,0,0,0,0,0,0,0,0,0,0,0,0,0,0,0,0,0,0,0,0,0,0,0,0,25,0,0,0,0,0,0,0,0,0,0,0,0,0,25,0,0,0,0,0,0,0,0,0,0,0,0,0,0,0,0,0,0,0,0,0,0,0,0,0,0,0,0,0,0,0,0,0,0,0,0,0,0,0,0,0,0,0,0,0,0,0,0,0,0,0,0,0,0,0,0,0,0,0,0,0,0,0,0,0,0,0,0,0,0,0,0,0,0,0,0,0,0,0,26,0,0,0,0,0,0,0,0,0,0,0,0,0,0,0,0,0,0,0,0,0,0,0,0,0,0,0,0,0,0,0,0,0]"
Motor Vehicle Towing,"{""<5"":102, ""5-20"":0, ""21-60"":0,""61-240"":0,"">240"":0}",Jacksonville,2038-01-01,2017-02-12 00:00:00,2017-02-06 00:00:00,"{""android"":51,""ios"":51}",None,952084421010860565,11055260,False,US,34.7940527,Motor Vehicle Towing,-77.4194575,5.0,27340,488410,1970-01-01,A1_NAICS-488410,11055260,371330013011,28546,NC,"{""Mall"":51,""Walgreens"":51,""Western Union"":51,""Baymont Inn Suites"":26,""Cardtronics"":26,""EVTS"":26,""ExxonMobil"":26,""Good Neighbor Pharmacy"":26,""HRSA Data Warehouse"":26,""Handy Mart"":26,""Olive Garden"":26,""Piggly Wiggly"":26,""Smithfield's Chicken 'N Bar-B-Q"":26,""SpareFoot"":26,""Texas Roadhouse"":26,""Verizon"":26}","{""Slot Machines"":103,""Convenience Stores"":77,""Mall"":77,""Western Union"":77,""BP"":51,""Dollar Tree"":51,""Dunlop Tires"":51,""Global Net Lease"":51,""Pennzoil"":51,""Subway"":51,""Walgreens"":51,""7 Eleven"":26,""Amcor"":26,""Armstrong Flooring"":26,""Baymont Inn Suites"":26,""Boost Mobile"":26,""Buffalo Wild Wings"":26,""CITGO"":26,""Cardtronics"":26}",400 Dennis Rd,Motor Vehicle Towing,NAICS-488410,Support Activities for Road Transportation,102,None,102,None,None,None,"[0,51,25,0,26,0,0]","[0,0,0,0,0,0,0,0,0,0,0,0,0,0,0,0,0,0,0,0,0,0,0,0,0,0,0,0,0,0,0,0,0,25,0,0,0,0,0,0,25,0,0,0,0,0,0,0,0,0,0,0,0,0,0,0,0,0,0,25,0,0,0,0,0,0,0,0,0,0,0,0,0,0,0,0,0,0,0,0,0,0,0,0,0,0,0,0,0,0,0,0,0,0,0,0,0,0,0,0,0,0,0,0,0,0,0,26,0,0,0,0,0,0,0,0,0,0,0,0,0,0,0,0,0,0,0,0,0,0,0,0,0,0,0,0,0,0,0,0,0,0,0,0,0,0,0,0,0,0,0,0,0,0,0,0,0,0,0,0,0,0,0,0,0,0,0,0]"
Beauty Salons,"{""<5"":102, ""5-20"":0, ""21-60"":25,""61-240"":0,"">240"":0}",Deland,2038-01-01,2017-02-12 00:00:00,2017-02-06 00:00:00,"{""android"":51,""ios"":51}",None,242070056703529852,9239130,False,US,29.0273335,Beauty Salons,-81.2994855,29.0,19660,812112,1970-01-01,A1_NAICS-812112,9239130,121270905001,32724,FL,"{""Citizens Bank"":26,""Convenience Stores"":26,""Gas Stations"":26,""Gyms"":26,""McDonald's"":26,""Restaurants"":26,""US Museums"":26,""Universities and Colleges"":26,""Western Union"":26}","{""Western Union"":77,""Dunlop Tires"":51,""Mall"":51,""Moneygram"":51,""Restaurants"":51,""Sodastream"":51,""Walmart"":51,""Bj's Wholesale Club"":26,""Boost Mobile"":26,""Cardtronics"":26,""Citizens Bank"":26,""Convenience Stores"":26,""Delicatessens"":26,""Firehouse Subs"":26,""Freshpet"":26,""Gas Stations"":26,""Gyms"":26,""Ice Cream Parlors"":26,""Johnny Rockets"":26}",124 S Amelia Ave,Beauty Salons ,NAICS-812112,Personal Care Services ,128,None,103,None,None,None,"[0,0,51,26,51,0,0]","[0,0,0,0,0,0,0,0,0,0,0,0,0,0,0,0,0,0,0,0,0,0,0,0,0,0,0,0,0,0,0,0,0,0,0,0,0,0,0,0,0,0,0,0,0,0,0,0,0,0,0,0,0,0,0,0,25,25,0,0,0,0,0,25,0,0,0,0,0,0,0,0,0,0,0,0,0,0,0,26,0,0,0,0,0,0,0,0,0,0,0,0,0,0,0,0,0,0,0,0,0,0,0,0,26,0,0,0,0,0,0,0,26,0,0,0,0,0,0,0,0,0,0,0,0,0,0,0,0,0,0,0,0,0,0,0,0,0,0,0,0,0,0,0,0,0,0,0,0,0,0,0,0,0,0,0,0,0,0,0,0,0,0,0,0,0,0,0]"
MetroPCS,"{""<5"":51, ""5-20"":26, ""21-60"":0,""61-240"":0,"">240"":25}",Tampa,2038-01-01,2017-02-12 00:00:00,2017-02-06 00:00:00,"{""android"":103}",None,8480512063522794321,7110938,False,US,27.975611,MetroPCS Wireless,-82.434527,20.0,45300,517312,1970-01-01,A1_MPCS-A,7110938,120570034001,33605,FL,"{""Chevron"":51,""Brewers Association"":26,""Convenience Stores"":26,""Extended Stay America"":26,""Goodwill Industries"":26,""Hotel"":26,""Live Nation Promoted Venues"":26,""MetroPCS"":26,""Peterbilt Motors"":26,""Primerica"":26,""Publix"":26,""Rush Truck Centers"":26,""Sealy"":26,""Sunoco"":26,""Timken"":26,""Truck Stops"":26,""United Dominion Realty Trust"":26,""Washington Prime Group"":26,""Western Union"":26}","{""Convenience Stores"":77,""Western Union"":77,""Cardtronics"":51,""Chevron"":51,""Coffee Shops"":51,""Gas Stations"":51,""Mall"":51,""Publix"":51,""USPS"":51,""7 Eleven"":26,""American Campus Communities"":26,""Boost Mobile"":26,""Brewers Association"":26,""Checkers"":26,""Church's Chicken"":26,""Cooper Tire & Rubber"":26,""Dairy Queen"":26,""Dollar General"":26,""Dollar Tree"":26}",3503 N 22Nd St # C,Wireless Telecommunications Carriers (except Satellite),MPCS-A,Wired and Wireless Telecommunications Carriers,103,None,103,None,None,None,"[0,0,25,0,51,0,26]","[0,0,0,0,0,0,0,0,0,0,0,0,0,0,0,0,0,0,0,0,0,0,0,0,0,0,0,0,0,0,0,0,0,0,0,0,0,0,0,0,0,0,0,0,0,0,0,0,0,0,0,0,0,0,0,0,0,25,25,25,25,25,0,0,0,0,0,0,0,0,0,0,0,0,0,0,0,0,0,0,0,0,0,0,0,0,0,0,0,0,0,0,0,0,0,0,0,0,0,0,0,0,0,0,0,0,0,0,0,0,0,0,0,26,0,0,26,0,0,0,0,0,0,0,0,0,0,0,0,0,0,0,0,0,0,0,0,0,0,0,0,0,0,0,0,0,0,0,0,0,0,0,0,0,0,0,0,26,0,0,0,0,0,0,0,0,0,0]"
Veterinary Centers,"{""<5"":103, ""5-20"":0, ""21-60"":0,""61-240"":0,"">240"":0}",Wise,2038-01-01,2017-02-12 00:00:00,2017-02-06 00:00:00,"{""android"":103}",None,8566873252707854644,13185499,False,US,36.9775865,Veterinary Centers,-82.5697545,None,13720,541940,1970-01-01,A1_VET-A,13185499,511959314002,24293-5132,VA,"{""Covetrus"":103,""Universities and Colleges"":77,""Sealy"":51,""Wendy's"":51,""Western Union"":51,""Anytime Fitness"":26,""Applebee's"":26,""Armstrong Flooring"":26,""Autozone"":26,""Blue Buffalo"":26,""Brixmor Property Group"":26,""Buffalo Wild Wings"":26,""Buzztime"":26,""Convenience Stores"":26,""Dollar Tree"":26,""EZ Rentals"":26,""Freshpet"":26,""Golden Corral"":26,""Kroger"":26}","{""Cardtronics"":103,""Covetrus"":103,""Freshpet"":77,""Mall"":77,""Sealy"":77,""Universities and Colleges"":77,""Western Union"":77,""Armstrong Flooring"":51,""Autozone"":51,""Brixmor Property Group"":51,""Buffalo Wild Wings"":51,""Buzztime"":51,""Convenience Stores"":51,""Dollar General"":51,""Dunlop Tires"":51,""Food City"":51,""Freddy's Frozen Custard & Steakburgers"":51,""Hospitals"":51,""Hotel"":51}",404 Hurricane Rd NE,Veterinary Services ,VET-A,"Other Professional, Scientific, and Technical Services",103,None,103,None,None,None,"[51,0,0,0,26,0,26]","[0,0,0,0,0,0,0,0,0,0,0,26,0,0,26,0,0,0,0,0,0,0,0,0,0,0,0,0,0,0,0,0,0,0,0,0,0,0,0,0,0,0,0,0,0,0,0,0,0,0,0,0,0,0,0,0,0,0,0,0,0,0,0,0,0,0,0,0,0,0,0,0,0,0,0,0,0,0,0,0,0,0,0,0,0,0,0,0,0,0,0,0,0,0,0,0,0,0,0,26,0,0,0,0,0,0,0,0,0,0,0,0,0,0,0,0,0,0,0,0,0,0,0,0,0,0,0,0,0,0,0,0,0,0,0,0,0,0,0,0,0,0,0,0,0,0,0,0,0,0,0,0,0,0,0,26,0,0,0,0,0,0,0,0,0,0,0,0]"
All Other Miscellaneous Store Retailers (except Tobacco Stores),"{""<5"":77, ""5-20"":0, ""21-60"":0,""61-240"":0,"">240"":26}",Cedar,2038-01-01,2017-02-12 00:00:00,2017-02-06 00:00:00,"{""android"":103}",None,8085911786759288792,8198358,False,US,45.3328781,Kikmeks Wood Specialist,-93.2840195,619.0,33460,453998,1970-01-01,A1_NAICS-453998,8198358,270030501154,55011,MN,"{""Allina Health"":26,""Convenience Stores"":26,""Dunlop Tires"":26,""Golf Courses"":26,""Mall"":26,""McDonald's"":26,""Menard's"":26,""Moneygram"":26,""MotoMart"":26,""Pennzoil"":26,""United Heart & Vascular Clinic"":26,""Walmart"":26,""Whirlpool"":26}","{""Mall"":103,""Convenience Stores"":77,""AAA/CAA Auto Repair - Authorized Providers"":51,""Freshpet"":51,""Golf Courses"":51,""McDonald's"":51,""Sodastream"":51,""Subway"":51,""Allina Health"":26,""Armstrong Flooring"":26,""Audiologists"":26,""Cardtronics"":26,""Caribou Coffee"":26,""Central Parking"":26,""Coborn's "":26,""Coffee Shops"":26,""Cooper Tire & Rubber"":26,""Courage Kenny Sports & Physical Therapy"":26,""Cub Foods"":26}",20061 Cedar Dr Nw,All Other Miscellaneous Store Retailers (except Tobacco Stores) ,NAICS-453998,Other Miscellaneous Store Retailers ,103,None,103,None,None,None,"[0,0,25,26,26,0,26]","[0,0,0,0,0,0,0,0,0,0,0,0,0,0,0,0,0,0,0,0,0,0,0,0,0,0,0,0,0,0,0,0,0,0,0,0,0,0,0,0,0,0,0,0,0,0,0,0,0,0,0,0,0,0,0,0,0,0,0,0,0,0,0,25,0,0,0,0,0,0,0,0,0,0,0,0,0,0,0,0,26,0,0,0,0,0,0,0,0,0,26,0,0,0,0,0,0,0,0,0,0,0,0,0,0,0,0,0,26,0,0,0,0,0,0,0,0,0,0,0,0,0,0,0,0,0,0,0,0,0,0,0,0,0,0,0,0,0,0,0,0,0,0,0,0,0,0,0,0,0,0,0,0,0,0,0,0,0,0,0,0,0,26,0,0,0,0,0]"
"Plumbing, Heating, and Air-Conditioning Contractors","{""<5"":103, ""5-20"":0, ""21-60"":0,""61-240"":0,"">240"":0}",Oklahoma City,2038-01-01,2017-02-12 00:00:00,2017-02-06 00:00:00,"{""ios"":103}",None,4017511490447830233,10128010,False,US,35.480889,"Plumbing, Heating, and Air-Conditioning Contractors",-97.5335315,None,36420,238220,1970-01-01,A1_NAICS-238220,10128010,401091024003,73106,OK,"{""Advan"":77,""AMC"":26,""EV Charging Stations"":26,""Fairfield Inn & Suites"":26,""Gas Stations"":26,""Golf Courses"":26,""Mall"":26,""Wineries"":26}","{""Advan"":77,""Gas Stations"":77,""AMC"":51,""Dunlop Tires"":51,""Eye Med"":51,""Hospitals"":51,""Mall"":51,""Western Union"":51,""Allstate"":26,""American Gem Society"":26,""Bates"":26,""Beef Jerky Outlet"":26,""CBL & Associates"":26,""Cardtronics"":26,""Chico's Off The Rack"":26,""Dave & Buster's"":26,""EV Charging Stations"":26,""Fairfield Inn & Suites"":26,""First American Financial"":26}",1201 N Ellison Ave,"Plumbing, Heating, and Air-Conditioning Contractors ",NAICS-238220,Building Equipment Contractors,103,None,103,None,None,None,"[0,25,0,26,26,26,0]","[0,0,0,0,0,0,0,0,0,0,0,0,0,0,0,0,0,0,0,0,0,0,0,0,0,0,0,0,0,0,0,0,0,0,0,0,0,0,0,0,0,0,25,0,0,0,0,0,0,0,0,0,0,0,0,0,0,0,0,0,0,0,0,0,0,0,0,0,0,0,0,0,0,0,0,0,0,0,0,0,0,0,26,0,0,0,0,0,0,0,0,0,0,0,0,0,0,0,0,0,0,0,0,0,0,0,0,0,0,0,0,0,26,0,0,0,0,0,0,0,0,0,0,0,0,0,0,0,0,0,0,26,0,0,0,0,0,0,0,0,0,0,0,0,0,0,0,0,0,0,0,0,0,0,0,0,0,0,0,0,0,0,0,0,0,0,0,0]"
Confectionery and Nut Retailers,"{""<5"":103, ""5-20"":0, ""21-60"":0,""61-240"":0,"">240"":0}",Plantation,2038-01-01,2017-02-12 00:00:00,2017-02-06 00:00:00,"{""android"":51,""ios"":51}",None,5578331834597070438,7975662,False,US,26.1439095,Confectionery and Nut Retailers,-80.2439117,None,33100,445292,1970-01-01,A1_NAICS-445292,7975662,120110605011,33313,FL,"{""Western Union"":51,""BoA"":26,""KOA"":26,""Publix"":26,""Regency Centers"":26}","{""Western Union"":103,""Mall"":77,""Publix"":77,""BoA"":51,""Sprint"":51,""Boost Mobile"":26,""Cemeteries and Crematories"":26,""Charlotte Russe"":26,""Chevron"":26,""Doris Italian Market"":26,""Dunlop Tires"":26,""Freshpet"":26,""Garmin"":26,""Golf Courses"":26,""Grocery Stores"":26,""Hospitals"":26,""KOA"":26,""McDonald's"":26,""Moneygram"":26}",7081 Nw 15Th St,Confectionery and Nut Stores ,NAICS-445292,Specialty Food Stores ,103,None,103,None,None,None,"[26,25,25,0,0,0,26]","[0,0,0,0,0,0,0,26,0,0,0,0,0,0,0,0,0,0,0,0,0,0,0,0,0,0,0,0,0,0,0,25,0,0,0,0,0,0,0,0,0,0,0,0,0,0,0,0,0,0,0,0,0,0,0,0,0,0,0,0,0,0,0,0,0,25,0,0,0,0,0,0,0,0,0,0,0,0,0,0,0,0,0,0,0,0,0,0,0,0,0,0,0,0,0,0,0,0,0,0,0,0,0,0,0,0,0,0,0,0,0,0,0,0,0,0,0,0,0,0,0,0,0,0,0,0,0,0,0,0,0,0,0,0,0,0,0,0,0,0,0,0,0,0,0,0,0,0,0,0,0,0,0,0,0,0,0,0,0,0,0,26,0,0,0,0,0,0]"
Coin-Operated Laundries and Drycleaners,"{""<5"":77, ""5-20"":51, ""21-60"":0,""61-240"":0,"">240"":0}",Milwaukee,2038-01-01,2017-02-12 00:00:00,2017-02-06 00:00:00,"{""android"":103}",None,8759239901337485331,10842228,False,US,43.1048727,Coin-Operated Laundries and Drycleaners,-87.9471737,5.0,33340,812310,1970-01-01,A1_NAICS-812310,10842228,550790024001,53209,WI,"{""CITGO"":103,""EVTS"":51,""Mall"":51,""Applebee's"":26,""Buffalo Wild Wings"":26,""Buzztime"":26,""Convenience Stores"":26,""Cypress Equities"":26,""IHRSA (International Health, Racquet & Sportsclub Association)"":26,""Live Nation Promoted Venues"":26,""Marcus Theatres"":26,""RPT Realty"":26,""Travelers"":26,""Xperience Fitness"":26}","{""CITGO"":103,""EVTS"":77,""Convenience Stores"":51,""Mall"":51,""Pick 'n Save"":51,""Western Union"":51,""ATI Physical Therapy"":26,""Ace Hardware"":26,""Applebee's"":26,""Ascension Health"":26,""Autozone"":26,""Buffalo Wild Wings"":26,""Buzztime"":26,""CVS"":26,""Cardtronics"":26,""Comfort Suites"":26,""Cypress Equities"":26,""Freshpet"":26,""IHRSA (International Health, Racquet & Sportsclub Association)"":26}",4837 N Teutonia Ave,Coin-Operated Laundries and Drycleaners ,NAICS-812310,Drycleaning and Laundry Services ,128,None,103,None,None,None,"[0,25,25,0,26,52,0]","[0,0,0,0,0,0,0,0,0,0,0,0,0,0,0,0,0,0,0,0,0,0,0,0,0,0,0,0,0,0,0,0,0,25,0,0,0,0,0,0,0,0,0,0,0,0,0,0,0,0,0,0,0,0,0,0,0,0,0,0,0,0,0,25,0,0,0,0,0,0,0,0,0,0,0,0,0,0,0,0,0,0,0,0,0,0,0,0,0,0,0,0,0,0,0,0,0,0,0,0,0,0,0,0,0,0,0,0,0,0,0,26,0,0,0,0,0,0,0,0,0,0,0,0,0,0,0,0,0,26,0,0,0,0,0,26,0,0,0,0,0,0,0,0,0,0,0,0,0,0,0,0,0,0,0,0,0,0,0,0,0,0,0,0,0,0,0,0]"
Full-Service Restaurants,"{""<5"":129, ""5-20"":0, ""21-60"":0,""61-240"":0,"">240"":51}",Newport Beach,2038-01-01,2017-02-12 00:00:00,2017-02-06 00:00:00,"{""ios"":77,""android"":26}",None,8844274144571986356,9005708,False,US,33.6216393,Full-Service Restaurants,-117.935379,359.0,31080,722511,1970-01-01,A1_NAICS-722511,9005708,060590635002,92663,CA,"{""Mall"":77,""Audi"":26,""Autonation"":26,""California Arizona Storage Centers"":26,""Carter's"":26,""Dunlop Tires"":26,""EV Charging Stations"":26,""Grocery Stores"":26,""Hoag Memorial Hospital Presbyterian"":26,""Hospitals"":26,""Live Nation Promoted Venues"":26,""MEDNAX"":26,""Moneygram"":26,""Outback Steakhouse"":26,""Palm Beach Tan"":26,""Porsche"":26,""Ramada"":26,""Restaurants"":26,""Smoke Shops"":26}","{""Mall"":77,""Carter's"":51,""Dunlop Tires"":51,""Moneygram"":51,""PetSmart"":51,""Walmart"":51,""AAA/CAA Auto Repair - Authorized Providers"":26,""Adecco"":26,""Airport"":26,""Ampm"":26,""Apple Hospitality REIT"":26,""Audi"":26,""Autonation"":26,""Autozone"":26,""Best Buy"":26,""Bj's Restaurants"":26,""Blue Buffalo"":26,""Buffalo Wild Wings"":26,""Buzztime"":26}",4501 W Coast Hwy,Full-Service Restaurants ,NAICS-722511,Restaurants and Other Eating Places,180,None,103,None,None,None,"[26,25,25,51,0,26,26]","[0,0,0,0,0,0,0,0,0,0,0,0,0,0,0,0,0,26,0,0,0,0,26,0,25,0,0,0,0,0,0,0,0,0,0,0,0,0,0,0,0,0,0,0,0,0,0,0,0,0,0,0,0,0,0,0,0,0,0,0,0,25,0,0,0,0,0,0,0,0,0,0,0,0,0,0,0,26,0,0,0,0,0,0,0,26,0,0,26,26,26,26,0,0,0,0,0,0,0,0,0,0,0,0,0,0,0,0,0,0,0,0,0,0,0,0,0,0,0,0,0,0,0,0,0,26,0,0,0,0,0,0,0,0,0,0,0,0,0,0,0,0,0,0,0,0,0,0,0,0,0,0,0,0,0,0,0,0,0,0,0,0,0,0,26,0,0,0]"
General Automotive Repair,"{""<5"":105, ""5-20"":0, ""21-60"":0,""61-240"":0,"">240"":0}",Denver,2038-01-01,2017-02-12 00:00:00,2017-02-06 00:00:00,"{""android"":51,""ios"":51}",None,8278794196516518413,10031390,False,US,39.6991501,General Automotive Repair,-105.0103378,1.0,19740,811111,1970-01-01,A1_NAICS-811111,10031390,080310013023,80223,CO,"{""Coffee Shops"":26,""Dunlop Tires"":26,""Kaiser Permanente"":26,""Mall"":26,""Moneygram"":26,""Shell Oil"":26,""Truck Stops"":26,""U.S. Bank"":26,""Walmart"":26,""Western Union"":26,""Wineries"":26}","{""Mall"":77,""Cricket Wireless"":51,""Dunlop Tires"":51,""Freshpet"":51,""Gyms"":51,""Moneygram"":51,""Walmart"":51,""Western Union"":51,""Advan"":26,""Albertson's"":26,""Armstrong Flooring"":26,""Barcelona Wine Bar"":26,""Brewers Association"":26,""Cannabis Dispensaries"":26,""Coffee Shops"":26,""Convenience Stores"":26,""CoreSite Realty"":26,""Courts"":26,""Courtyard by Marriott"":26}",896 S Shoshone St,General Automotive Repair ,NAICS-811111,Automotive Repair and Maintenance,105,None,103,None,None,None,"[0,0,25,0,0,0,79]","[0,0,0,0,0,0,0,0,0,0,0,0,0,0,0,0,0,0,0,0,0,0,0,0,0,0,0,0,0,0,0,0,0,0,0,0,0,0,0,0,0,0,0,0,0,0,0,0,0,25,0,0,0,0,0,0,0,0,0,0,0,0,0,0,0,0,0,0,0,0,0,0,0,0,0,0,0,0,0,0,0,0,0,0,0,0,0,0,0,0,0,0,0,0,0,0,0,0,0,0,0,0,0,0,0,0,0,0,0,0,0,0,0,0,0,0,0,0,0,0,0,0,0,0,0,0,0,0,0,0,0,0,0,0,0,0,0,0,0,0,0,0,0,0,0,0,0,0,0,0,0,0,0,0,0,26,0,0,0,0,0,0,0,26,26,0,0,0]"
