statefp,puma,puma5,puma_uid,total_households,n_households_unweighted,p_age_00,p_age_01,p_age_02,p_age_03,p_income_00,p_income_01,p_income_02,p_income_03,p_income_04,p_income_05,p_income_06,p_income_07,p_income_08,p_income_09,p_income_10,p_income_11,p_income_12,p_income_13,p_income_14,p_income_15,p_joint_000,p_joint_001,p_joint_002,p_joint_003,p_joint_004,p_joint_005,p_joint_006,p_joint_007,p_joint_008,p_joint_009,p_joint_010,p_joint_011,p_joint_012,p_joint_013,p_joint_014,p_joint_015,p_joint_016,p_joint_017,p_joint_018,p_joint_019,p_joint_020,p_joint_021,p_joint_022,p_joint_023,p_joint_024,p_joint_025,p_joint_026,p_joint_027,p_joint_028,p_joint_029,p_joint_030,p_joint_031,p_joint_032,p_joint_033,p_joint_034,p_joint_035,p_joint_036,p_joint_037,p_joint_038,p_joint_039,p_joint_040,p_joint_041,p_joint_042,p_joint_043,p_joint_044,p_joint_045,p_joint_046,p_joint_047,p_joint_048,p_joint_049,p_joint_050,p_joint_051,p_joint_052,p_joint_053,p_joint_054,p_joint_055,p_joint_056,p_joint_057,p_joint_058,p_joint_059,p_joint_060,p_joint_061,p_joint_062,p_joint_063
06,101,00101,0600101,54435.0,3530,0.0981353908331037,0.33761366767704604,0.2924221548635988,0.2718287866262515,0.08285110682465326,0.0318912464407091,0.03051345641590888,0.026269863139524202,0.022540644805731605,0.038229080554790115,0.02592082299990815,0.021732341324515476,0.026508680077156243,0.05110682465325618,0.05926334160007348,0.09464498943694315,0.0743271792045559,0.06299255993386609,0.10258105997979242,0.24862680260861578,0.04307890144208689,0.00387618260310462,0.004445669146688712,0.004114999540736658,0.00281069165059245,0.004059887939744649,0.002773950583264444,0.001543124827776247,0.004151740608064665,0.004574262882336732,0.003104620189216497,0.008285110682465326,0.0026820979149444293,0.0034904013961605585,0.0024065399099843852,0.002737209515936438,0.017470377514466794,0.004960044089280794,0.0099935703132176,0.003398548727840544,0.0050886378249288145,0.012455221824193993,0.0068705795903370994,0.008891338293377423,0.011095802333057776,0.022081381464131532,0.019656471020483145,0.030770643887204924,0.02836410397722054,0.029833746670340774,0.0368696610636539,0.08981353908331037,0.011665288876641866,0.006668503720033067,0.005015155690272803,0.004960044089280794,0.0038394415357766143,0.01456783319555433,0.009166896298337467,0.006392945715073023,0.005547901166528888,0.008285110682465326,0.01399834665197024,0.026233122072196198,0.02149352438688344,0.014329016257922293,0.03837604482410214,0.1018829797005603,0.010636538991457702,0.01638651602829062,0.01105906126572977,0.013796270781666207,0.010801873794433729,0.0071461375952971435,0.007109396527969138,0.004904932488288785,0.005713235969504914,0.016166069624322585,0.0225039037384036,0.029356112795076696,0.021787452925507485,0.015339395609442454,0.02492881418205199,0.054193074308808674
06,111,00111,0600111,48736.0,2385,0.025627872619829285,0.49257222586999344,0.2821938608010506,0.19960604070912671,0.08437294812869336,0.06366956664478005,0.035641004596191725,0.0258946158896914,0.036215528562048585,0.022734734077478662,0.03666694024950755,0.020067301378857517,0.02694107025607354,0.052733092580433356,0.07817629678266579,0.08605548260013132,0.08217744583059751,0.07325180564674984,0.10647160210111621,0.16893056467498357,0.002605876559422193,0.001579940906106369,0.0028726198292843073,0.0,0.0013131976362442547,0.0019492777413000657,0.00443204202232436,0.0,0.0,0.0005129678266579121,0.002687951411687459,0.0010259356533158241,0.0011900853578463559,0.002092908732764281,0.0021955022980958633,0.0011695666447800394,0.02903397898883782,0.012967826657912017,0.011039067629678266,0.00699688115561392,0.009377051871306632,0.004514116874589626,0.016640676296782664,0.007797110965200263,0.009479645436638214,0.020293007222587,0.043520190413657255,0.04760341431385424,0.04290462902166776,0.046269697964543666,0.06799901510177282,0.11613591595535128,0.025155942219304006,0.012454858831254103,0.008576822061720288,0.008002298095863428,0.01190085357846356,0.009274458305975048,0.008207485226526593,0.01025935653315824,0.013460275771503612,0.015101772816808929,0.018754103742613264,0.028890347997373604,0.026797439264609323,0.014116874589625739,0.03042925147734734,0.04081172028890348,0.02757715036112935,0.03666694024950755,0.013152495075508865,0.01089543663821405,0.013624425476034143,0.00699688115561392,0.007386736703873933,0.002010833880499015,0.004001149047931714,0.016825344714379513,0.013214051214707813,0.008535784635587657,0.011285292186474064,0.010772324359816152,0.005847833223900197,0.010813361785948786
06,112,00112,0600112,48304.0,2516,0.013518549188473004,0.3423526001987413,0.3555399138787678,0.28858893673401786,0.036601523683338855,0.020246770453792647,0.015340344484928785,0.016292646571712487,0.016541073203047367,0.017596886386220603,0.027119907254057635,0.012669758198078834,0.01689301093077178,0.04655929115601192,0.054343325604504805,0.10245528320635972,0.07007701225571382,0.07280970520039748,0.11309622391520371,0.3613572374958596,0.006396985756873137,0.0,0.0,0.0,0.0,0.0003105332891685989,0.0,0.0008280887711162637,0.0,0.00035193772772441206,0.0008901954289499835,0.0015940708843988076,0.0004968532626697582,0.0012628353759523022,0.0008901954289499835,0.0004968532626697582,0.006604007949652203,0.001676879761510434,0.004885723749585956,0.0026705862868499504,0.005154852600198741,0.0030225240145743625,0.011634647234183504,0.002339350778403445,0.005051341503809209,0.012400629347466049,0.016478966545213646,0.03405515071215634,0.021219774759854256,0.019894832726068234,0.04958181517058629,0.1456815170586287,0.012276416031798609,0.0027119907254057633,0.0038299105664127194,0.003954123882080159,0.005755216959258033,0.004782212653196422,0.005568896985756873,0.0030639284531301754,0.003974826101358066,0.01714143756210666,0.013684166942696257,0.029707684663795957,0.028589764822789004,0.029438555813183172,0.03852683007618417,0.15253395163961578,0.011324113945014905,0.01585789996687645,0.006624710168930109,0.009667936402782379,0.005631003643590593,0.009481616429281218,0.009916363034117257,0.00643839019542895,0.007866843325604505,0.016665286518714805,0.023289996687644917,0.037098376946008614,0.019770619410400796,0.02221348128519377,0.024097383239483273,0.06264491553494535
06,113,00113,0600113,39393.0,1751,0.01891198943974818,0.37752900261467776,0.3971263930139873,0.20643261493158682,0.07864341380448303,0.040667123600639704,0.06358997791485797,0.040895590587160156,0.05071967100753941,0.032239230320107636,0.05833523722488767,0.03508237504125098,0.035031604599801994,0.06102607062168405,0.08943213261239306,0.10392709364607926,0.08252735257533064,0.05546670728301983,0.07666336658797249,0.09575305257279212,0.0021069733201330185,0.0,0.002970070824765821,0.0001776965450714594,0.0009646383875307796,0.00033000786941842457,0.001903891554337065,0.002792374279694362,0.0,0.0019292767750615592,0.00033000786941842457,0.0005838600766633666,0.0038585535501231183,0.000507704414489884,0.0,0.0004569339730408956,0.025512146828116672,0.008021729748940167,0.01891198943974818,0.005280125910694793,0.02599446602188206,0.015992689056431347,0.03475236717183256,0.00888482725357297,0.011651816312542838,0.028939151625923386,0.032442312085903584,0.03916939557789455,0.021425126291473105,0.019521234737136038,0.030183027441423604,0.05084659711116188,0.032239230320107636,0.014063412281369786,0.018175818038737846,0.02325286218363669,0.014291879267890235,0.009747924758205772,0.01553575508339045,0.014114182722818775,0.017921965831492904,0.01741426141700302,0.04000710786180286,0.04873962379102886,0.04229177772700734,0.027974513238392607,0.027187571395933287,0.03416850709516919,0.01878506333612571,0.018581981570329753,0.023532099611606124,0.012184905947757216,0.009468687330236336,0.00616860863605209,0.006143223415327597,0.009290990785164877,0.005457822455766253,0.012743380803696087,0.016652704795268196,0.015434214200492473,0.014951895006727084,0.007463254893001294,0.019292767750615593,0.01028101439342015
06,114,00114,0600114,72509.0,3420,0.018494255885476287,0.3417644706174406,0.37191245224730723,0.2678288212497759,0.04229819746514226,0.031251292942945014,0.0263001834255058,0.02773448813250769,0.026589802645188874,0.01879766649657284,0.025555448289177895,0.0263001834255058,0.026341557599746237,0.04533230357610779,0.07656980512763933,0.12970803624377664,0.08965783557903156,0.07382531823635687,0.1157235653505082,0.21801431546428718,0.0027444868912824614,0.00046890730805831,0.0007171523535009448,0.0009102318332896606,0.0004551159166448303,0.0004826986994717897,0.001696341143858004,0.0011308940959053359,0.0011308940959053359,0.0009240232247031403,0.0011308940959053359,0.0032961425478216498,0.0017515067095119226,0.0009240232247031403,0.0006206126136065868,0.00011033113130783765,0.009254023638444882,0.0026479471513881033,0.0032133941993407714,0.004275331338178709,0.007543891103173399,0.0016687583610310445,0.008178295108193465,0.00893682163593485,0.006371622833027624,0.01643933856486781,0.026576011253775393,0.047207932808341034,0.02864471996579735,0.027086292736074144,0.046270118192224416,0.0974499717276476,0.015763560385607302,0.008592036850597857,0.007199106317836407,0.004647698906342661,0.00703360962087465,0.0077783447572025545,0.007709387800135156,0.009474685901060558,0.010605579996965894,0.015763560385607302,0.026838047690631507,0.04793887655325546,0.03696092898812561,0.030341061109655353,0.048642237515342926,0.08662372946806603,0.01453612654980761,0.019542401632900743,0.015170530554827677,0.01790122605469666,0.011557186004495994,0.008867864678867451,0.00797142423699127,0.006757781792605056,0.008233460673847384,0.012205381400929539,0.02202485208732709,0.03126508433435849,0.022300679915596686,0.01547394116592423,0.02019059702933429,0.033830283137265715
06,115,00115,0600115,35382.0,1690,0.007178791475891696,0.32838731558419537,0.4145045503363292,0.24992934260358374,0.046238200214798485,0.024390933242891866,0.02122548188344356,0.018201345316827766,0.027386806850941157,0.018907919280990334,0.030637047086088973,0.023514781527330282,0.025691029336950992,0.05468882482618281,0.07037476683059182,0.1350404160307501,0.11121474195918829,0.08128426883726188,0.12124809225029676,0.18995534452546492,0.0,0.0,0.0,0.0,0.00025436662709852465,0.0,0.00025436662709852465,0.0007348369227290713,0.0007065739641625685,0.00028262958566502744,0.0005935221298965576,0.000989203549827596,0.0016957775139901645,0.0,0.000876151715561585,0.0007913628398620768,0.010429031711039512,0.006020010174665084,0.004437284494940931,0.005793906506133062,0.0031371884008818043,0.005228647334803007,0.00845062461138432,0.0061895879260641,0.00763099881295574,0.024927929455655418,0.018936182239556835,0.04830139619015319,0.04140523429992651,0.029704369453394382,0.032191509807246624,0.07560341416539483,0.01806003052399525,0.0037872364479113675,0.004239443784975411,0.005483013961901532,0.011729127805098638,0.006133062008931095,0.011757390763665141,0.009185461534113391,0.012040020349330167,0.01794697868972924,0.028149906732236732,0.054999717370414335,0.047764399977389634,0.033265502232773726,0.06048273133231587,0.08948052682154768,0.017749137979763723,0.014583686620315414,0.012548753603527217,0.006924424848793171,0.01226612401786219,0.007546209937256232,0.010174665083940987,0.0074048951444237185,0.005313436210502515,0.011531287095133118,0.0226951557289017,0.030750098920354983,0.020349330167881974,0.018314397151093776,0.027697699395172685,0.024080040698660335
06,116,00116,0600116,32120.0,1489,0.014943960149439602,0.34987546699875466,0.4147260273972603,0.22045454545454546,0.0361145703611457,0.032254047322540474,0.015130759651307597,0.028082191780821917,0.022602739726027398,0.01986301369863014,0.036052303860523036,0.019613947696139476,0.029016189290161892,0.03739103362391034,0.07182440846824409,0.12257160647571606,0.1062266500622665,0.09452054794520548,0.11282689912826899,0.2159090909090909,0.0005292652552926526,0.0024595267745952678,0.00040473225404732255,0.0,9.339975093399751e-05,0.00046699875466998757,0.0009028642590286426,0.0,0.0,0.00043586550435865506,0.001556662515566625,0.0005292652552926526,0.0,0.0036425902864259028,0.00034246575342465754,0.003580323785803238,0.006257783312577833,0.009775840597758406,0.0037982565379825655,0.005759651307596513,0.007160647571606476,0.010024906600249066,0.015442092154420922,0.0027708592777085927,0.007721046077210461,0.009557907845579078,0.024439601494396015,0.048785803237858034,0.037017434620174344,0.033655043586550436,0.05196139476961395,0.07574719800747198,0.0162826899128269,0.01133250311332503,0.0019302615193026152,0.005448318804483188,0.007316313823163138,0.0022104607721046077,0.00896637608966376,0.008032378580323785,0.010616438356164383,0.014009962640099627,0.031569115815691155,0.05370485678704857,0.053300124533001245,0.04240348692403487,0.046419676214196764,0.10118306351183064,0.013044831880448318,0.008686176836861768,0.008997509339975094,0.016874221668742216,0.008032378580323785,0.007160647571606476,0.010740971357409713,0.0088107098381071,0.010678704856787048,0.013387297633872976,0.014259028642590287,0.019551681195516812,0.015909090909090907,0.01481942714819427,0.014103362391033623,0.03539850560398505
06,117,00117,0600117,32434.0,1914,0.007707960781895542,0.3739285934513165,0.40016649195288895,0.218196953813899,0.02417216501202442,0.01766664611210458,0.010976136153419252,0.017265832151446014,0.012209409878522539,0.012548560152925941,0.021613122032435098,0.011161127212184744,0.01806746007276315,0.03431584140099895,0.05780970586421656,0.09120059197138805,0.08753160263920577,0.07701794413270026,0.1492261207374977,0.357217734476167,0.0016340876857618548,0.0,0.0,0.0002774865881482395,0.0,0.0,0.0,0.0,0.00021582290189307518,0.0002774865881482395,6.166368625516433e-05,0.0,0.002004069803292841,0.0008632916075723007,0.0018190787445273478,0.000554973176296479,0.0045322809397545785,0.002404883763951409,0.000554973176296479,0.005179749645433804,0.0016032558426342727,0.0,0.0034223345871616205,0.003514830116544367,0.008663747918850589,0.006443855213664673,0.022692236541900473,0.023678855521983105,0.023555528149472777,0.028704445951778998,0.060800394647592036,0.17817722143429734,0.0035764938027995313,0.0033606709009064563,0.004254794351606339,0.0036073256459271136,0.0024973792933341557,0.0035764938027995313,0.006351359684281926,0.002189060862058334,0.004162298822223592,0.013165197015477585,0.01664919528889437,0.042054634026022074,0.040913855830301535,0.03816982179194672,0.0719306900166492,0.1437072208176605,0.014429302583708455,0.011901091447246716,0.006166368625516433,0.008201270271936857,0.00810877474255411,0.008972066350126411,0.011839427760991552,0.005457236233582043,0.005025590429795893,0.014429302583708455,0.018406610347166553,0.02546710242338287,0.02105814885613862,0.009280384781402232,0.014675957328729112,0.03477831904791268
06,118,00118,0600118,42181.0,2159,0.014793390389037719,0.39223821151703375,0.376306868021147,0.21666153007278158,0.040539579431497594,0.01529124487328418,0.01213816647305659,0.014200706479220502,0.011189872217349043,0.01844432327351177,0.02195301201962969,0.013039046015978759,0.019985301439036533,0.049975107275787675,0.041369336905241694,0.11540741091960835,0.10684905526184775,0.07323202389701525,0.15201156918991962,0.29437424432801496,0.005523814039496456,0.0,0.0,0.0,0.0,0.0009720016121002347,0.0,0.0,0.0,0.0017306370166662716,0.0007349280481733482,0.00021336620753419785,0.0006875133353879709,0.003745762310044807,0.00028448827671226384,0.0009008795429221687,0.0067803039283089546,0.003674640240866741,0.002228491500912733,0.0015409781655247624,0.002299613570090799,0.001635807591095517,0.005642350821459899,0.004077665299542448,0.005523814039496456,0.02140774282259785,0.013726559351366728,0.03940162632464854,0.052654038548161496,0.032099760555700435,0.06348830041962021,0.13605651833764018,0.011924800265522392,0.008866551290865556,0.0037931770228301844,0.004978544842464617,0.0029397121926933926,0.006187620018491738,0.00964889405182428,0.0033901519641544773,0.007965671747943387,0.014603731537896208,0.01578909935753064,0.0375998672388042,0.034162300561864346,0.025058675707071904,0.06303786064815912,0.1263602095730305,0.016310661198169794,0.0027500533415518837,0.006116497949313672,0.007681183471231123,0.005950546454564851,0.00964889405182428,0.006661767146345511,0.005571228752281833,0.00649581565159669,0.012232995898627344,0.011118750148170977,0.03819255114862142,0.01934520281643394,0.0123278253241981,0.025200919845428035,0.031056636874422134
06,119,00119,0600119,43272.0,2268,0.007649288223331484,0.34424107968201145,0.42161212793492325,0.22649750415973377,0.02431133296357922,0.017078018117951562,0.014651506748012572,0.014859493436864485,0.01349602514327972,0.018557034572009613,0.009474949158809393,0.007857274912183397,0.01310316139767055,0.03482621556664818,0.049500831946755405,0.08783971159179146,0.0830791273802921,0.0744130153447957,0.15102144573858384,0.3859308559807728,0.0,0.0003466444814198558,0.0017794416712885932,0.00041597337770382697,0.0,0.0,0.0,0.00025420595304122756,0.0,0.0005315215381771122,0.0005546311702717693,0.0013634682935847661,0.0003004252172305417,0.0018949898317618783,0.00020798668885191348,0.0,0.007256424477722315,0.0030735810685893882,0.0011785912368275097,0.0014327971898687372,0.0009706045479755962,0.0035588833425771863,0.0027038269550748754,0.0,0.0020105379922351636,0.013380476982806434,0.01615363283416528,0.027500462192641892,0.033601405065631355,0.02713070807912738,0.057958957293399886,0.14633019042336845,0.006031613976705491,0.0028424847476428176,0.003096690700684045,0.0015252357182473654,0.004021075984470327,0.0028193751155481603,0.0040441856165649845,0.0023109632094657053,0.004413939730079497,0.008088371233129969,0.013911998520983546,0.03889351081530782,0.03126733222407099,0.032723239046034386,0.06609354779071917,0.19952856350526899,0.011023294509151415,0.010815307820299502,0.008596783139212423,0.011485487151044556,0.008504344610833795,0.012178776113884267,0.0027269365871695323,0.005292105749676465,0.006678683675355889,0.012825845812534665,0.018880569421334814,0.020082270290256977,0.017909964873359215,0.012664078387872065,0.026760953965612868,0.04007210205213533
06,120,00120,0600120,40593.0,2046,0.007119454093070234,0.36856108195994386,0.41349493755080924,0.2108245263961767,0.03168033897470007,0.012834725198925923,0.008671445815781047,0.014608430024881137,0.016579213164831373,0.012662281674180277,0.01384475155815042,0.010888576848225064,0.021087379597467544,0.033084521961914616,0.04099228931096494,0.09772620895228241,0.07848643854851822,0.09683935653930481,0.142019560022664,0.3679944818072081,0.0004434262064888035,0.0,0.0010346611484738748,0.0007636784667307171,0.0013795481979651664,0.0005419653634863154,0.0,0.0005173305742369374,0.0,0.0,0.0011332003054713867,0.0006158697312344493,0.00012317394624688987,0.0005173305742369374,0.0,4.9269578498755944e-05,0.004532801221885547,0.004803783903628705,0.0022417658216933953,0.0007144088882319612,0.0036705835981573178,0.0017983396152045918,0.0033749661271647823,0.000812948045229473,0.008326558766289755,0.0126376468849309,0.014066464661394822,0.029364668785258542,0.03256719138767768,0.03976054984849604,0.06037986845022541,0.1495085359544749,0.01746606557780898,0.0012317394624688986,0.0016998004582070801,0.0014288177764639224,0.004015470647648609,0.00472987953588057,0.0038676619121523416,0.0019461483507008598,0.007020914936072722,0.010913211637474442,0.01325351661616535,0.03840563643978026,0.026408494075333185,0.03727243613430887,0.059887172665237846,0.18394797132510532,0.00923804596851674,0.006799201832828321,0.003695218387406696,0.011701524893454536,0.007513610721060281,0.005592097159608799,0.006602123518833296,0.0076121498780577935,0.005739905895105067,0.009533663439509276,0.012539107727933388,0.029340033996009166,0.019387579139260463,0.019289039982262952,0.02175251890720075,0.03448870494912916
06,121,00121,0600121,38346.0,2192,0.01079643248317947,0.3725551556876858,0.42572888958431127,0.19091952224482345,0.025635007562718404,0.01455171334689407,0.01906326605121786,0.012230741146403797,0.011891722735096229,0.010744275804516768,0.01721170395869191,0.014238773274917854,0.0208105147864184,0.025791477598706515,0.038230845459761124,0.0897877223178428,0.08008658008658008,0.09210869451833308,0.15649611432743962,0.37112084702446146,0.0016950920565378398,0.0,0.0,0.0,0.0003911750899702707,0.0,0.0,0.0,0.0006258801439524331,0.0008605851979345956,0.0008866635372659469,0.0029729306837740573,0.00046941010796432484,0.000964898555260001,0.0012256819485735148,0.0007041151619464872,0.006910759922808115,0.004224690971678924,0.0014864653418870286,0.002216658843164867,0.003311949095081625,0.002686068951129192,0.0044072393469983834,0.004902727794294059,0.005632921295571898,0.004381161007667032,0.010900745840504877,0.02931205340843895,0.03285870755750274,0.03669222343921139,0.05179158191206384,0.17083920095968289,0.008788400354665415,0.002294893861158921,0.004589787722317842,0.002555677254472435,0.004068220935690816,0.004615866061649194,0.00831899024670109,0.005893704688885412,0.00964898555260001,0.011005059197830283,0.012178584467741095,0.02952068012308976,0.03077244041099463,0.038230845459761124,0.08389401762895739,0.16935273561779585,0.008240755228707037,0.008032128514056224,0.012987012987012988,0.007458405048766495,0.004120377614353518,0.0034423407917383822,0.004485474364992437,0.0034423407917383822,0.004902727794294059,0.009544672195274604,0.014264851614249204,0.02798205810254003,0.015986022010118395,0.01622072706410056,0.019584832837844887,0.03022479528503625
06,122,00122,0600122,28666.0,1555,0.01213981720505128,0.3426707597851113,0.4276843647526687,0.21750505825716876,0.037570641177701807,0.024907555989674177,0.026512244470801645,0.018593455661759576,0.030593734738017162,0.0244889416032931,0.027279704179166957,0.024907555989674177,0.019360915370124885,0.05898974394753367,0.08204841973069141,0.14518942300983745,0.1003627991348636,0.0910486290378846,0.12806111770041165,0.16008511825856414,0.0,0.0,0.0009418823693574269,0.0,0.0,0.0007674597083653108,0.0013953812879369289,0.0005581525151747715,0.00041861438638107865,0.0007674597083653108,0.0017093420777227377,0.002895416172469127,0.0005581525151747715,0.00041861438638107865,0.00027907625758738573,0.001430265820135352,0.009523477290169538,0.003941952138421824,0.00715132910067676,0.007081560036279914,0.01182585641526547,0.009942091676550618,0.013500313960789786,0.007116444568478337,0.007360636293867299,0.014163120072559827,0.02483778692527733,0.04587315984092653,0.04168701597711575,0.03596595269657434,0.03436126421544687,0.06833879857671109,0.016605037326449454,0.008546710388613689,0.011721202818670201,0.004290797460406056,0.00833740319542315,0.005476871555152445,0.007604828019256262,0.012697969720226052,0.006383869392311449,0.021174911044442895,0.0377101793064955,0.06750156980394893,0.039489290448615086,0.044512663085188024,0.06788529965813159,0.0677457615293379,0.011442126561082816,0.012418893462638666,0.006697830182097258,0.007221098165073606,0.010430475127328543,0.008302518663224727,0.004779180911183981,0.004534989185795019,0.005197795297565059,0.022884253122165632,0.01779111142119584,0.028919277192492848,0.018628340193958,0.010151398869741157,0.025535477569245797,0.022570292332379824
06,123,00123,0600123,36746.0,1885,0.03091492951613781,0.43740815326838295,0.33502966309258153,0.19664725412289774,0.06661949599956458,0.06131279595057965,0.040739128068361184,0.039650574212159145,0.03540521417297121,0.0322484079899853,0.03355467261742775,0.027132204865835736,0.04343329886246122,0.05679529744734121,0.08281173461056986,0.11974092418222392,0.09777935013334785,0.06479616829042617,0.08980569313666793,0.10817503946007728,0.003401730800631361,0.0015511892450879006,0.0020954661731889183,0.0016056169378980026,0.001006912316986883,0.0011701953954171883,0.0004626353888858651,0.0008980569313666794,0.001714472323518206,0.0013334784738474935,0.005225058509769771,0.001986610787568715,0.0036466554182768194,0.000489849235290916,0.0008436292385565776,0.003483372339846514,0.022533064823382135,0.015212540140423447,0.00732052468295869,0.008191367767920317,0.014831546290752735,0.012817721656778969,0.010477330865944592,0.008980569313666793,0.015212540140423447,0.02324062482991346,0.03434387416317422,0.05750285745387253,0.04901213737549665,0.03692918957165406,0.058999619006150326,0.06180264518587057,0.02114515865672454,0.017362434006422466,0.013280357045664834,0.008354650846350623,0.010177978555489032,0.011701953954171883,0.015511892450879007,0.013416426277690088,0.017308006313612366,0.016600446307081042,0.030125727970391335,0.046998312741522885,0.037772818810210634,0.023975398682849834,0.021635007892015456,0.02966309258150547,0.01953954171882654,0.02718663255864584,0.01804278016654874,0.021498938659990204,0.009388777009742557,0.006558536983617264,0.007102813911718282,0.0038371523431121753,0.0091982800849072,0.015620747836499211,0.013117073967234529,0.013253143199259784,0.007347738529363741,0.003401730800631361,0.008327436999945573,0.013225929352854732
06,300,00300,0600300,78205.0,3987,0.01388658014193466,0.22966562240265967,0.3617287897193274,0.39471900773607826,0.05664599450163033,0.0481554887794898,0.0339875967009782,0.03942203183939646,0.037862029282015215,0.035112844447285976,0.049101719838884984,0.031634805958698296,0.0484240138098587,0.07686209321654626,0.09336998913112972,0.13940285148008438,0.09820343967776997,0.06930503164759287,0.06934339236621699,0.07316667732242184,0.0005242631545297616,0.0,0.00038360718624128894,0.0005242631545297616,0.0004219679048654178,0.0007032798414423631,0.0008822965283549646,0.0001406559682884726,0.0023527907422799055,0.0006265584041941052,0.0004731155296975897,0.0018796752125823156,0.0037977111437887605,0.0001406559682884726,0.0010357394028514802,0.0,0.011290838181701937,0.011546576305862796,0.005280992263921744,0.004743942203183939,0.006431813822645611,0.0028003324595614093,0.01108624768237325,0.005562304200498689,0.013093791957035994,0.019768556997634423,0.024064957483536858,0.036596125567418966,0.025522664791253757,0.018323636596125566,0.019397736717601175,0.014155105172303561,0.021763314366089123,0.01315772648807621,0.007620996099993607,0.011137395307205422,0.014129531359887475,0.012326577584553418,0.017454126973978645,0.008695096221469216,0.015817402979349148,0.020535771370117,0.0308931653986318,0.04713253628284637,0.036007927881848985,0.029512179528163162,0.03596956716322486,0.03957547471389297,0.023067578799309506,0.023451185985550797,0.020702001150821558,0.023016431174477336,0.016878716194616714,0.019282654561728788,0.019679048654178122,0.017236749568441914,0.017160028131193657,0.03593120644460073,0.037938750719263475,0.05379451441723675,0.03287513586087846,0.021328559555015662,0.012940349082539479,0.019436097436225305
06,700,00700,0600700,82345.0,4210,0.09710364928046633,0.3038921610298136,0.3060902301293339,0.2929139595603862,0.06544416783046937,0.05090776610601737,0.052267897261521645,0.04857611269658146,0.05045843706357399,0.04487218410346712,0.03937093934057927,0.03586131519825126,0.04302629182099702,0.062323152589714007,0.09636286356184347,0.12604286841945472,0.08480174874005708,0.05671261157325885,0.07290060112939462,0.07007104256481875,0.014572833808974436,0.010334567976197705,0.009654502398445564,0.006436334932297043,0.009375189750440221,0.003813224846681644,0.005889853664460502,0.005379804481146396,0.005476956706539559,0.0038618009593782256,0.007832898172323759,0.009108021130609023,0.0023802295221324915,0.0011901147610662458,0.0012629789301111178,0.000534337239662396,0.015677940372821664,0.004942619466877163,0.011718987188050277,0.007917906369542777,0.012131884145971219,0.01228975651223511,0.01519217924585585,0.008962292792519278,0.016333717894225514,0.02596393223632279,0.03543627421215617,0.03892161029813589,0.031210152407553586,0.022150707389641144,0.022988645333657173,0.022053555164247982,0.02008622260003643,0.013443439188778918,0.012071164005100492,0.014779282287934908,0.012556925132066306,0.012556925132066306,0.006290606594207299,0.011111785779343008,0.00848867569372761,0.013115550428076992,0.02524743457404821,0.03768291942437307,0.03172020159086769,0.018604651162790697,0.0344526079300504,0.033881838605865564,0.015107171048636833,0.02218713947416358,0.018823243669925313,0.019442589106806726,0.016394438035096243,0.01621227761248406,0.01199829983605562,0.010407432145242578,0.012726941526504342,0.019381868965936,0.02784625660331532,0.04033031756633675,0.01949116521950331,0.014767138259760762,0.01419636893557593,0.013601311555042808
06,1100,01100,0601100,47127.0,2543,0.022683387442442762,0.30767924968701593,0.33541282067604555,0.3342245421944957,0.06851698601650859,0.05794979523415452,0.03978610987332103,0.04829503257156195,0.06026269442145692,0.040592441700087,0.048613321450548516,0.0443482504721285,0.04627920300464702,0.0685594245337068,0.10265877310246779,0.1408958770980542,0.07341863475290174,0.05686761304560019,0.05544592271946018,0.04750992000339508,0.005517007235767183,0.0005941392407749274,0.00070023553377045,0.0019097332739194093,0.0007426740509686591,0.0006790162751713455,0.004286290237019119,0.0014429095847391092,0.00012731555159462728,0.0016763214293292591,0.0004456044305811955,0.003458739151654041,0.0,0.0007214547923695546,0.0,0.0003819466547838819,0.018163685360833494,0.00910306193901585,0.010248901903367497,0.011819127039701232,0.013622764020625119,0.015787128397733784,0.014811042502174973,0.010164024868971078,0.01739979205126573,0.02786088654062427,0.03390837524136907,0.05975343221507841,0.02346850001060963,0.015978101725125725,0.014683726950580346,0.010906698919939737,0.022938018545632016,0.01549005877734632,0.009166719714813164,0.010524752265155856,0.02164364377108664,0.012795212935260042,0.008954527128822118,0.01241326628047616,0.011182549281728096,0.014577630657584825,0.032889850828612045,0.04844356738175568,0.03278375453561653,0.02603603030110128,0.028624779850192034,0.026948458420862777,0.021898274874275894,0.03276253527701742,0.019670252721369914,0.024041419992785452,0.024253612578776496,0.011331084091921828,0.020561461582532307,0.020328049737942156,0.017569546120058566,0.02444458590616844,0.03541494260190549,0.029240138349566066,0.017166380206675578,0.014132026227003628,0.012137415918687802,0.009272816007808687
06,1301,01301,0601301,42955.0,1753,0.02400186241415435,0.37178442556163427,0.37651030147829123,0.22770341054592014,0.05217087649866139,0.047538121289721805,0.026888604353393086,0.0344546618554301,0.03934349901059248,0.03289489000116401,0.038575253171924104,0.025142591083692236,0.04979629845186823,0.07098125945757187,0.09000116400884647,0.14200907926900244,0.08969852170876498,0.08294727039925504,0.09393551390990572,0.08362239553020603,0.004306832731928762,0.0005121638924455825,0.0,0.0,0.0023978582237225003,0.0013036899080433012,0.0007216854848096846,0.0,0.0,0.0036782679548364567,0.0008846467233150972,0.0023745780467931557,0.00204865556978233,0.002141776277499709,0.003259224770108253,0.0003724828308695146,0.021138400651844955,0.005750203701548132,0.0045163543242928645,0.008217902456058666,0.015900360842742406,0.007566057502037015,0.01606332208124782,0.010150157141194273,0.020253753928529857,0.027796531253637527,0.04278896519613549,0.051891514375509255,0.030171109300430682,0.03571179140961471,0.04039110697241299,0.03347689442439763,0.015295076242579444,0.011640088464672332,0.008846467233150973,0.009544872541031311,0.014037946688394832,0.008124781748341288,0.01517867535793272,0.007007333255732743,0.022279129321382842,0.023280176929344663,0.03366313583983238,0.06218135257827959,0.044162495634966825,0.03140495867768595,0.036829239902223254,0.033034571062740076,0.011430566872308229,0.029635665231055756,0.01352578279594925,0.016691886858340124,0.007007333255732743,0.015900360842742406,0.006611570247933884,0.00798510068676522,0.007263415201955535,0.01622628331975323,0.012664416249563496,0.02556163426842044,0.013316261203585146,0.013688744034454662,0.013455942265161214,0.016738447212198814
06,1305,01305,0601305,50184.0,2373,0.004124820659971305,0.26912960306073647,0.498206599713056,0.22853897656623626,0.03178303841861948,0.01472580902279611,0.010361868324565598,0.011437908496732025,0.008668101386896223,0.008947074764865295,0.010282161645145864,0.008986928104575163,0.013251235453531006,0.024091343854615015,0.03273951857165631,0.09190180137095488,0.06910569105691057,0.06779053084648494,0.13233301450661566,0.4635939741750359,0.0010162601626016261,0.0,0.0,0.0,0.0,0.0,0.0,0.0,0.0006177267655029492,0.0,0.0,0.002152080344332855,0.0,0.0,0.0,0.00033875338753387534,0.008847441415590627,0.0002789733779690738,0.003546947234178224,0.0003188267176789415,0.0023314203730272595,0.0,0.002769807109835804,0.0006974334449226845,0.003088633827514746,0.004523354057069983,0.008169934640522876,0.025904670811413996,0.017196716084807908,0.018750996333492746,0.03598756575801052,0.1367168818747011,0.015941335883947076,0.009245974812689304,0.0021122270046229873,0.005699027578511079,0.0010959668420213614,0.0023712737127371273,0.0026103937509963336,0.0022517136936075245,0.0031085604973696795,0.010062968276741592,0.011059301769488283,0.03507093894468356,0.027239757691694563,0.03106567830384186,0.06787023752590467,0.27140124342419897,0.005978000956480153,0.005200860832137733,0.004702694085764387,0.005420054200542005,0.005240714171847601,0.006575801052128168,0.004901960784313725,0.0060377809660449545,0.006436314363143632,0.009505021520803443,0.013510282161645145,0.02877411127052447,0.0246692172804081,0.017973856209150325,0.028475211222700463,0.05513709548860195
06,1308,01308,0601308,39021.0,1402,0.015709489761923066,0.32305681556085186,0.4330232438943133,0.22821045078291177,0.04315624919914918,0.026754824325363268,0.01650393377924707,0.03762076830424643,0.041900515107249944,0.02959944645191051,0.036570052023269524,0.02057866277132826,0.025678480818021064,0.07929063837420876,0.0791625022423823,0.14584454524486815,0.09364188513877143,0.07844493990415417,0.11811588631762385,0.12713666999820608,0.001845160298300915,0.0,0.000794444017324005,0.003972220086620025,0.0018964147510314958,0.0021783142410496913,0.0,0.0003075267163834858,0.0005637989800363907,0.00038440839547935725,0.0010250890546116193,0.0,0.0005894262064016811,0.0,0.0016145152610133006,0.0005381717536711002,0.01834909407754799,0.007585659004125983,0.007303759514107788,0.008687629737833474,0.006432433817687912,0.010353399451577356,0.010840316752517875,0.005971143743112683,0.004125983444811768,0.024038338330642475,0.025806616949847518,0.05589298070269855,0.029368801414622895,0.02326952153968376,0.04372004817918557,0.04131108890084826,0.013556802747238667,0.011686015222572461,0.000896952922785167,0.01007149996155916,0.020937443940442325,0.009353937623331027,0.011737269675303042,0.010250890546116194,0.014197483406370929,0.025524717459829323,0.03516055457317854,0.0527920863124984,0.04879423899951308,0.04069603546808129,0.0565592885881961,0.07080802644729761,0.009405192076061608,0.007483150098664821,0.007508777325030112,0.014889418518233772,0.01263422259808821,0.007713795135952436,0.013992465595448604,0.004049101765715896,0.006791214986801978,0.029343174188257604,0.017170241664744623,0.0371594782296712,0.014889418518233772,0.014479382896389123,0.016222034289228877,0.014479382896389123
06,1309,01309,0601309,41014.0,1633,0.004071780367679329,0.3079923928414688,0.4350953333008241,0.2528404934900278,0.03640220412542059,0.017725654654508215,0.024089335348905252,0.021724289267079533,0.021968108450772905,0.019968791144487248,0.019310479348515142,0.015214317062466474,0.017993855756570927,0.03386648461500951,0.07431608718974009,0.12225093870385723,0.11561905690739747,0.11174233188667285,0.14719364119568928,0.2006144243429073,0.0,0.0006095479592334325,0.0,0.0008777490612961428,0.0005364022041254206,0.0,0.0,0.0,0.0,0.0,0.0014385331837909008,0.0006095479592334325,0.0,0.0,0.0,0.0,0.006973228653630468,0.002925830204320476,0.005071439020822158,0.0029745940410591505,0.00668064563319842,0.0020968449797630078,0.0037791973472472815,0.003267177061491198,0.006217389184181011,0.011045009021309797,0.01587262885843858,0.04001072804408251,0.041010386697225336,0.046252499146632854,0.05976008192324572,0.054054713024820795,0.011435119715219193,0.006900082898522455,0.01336129126639684,0.006997610571999805,0.005559077388208904,0.011581411225435217,0.005802896571902277,0.005315258204515531,0.006193007265811674,0.01128882820500317,0.02801482420636856,0.04825181645291852,0.04754474082020774,0.046910810942604964,0.06158872580094602,0.11834983176476326,0.017993855756570927,0.007290193592431852,0.005656605061686254,0.010874335592724436,0.009191983225240162,0.006290534939289023,0.009728385429365582,0.0066318817964597454,0.005583459306578242,0.011532647388696542,0.028990100941142048,0.033378846247622766,0.0270639293899644,0.018579021797435022,0.025844833471497537,0.028209879553323255
06,1310,01310,0601310,51531.0,2737,0.017135316605538412,0.29659816421183366,0.371795618171586,0.3144709010110419,0.04459451592245445,0.022976460771186275,0.018260852690613418,0.01926995400826687,0.018765403349440143,0.02627544584813025,0.024024373677980247,0.026372474820981547,0.025790300983873783,0.05610215210261784,0.07114164289456831,0.12813646154741806,0.11061302905047447,0.07938910558692826,0.12481807067590382,0.20346975606916226,0.0022122605810094894,0.0005239564533969844,0.00021346374027284546,0.0,0.0016494925384719877,0.0,0.0022510721701500067,0.0,0.0020182026353069028,0.0011643476742155207,0.001688304127612505,0.001513651976480177,0.003260173487803458,0.00032989850769439755,0.0003104927131241389,0.0,0.010129824765675031,0.0012807824416370729,0.0021928547864392307,0.003745318352059925,0.007121926607284936,0.009586462517707787,0.0052395645339698435,0.009062506064310803,0.010071607381964255,0.0144185053657022,0.014534940133123751,0.03246589431604277,0.030350662707884574,0.03271816964545613,0.03570666200927597,0.07797248258329938,0.015311171915934098,0.009237158215443131,0.0040364052706138055,0.006423318002755623,0.0027944344181172497,0.006209854262482778,0.006151636878772002,0.007529448293260368,0.004055811065184064,0.019735693077953077,0.023946750499699212,0.048145776328811785,0.03997593681473288,0.03054472065358716,0.05843084745104888,0.08926665502318992,0.016941258659835826,0.011934563660709089,0.011818128893287535,0.00910131765345132,0.00719954978556597,0.010479129067939687,0.010382100095088394,0.009780520463410375,0.009644679901418563,0.020783605984747044,0.03097164813413285,0.04601113892608333,0.03702625604005356,0.015796316780190566,0.030370068502454835,0.036230618462672955
06,1311,01311,0601311,46112.0,2031,0.02099236641221374,0.34080065926439973,0.38805517002081885,0.25015180430256767,0.048772553782095766,0.02613202637057599,0.01758761276891048,0.027129597501734905,0.02368147120055517,0.02309594031922276,0.025438063844552394,0.03346200555170021,0.02994882026370576,0.04302567661346287,0.08208275503122832,0.1287734212352533,0.10788948646773074,0.08134541984732824,0.14291290770298404,0.15872224149895905,0.005530013879250521,0.001171061762664816,0.0,0.0,0.0004120402498265094,0.0020385149201943096,0.0,0.0,0.0,0.002125260235947259,0.0006722761970853573,0.0018433379597501734,0.004489070090215128,0.0,0.002342123525329632,0.0003686675919500347,0.013575641915336572,0.008370922970159612,0.003556557945870923,0.003621616932685635,0.00952029840388619,0.005183032616238723,0.005530013879250521,0.01025763358778626,0.015896079111727968,0.014963566967383761,0.02914642609299098,0.0404883761276891,0.032507807078417765,0.030772900763358778,0.05412907702984039,0.06328070784177654,0.017457494795281053,0.004358952116585705,0.0063107217210270645,0.006332408049965302,0.004922796668979875,0.007698646773074254,0.013553955586398334,0.012296148507980569,0.005573386537126995,0.013467210270645385,0.026348889659958363,0.0532616238723109,0.04085704371963914,0.03684507286606523,0.06347588480222068,0.07529493407356003,0.01220940319222762,0.012231089521165858,0.0077203331020124916,0.01717557251908397,0.008826335877862596,0.008175746009715476,0.006354094378903539,0.01090822345593338,0.008479354614850798,0.012469639139486467,0.025915163081193616,0.03318008327550312,0.03003556557945871,0.013727446217904234,0.02296582234559334,0.01977793199167245
06,1312,01312,0601312,39990.0,2099,0.01827956989247312,0.19877469367341835,0.3670917729432358,0.4158539634908727,0.03393348337084271,0.016854213553388345,0.009602400600150038,0.019204801200300076,0.017479369842460617,0.02145536384096024,0.02138034508627157,0.016754188547136784,0.01665416354088522,0.03980995248812203,0.049587396849212304,0.08714678669667417,0.06426606651662915,0.07096774193548387,0.10825206301575394,0.4066516629157289,0.004476119029757439,0.002175543885971493,0.0,0.0,0.0004751187796949237,0.0,0.0008002000500125031,0.0,0.0015003750937734434,0.0020255063765941485,0.0029257314328582145,0.0033758439609902473,0.0,0.0,0.0005251312828207052,0.0,0.0038259564891222806,0.0032758189547386846,0.0003000750187546887,0.000625156289072268,0.0025756439109777445,0.0,0.0013253313328332084,0.0020255063765941485,0.0026756689172293072,0.008177044261065266,0.0053013253313328335,0.022030507626906726,0.009227306826706676,0.012653163290822706,0.02525631407851963,0.09949987496874219,0.012978244561140285,0.002800700175043761,0.0012003000750187547,0.002875718929732433,0.002800700175043761,0.002325581395348837,0.002250562640660165,0.004726181545386347,0.0024006001500375095,0.005826456614153539,0.009902475618904727,0.02005501375343836,0.01727931982995749,0.027931982995748936,0.04386096524131033,0.20787696924231058,0.012653163290822706,0.008602150537634409,0.008102025506376594,0.015703925981495375,0.011627906976744186,0.019129782445611403,0.01700425106276569,0.010002500625156289,0.010077519379844961,0.023780945236309078,0.03145786446611653,0.041685421355338835,0.037759439859964994,0.030382595648912228,0.038609652413103275,0.09927481870467617
06,1313,01313,0601313,70004.0,3296,0.01995600251414205,0.3085823667219016,0.3834352322724416,0.2880263984915148,0.0339409176618479,0.023870064567738988,0.01718473230101137,0.021198788640649106,0.015927661276498487,0.022270155991086223,0.014213473515799097,0.022284440889092053,0.021513056396777325,0.039754871150219986,0.05512542140449117,0.11735043711787897,0.10223701502771271,0.08673790069138906,0.13892063310667963,0.26747043026112793,0.003228386949317182,0.0022712987829266898,0.001014227758413805,0.00021427347008742356,0.0,0.0,0.0006571053082680989,0.002357008170961659,0.0005285412262156448,0.001371350208559511,0.0018998914347751557,0.0034712302154162617,0.00035712245014570595,0.0012142163304954003,0.001371350208559511,0.0,0.008442374721444488,0.0018713216387634991,0.0009428032683846638,0.006628192674704303,0.0018998914347751557,0.0038854922575852807,0.0033998057253871207,0.006399634306611051,0.006456773898634364,0.010499400034283755,0.0159848008685218,0.03976915604822582,0.03464087766413348,0.028269813153534083,0.054039769156048224,0.08545225987086452,0.009428032683846637,0.00827095594537455,0.004185475115707674,0.00867093308953774,0.005099708588080681,0.007570995943088966,0.003642648991486201,0.005413976344208903,0.006642477572710131,0.009813724930004,0.017784698017256156,0.04011199360036569,0.03172675847094452,0.03492657562425004,0.05782526712759271,0.13232101022798698,0.012842123307239587,0.011456488200674247,0.011042226158505229,0.005685389406319639,0.00892806125364265,0.010813667790411976,0.0065139134906576765,0.00811382206731044,0.007885263699217188,0.01807039597737272,0.01945603108393806,0.03399805725387121,0.035512256442489,0.022327295583109537,0.025684246614479173,0.04969716016227644
06,1314,01314,0601314,30855.0,1354,0.030270620644952197,0.3568303354399611,0.400907470426187,0.2119915734888997,0.0414195430238211,0.037303516447901475,0.021617241938097553,0.023367363474315346,0.030562307567655163,0.030659536541889482,0.031729055258467025,0.0293955598768433,0.034840382433965325,0.06848160751904067,0.1140495867768595,0.11301247771836007,0.11145681413061093,0.09411764705882353,0.10549343704423918,0.11249392318911035,0.004342894182466375,0.0013287959812023982,0.0004213255550153946,0.001296386323124291,0.0004861448711716091,0.0005509641873278236,0.0009722897423432182,0.0023983146977799383,0.0,0.0028844595689515476,0.0023983146977799383,0.007551450332198995,0.0020093988008426512,0.000939880084265111,0.002690001620482904,0.0,0.01594555177442878,0.007810727596823853,0.00690325717063685,0.007097715119105494,0.010435909901150543,0.010371090584994328,0.014292659212445309,0.01046831955922865,0.008005185545292497,0.031988332523091884,0.05192027224112786,0.033932912007778315,0.037886890293307406,0.034548695511262356,0.03960460217144709,0.035618214227839895,0.016107600064819316,0.010014584346135148,0.006838437854480635,0.006028196402527953,0.013352779128180198,0.008232053151839247,0.005930967428293631,0.008264462809917356,0.021001458434613516,0.020061578350348403,0.03380327337546589,0.04556797925781883,0.04773942634905202,0.04861448711716091,0.04916545130448874,0.06018473505104521,0.005023497002106627,0.018149408523740074,0.007454221357964673,0.008945065629557608,0.006287473667152811,0.011505428617728084,0.010533138875384864,0.008264462809917356,0.00583373845405931,0.013547237076648842,0.025927726462485822,0.02596013612056393,0.023821098687408847,0.010014584346135148,0.01403338194782045,0.016690973910225247
06,1500,01500,0601500,48906.0,3739,0.023350918087760193,0.2358197358197358,0.3443544759334233,0.3964748701590807,0.05933832249621723,0.05980861244019139,0.06447061710219605,0.04792867950762687,0.04502515028830818,0.05443094916779127,0.049032838506522715,0.04066985645933014,0.042878174457121825,0.07884513147671042,0.0952439373492005,0.12536294115241484,0.08123747597431807,0.055719134666503085,0.053040526724737254,0.04696765223081013,0.0034965034965034965,0.002535476219686746,0.0016153437206068784,0.001185948554369607,0.004048582995951417,0.0014108698319224636,0.001472211998527788,0.000777000777000777,0.0012472907209749315,0.002699055330634278,0.0013699750541855806,0.0008383429436061015,0.000572526888316362,8.1789555473766e-05,0.0,0.0,0.011246063877642825,0.007136138715086083,0.014660777818672555,0.005991084938453359,0.008322087269455691,0.007401954770375823,0.013986013986013986,0.009712509712509712,0.01077577393366867,0.013720197930724246,0.025027603974972397,0.036907536907536904,0.025722815196499407,0.01950680898049319,0.016562384983437616,0.00913998282419335,0.023494049809839282,0.015989858095121254,0.018729808203492414,0.014742567374146321,0.009692062323641271,0.01623522676154255,0.012759170653907496,0.012391117654275549,0.015233304706988917,0.025559236085551874,0.030057661636609005,0.04825583772952194,0.0313867419130577,0.023943892364944996,0.023125996810207338,0.02275794381057539,0.021101705312231628,0.0341471394102973,0.029464687359424202,0.026009078640657587,0.022962417699259805,0.029382897803950436,0.020815441868073447,0.017789228315544105,0.015621805095489306,0.03686664212980002,0.03878869668343352,0.039361223571749884,0.023555391976444608,0.012186643765591134,0.0133521449310923,0.015069725596041385
06,1700,01700,0601700,75719.0,3517,0.012942590367014884,0.2472959230840344,0.3836949774825341,0.3560665090664166,0.036397733726013286,0.030084919240877455,0.03567136385847674,0.02502674361785021,0.026928511998309538,0.024656955321649784,0.0249210898189358,0.025396531914050634,0.025105983967036016,0.05188922199183824,0.09312061701818566,0.13282003196027417,0.10812345646403149,0.07813098429720414,0.09699018740342583,0.18473566740184102,0.001862148205866427,0.0022187297772025515,0.0,0.0006603362432150451,0.0006603362432150451,0.0,0.0006339227934864433,0.0006471295183507442,0.0,0.0012942590367014885,0.0020602490788309406,0.0015583935339875065,0.0012282254123799838,0.0,0.00011886052377870812,0.0,0.008148549241273657,0.003473368639311137,0.00599585308839261,0.00894095273313171,0.005216656321398856,0.004820454575469829,0.005256276495991759,0.004939315099248537,0.00483366130033413,0.012414321372442848,0.024855056194614297,0.033135672684530965,0.03106221688083572,0.0175517373446559,0.028143530685825223,0.048508300426577215,0.015425454641503454,0.009865423473632774,0.012070946525971024,0.003394128290125332,0.007290112125094098,0.00746179954833001,0.00703918435267238,0.005361930294906166,0.00806930889208785,0.014316089752902177,0.02428716702544936,0.043608605501921575,0.040769159656096884,0.038907011450230455,0.04558961423156671,0.10023904172004384,0.010961581637369749,0.014527397350730992,0.0176045642441131,0.012031326351378121,0.01376140730860154,0.012374701197849945,0.01199170617678522,0.014448157001545187,0.012203013774614033,0.02386455182979173,0.04191814471929106,0.054517360239834126,0.0350638545147189,0.02167223550231778,0.02313818196225518,0.03598832525521996
06,1901,01901,0601901,40527.0,1854,0.03276827793816468,0.35026032028030696,0.3953413773533694,0.22163002442815902,0.09406074962370765,0.050410837219631355,0.04772127223826091,0.05265625385545439,0.052335480050336815,0.05009006341451378,0.05835615762331285,0.02719174871073605,0.058208108174797046,0.0811557726947467,0.09272830458706541,0.1086189453944284,0.09327115256495669,0.05166925753201569,0.04305771461001308,0.03846818170602315,0.00518173069805315,0.0,0.003232412959261727,0.0024921657166827055,0.001307770128556271,0.001751918474103684,0.0023194413600809336,0.0026895649813704443,0.0017765933821896514,0.004293434006958324,0.0047869321686776715,0.00046882325363338024,0.002467490808596738,0.0,0.0,0.0,0.03587731635699657,0.015668566634589286,0.0103634613961063,0.011745256248920474,0.022922989611863696,0.017494509832950873,0.020085375181977446,0.009351790164581637,0.028548868655464257,0.02297233942803563,0.03701236212895107,0.039677252202235544,0.03444617168801046,0.021861968564167097,0.014188072149431243,0.008044020036025366,0.02590865349026575,0.015594541910331383,0.016556863325684113,0.011720581340834505,0.0126335529400153,0.018210082167443926,0.02598267821452365,0.008636217830088583,0.01835813161595973,0.041305796135909394,0.0390357045920004,0.05218743060182101,0.04330446369087275,0.021072371505416142,0.02136847040244775,0.023465837589754977,0.027093049078392183,0.019147728674710686,0.017568534557208776,0.026698250549016703,0.015471167369901548,0.0126335529400153,0.009968662866730822,0.006514175734695388,0.009524514521183408,0.012584203123843363,0.011893305697436277,0.01628543933673847,0.013053026377476743,0.008734917462432452,0.007501172058134084,0.006958324080242801
06,1902,01902,0601902,72175.0,3000,0.048257706962244545,0.35770003463803257,0.3190024246622792,0.27503983373744373,0.05614132317284378,0.032795289227571876,0.022029788708001385,0.035774160027710424,0.020394873571181155,0.02629719431936266,0.036272947696570836,0.03606511950121233,0.03517838586768272,0.06581226186352615,0.09363352961551784,0.1417803948735712,0.11758919293384136,0.08138552130239002,0.09382750259785244,0.10502251472116383,0.005084863179771389,0.001025285763768618,0.0029650155871146517,0.0028957395219951507,0.0007204710772428126,0.0028818843089712504,0.003477658468998961,0.00515413924489089,0.004128853481122272,0.0038933148597159683,0.004890890197436786,0.0060547280914444055,0.0021475580187045374,0.0012192587461032213,0.00171804641496363,0.0,0.01938344302043644,0.00792518184967094,0.0031589885694492553,0.008451679944579148,0.004683062002078282,0.007481815032906131,0.014229303775545548,0.012802216834083825,0.011860062348458607,0.030024246622791826,0.03544163491513682,0.06701766539660547,0.042577069622445445,0.03660547280914444,0.028417041912019398,0.027641149982680982,0.015587114651887772,0.0114166955316938,0.007703498441288535,0.006636647038448216,0.005209560096986491,0.005860755109109802,0.00860408728784205,0.006511950121233114,0.010613093176307585,0.012414270869414617,0.024745410460685832,0.041246969172151024,0.04446137859369588,0.027100796674748875,0.04119154832005542,0.04969864911673017,0.01608590232074818,0.012428126082438517,0.008202286110148943,0.01779009352268791,0.009781780394873572,0.010072739868375476,0.009961898164184274,0.011596813301004504,0.00857637686179425,0.019480429511603743,0.0285555940422584,0.02746103221337028,0.028403186698995497,0.01645999307239349,0.022500865950813995,0.027682715621752684
06,1903,01903,0601903,35660.0,1456,0.03796971396522714,0.4471116096466629,0.338418395961862,0.1765002804262479,0.09873808188446438,0.05914189568143578,0.04915872125630959,0.056085249579360626,0.06587212563095905,0.05457094784071789,0.04983174425126192,0.04436343241727426,0.037885586090858105,0.07195737521031968,0.0910263600673023,0.1340157038698822,0.0628154795288839,0.04545709478407179,0.04907459338194055,0.030005608524957934,0.007655636567582726,0.0012899607403252945,0.002411665731912507,0.00804823331463825,0.004346606842400448,0.002327537857543466,0.0007571508693213685,0.0016545148625911384,0.0,0.0025238362310712283,0.0010936623667975323,0.0031407739764441954,0.001514301738642737,0.0,0.0012058328659562535,0.0,0.029809310151430173,0.01848008973639933,0.01606842400448682,0.01971396522714526,0.036707795849691534,0.03272574312955693,0.02854739203589456,0.020639371845204712,0.019938306225462703,0.03855860908581043,0.0481491867638811,0.061189007291082446,0.023780145821648908,0.022770611329220414,0.01948962422882782,0.010544026920919798,0.043269770050476726,0.01962983735277622,0.012338754907459339,0.017134043746494673,0.016348850252383623,0.011721817162086371,0.011918115535614133,0.01259113853056646,0.01079641054402692,0.017442512619181155,0.028771733034212002,0.04697139652271452,0.03160403813796971,0.016348850252383623,0.025210319685922602,0.016320807627593942,0.018003365114974763,0.01974200785193494,0.018339876612450925,0.011189007291082445,0.008468872686483456,0.007795849691531127,0.008609085810431856,0.009478407178911945,0.00715086932136848,0.013432417274256871,0.013011777902411665,0.022714526079641053,0.005916993830622546,0.006337633202467751,0.0031688166012338757,0.0031407739764441954
06,1904,01904,0601904,57881.0,2503,0.04006496086798777,0.40332751680171386,0.34078540453689465,0.2158221177934037,0.11174651440023496,0.06718957861819941,0.05925951521224582,0.05017190442459529,0.053575439263316114,0.04215545688567924,0.05013735077141031,0.042483716590936575,0.03883830617992087,0.0838617162799537,0.09702665814343221,0.1084120868678841,0.079196973099981,0.03305056927143622,0.03852732330125602,0.04436689068951815,0.008707520602615712,0.005373093070264854,0.001762236312434132,0.001019332768956998,0.0033517043589433495,0.0008465645030320831,0.004958449232045058,0.0003973670116273043,0.0010711632487344724,0.0028679532143535877,0.004440144434270313,0.0026433544686511982,0.002073219191098979,0.0005528584509597277,0.0,0.0,0.04066964979872497,0.016983120540419137,0.02256353552979389,0.023721082911490818,0.022217998997944056,0.01855531176033586,0.020231163939807537,0.01762236312434132,0.01655119987560685,0.041222508249684695,0.037473436879114044,0.051381282286069696,0.030096231924120177,0.016205663343757018,0.013683246661253262,0.01414972097925053,0.03937388780428811,0.024066619443340646,0.018002453309376134,0.013406817435773398,0.014443427031322887,0.009208548573797964,0.013873291753770667,0.01204194813496657,0.014616195297247801,0.02188973929268672,0.03185846823655431,0.038371831861923604,0.03804357215666626,0.012335654187038924,0.018088837442338593,0.021164112575802075,0.022995456194606176,0.020766745564174773,0.01693129006064166,0.012024671308374079,0.01356230887510582,0.013545032048513329,0.011074445845787045,0.012422038320001383,0.006599747758331749,0.017881515523228694,0.023254608593493546,0.01601561825123961,0.008983949828095576,0.003956393289680551,0.006755239197664173,0.009053057134465541
06,1905,01905,0601905,32546.0,1461,0.024672770847415964,0.4271185399127389,0.36655810237817243,0.1816505868616727,0.08919682910342284,0.0631721256068334,0.06258833650832668,0.04415289129232471,0.04928409021077859,0.0431389418054446,0.03367541326123026,0.03647145578565723,0.04381490813003134,0.07318871750752781,0.09297609537270325,0.1178639464143059,0.08514103115590242,0.05954648804768635,0.0525410188656056,0.053247710932219014,0.0040865236895471025,0.0007066920666134087,0.004485958335893812,0.0012290296810667978,0.0024580593621335955,0.00012290296810667977,0.0028882197505069747,0.0031647514287470044,0.0004301603883733792,0.0010139494868801082,0.0006452405825600688,0.0025502365882136054,0.0,0.0008910465187734283,0.0,0.0,0.0328150924844835,0.01723714127696184,0.02694647575738954,0.015086339335094942,0.020555521415842194,0.024027530264855896,0.011860136422294599,0.01711423830885516,0.01729859276101518,0.029281632151416458,0.04237079825477785,0.051219811958458795,0.04350765070976464,0.033306704356910216,0.0271922816936029,0.01729859276101518,0.035457506298777114,0.02273704909973576,0.011983039390401278,0.014256744300374853,0.014686904688748233,0.009985866158667731,0.013181343329441406,0.008787562219627605,0.020678424383948873,0.030602839058563265,0.03441283106987034,0.04587353284581823,0.03161678854544337,0.020739875868002213,0.019818103607202115,0.03173969151355005,0.01683770663061513,0.022491243163522398,0.019172863024642044,0.013580777975788116,0.011583604744054569,0.009002642413814294,0.00574571375898728,0.007404903828427457,0.00540773059669391,0.012290296810667978,0.015547225465494991,0.018220365021815278,0.010016591900694401,0.004608861304000492,0.00553063356480059,0.004209426657653783
06,1906,01906,0601906,43998.0,2118,0.02095549797718078,0.37856266193917903,0.36472112368744036,0.23576071639619983,0.03211509614073367,0.027660348197645346,0.016250738669939542,0.027842174644302015,0.02779671803263785,0.031228692213282422,0.025410245920269102,0.03654711577798991,0.03079685440247284,0.05657075321605527,0.096618028092186,0.14900677303513796,0.09575435247056685,0.08214009727714897,0.1253011500522751,0.13896086185735715,0.0007500340924587481,0.0004772944224737488,0.0003181962816491659,0.0006818491749624983,0.0007954907041229146,0.0005227510341379154,0.00034092458748124913,0.00534115187053957,0.00034092458748124913,0.0036592572389654073,0.001477339879085413,0.0047729442247374885,0.0,0.0012500568207645803,0.00022728305832083275,0.0,0.012046002091004137,0.007000318196281649,0.0025228419473612438,0.008977680803672894,0.005432065093867903,0.00915950725032956,0.010295922541933724,0.01206873039683622,0.00909132233283331,0.02047820355470703,0.03566071185053866,0.06736669848629483,0.03677439883631074,0.03127414882494659,0.06059366334833401,0.04982044638392654,0.009068594027001227,0.004909314059729988,0.006227555797990818,0.0060457293513341516,0.0029319514523387428,0.009454975226146642,0.003454702486476658,0.009432246920314559,0.011955088867675804,0.018637210782308285,0.0345242965589345,0.051797808991317786,0.038683576526205736,0.035569798627210325,0.050297740806400294,0.07173053320605483,0.010250465930269558,0.015273421519159962,0.007182144642938315,0.01213691531433247,0.018637210782308285,0.012091458702668303,0.011318696304377472,0.00970498659029956,0.009409518614482476,0.013796081640074549,0.024955679803627437,0.025069321332787855,0.020296377108050365,0.014046093004227465,0.014182462839219964,0.01740988226737579
06,1907,01907,0601907,39377.0,1917,0.023008355131167942,0.32965944586941615,0.39065952205602256,0.25667267694339335,0.04672778525535211,0.05251796734134139,0.04698174061000076,0.050562511110546764,0.04545800848210885,0.041445513878660134,0.03918531122228712,0.04324859689666557,0.04086141656296823,0.07258044035858496,0.08799553038575818,0.1290855067679102,0.08868120984330954,0.05505752088782792,0.08888437412702847,0.0707265662696498,0.0004317241029027097,0.0009396348122000152,0.0035553749650811387,0.0007110749930162277,0.0017776874825405694,0.0009904258831297458,0.001015821418594611,0.000736470528481093,0.0009904258831297458,0.0011681946313838027,0.0043680320999568275,0.0009396348122000152,0.0011681946313838027,0.0009650303476648805,0.0015999187342865123,0.001650709805216243,0.013865962363816441,0.01467861949869213,0.011199431140005586,0.01671026233588135,0.018411763212027324,0.020316428371892223,0.01671026233588135,0.012824745409756965,0.00827894456154608,0.018843487314930036,0.03603626482464383,0.048683241486146736,0.027198618482870713,0.021586205145135484,0.0291794702491302,0.015135739137059704,0.01810701678644894,0.009497930263859613,0.009218579373746096,0.013637402544632653,0.015364298956243493,0.007263123142951469,0.011275617746400183,0.01851334535388679,0.01950377123701653,0.03514742108337354,0.03207456129212485,0.05071488432333596,0.0443913959925845,0.02445590065266526,0.04101378977575742,0.04048048353099525,0.014323082002184016,0.027401782766589635,0.023008355131167942,0.01950377123701653,0.009904258831297457,0.012875536480686695,0.010183609721410976,0.011174035604540722,0.012088274881275871,0.01742133732889758,0.015516672169032684,0.028747746146227493,0.01592300073647053,0.008050384742362292,0.01709119536785433,0.013459633796378597
06,2300,02300,0602300,54878.0,2985,0.06835161631254784,0.30163271256241114,0.3314989613324101,0.29851670979263095,0.08282007361784322,0.06565472502642225,0.03833958963519079,0.04480848427420824,0.057272495353329206,0.0475235977987536,0.04907248806443384,0.04896315463391523,0.04373337220744196,0.06806006049783156,0.08925252378002113,0.11928277269579796,0.07472939975946645,0.05568716061080943,0.05579649404132803,0.059003608003207114,0.01310178942381282,0.007161339698968621,0.003936003498669777,0.006778672692153504,0.002296002040890703,0.00318889172345931,0.0068333394074128065,0.00528444914173257,0.0004920004373337221,0.008436896388352344,0.004045336929188382,0.001840446080396516,0.0008200007288895368,0.002113779656693028,0.002022668464594191,0.0,0.015452458179962826,0.011334232297095376,0.010131564561390721,0.013120011662232589,0.017475126644557016,0.016035569809395387,0.01180801049600933,0.01550712489522213,0.013703123291665148,0.02332446517730238,0.03801158934363497,0.04480848427420824,0.02658624585444076,0.015088013411567477,0.016691570392507016,0.012555122271219797,0.030977805313604723,0.024545355151426803,0.011698677065490725,0.011097343197638398,0.015962680855716317,0.011042676482379096,0.011753343780750027,0.01767557126717446,0.014905791027369802,0.017584460075075622,0.023707132184117498,0.04253070447173731,0.02840846969641751,0.02057290717591749,0.019971573308065163,0.029064470279529138,0.023288020700462844,0.022613797878931446,0.012573344509639563,0.013812456722183753,0.021538685812165167,0.017256459783519806,0.01867779438026167,0.01049600932978607,0.01463245745107329,0.018714238857101207,0.023488465323080288,0.030103137869455884,0.01891468347971865,0.01791246036663144,0.017110681876161667,0.01738401545245818
06,2500,02500,0602500,48844.0,2009,0.023646711981000736,0.3389771517484236,0.37505118335926624,0.2623249529113095,0.08381786913438703,0.06758250757513717,0.07229137662763083,0.05292359348128736,0.05177708623372369,0.040741953975923346,0.046413070182622224,0.0482556711162067,0.048747031365162556,0.06170665793137335,0.09499631479813284,0.10625665383670461,0.08809679796904431,0.05441814757186143,0.04180656784866104,0.04016870035214151,0.00646957661125215,0.0008598804356727541,0.0013921873720416018,0.0005527802800753419,0.0023339611825403325,0.001248873966096143,0.0012079272786831546,0.0015150274342805668,0.004811235771026124,0.0005937269674883302,0.001269347309802637,0.0013921873720416018,0.0,0.0,0.0,0.0,0.02360576529358775,0.01377856031447056,0.02059618376873311,0.014044713782654983,0.019879616739005814,0.016132994840717386,0.014044713782654983,0.014597494062730325,0.025264106133813774,0.02010482351977725,0.02958398165588404,0.03517320448775694,0.039247399885349275,0.02524363279010728,0.01621488821554336,0.01146507247563672,0.028928834657276227,0.019285889771517486,0.016440094996314797,0.015498321185816068,0.01566210793546802,0.013983293751535501,0.020637130456146097,0.020923757268037017,0.01101465891409385,0.02870362787650479,0.03922692654164278,0.04317828187699615,0.037159118827286876,0.02286872492015396,0.018876422897387602,0.022663991483089018,0.024813692572270903,0.033658177053476374,0.03386291049054131,0.022827778232740972,0.013901400376709524,0.009376791417574318,0.01052329866513799,0.011219392351158791,0.00765703054622881,0.01230447956760298,0.024916059290803375,0.026512980099909916,0.011690279256408156,0.006305789861600197,0.0067152567357300795,0.006039636393415772
06,2903,02903,0602903,51648.0,2250,0.0434866790582404,0.38799179058240396,0.3440404275092937,0.22448110285006195,0.08586973358116481,0.0782798946716233,0.0625,0.07986756505576208,0.061512546468401486,0.03827834572490706,0.05111524163568773,0.04354476456009913,0.04329306071871128,0.07154197645600992,0.08918060718711276,0.12236679058240396,0.06052509293680297,0.03880111524163569,0.037852385377943,0.03547087980173482,0.0059634448574969025,0.0018200123915737298,0.0025557620817843866,0.004956629491945477,0.0018587360594795538,0.003039807930607187,0.008674101610904586,0.0016457558859975217,0.0013359665427509293,0.0030591697645600993,0.0011229863692688972,0.006195786864931847,0.0012585192069392813,0.0,0.0,0.0,0.033670229244114,0.016941604708798016,0.01936183395291202,0.03212128252788104,0.03343788723667906,0.012682001239157373,0.01934247211895911,0.019516728624535316,0.018819702602230485,0.029217007434944237,0.047204151177199505,0.043815830235439904,0.022575898389095416,0.010455390334572491,0.017909696406443618,0.01092007434944238,0.030978934324659233,0.023524628252788105,0.021917596034696406,0.023621437422552665,0.014037329615861214,0.013398389095415117,0.011965613382899629,0.013166047087980174,0.015470105328376704,0.027474442379182156,0.026854863692688972,0.04519052044609666,0.023331009913258986,0.019710346964064436,0.013959882280049567,0.01943928128872367,0.015257125154894672,0.035993649318463446,0.018664807930607187,0.0191682156133829,0.012178593556381661,0.009158147459727385,0.011133054522924412,0.009216232961586121,0.00766728624535316,0.01179135687732342,0.01399860594795539,0.027164653035935564,0.013359665427509293,0.00863537794299876,0.005982806691449814,0.005111524163568773
06,2904,02904,0602904,30602.0,1194,0.047840010456832886,0.4285667603424613,0.36419188288347165,0.15940134631723415,0.07823018103391935,0.07025684595778053,0.040389517025031046,0.0872491993987321,0.04983334422586759,0.04584667668779818,0.07466832233187373,0.039539899352983465,0.04617345271550879,0.08071367884451996,0.10025488530161428,0.13139664074243512,0.0768577217175348,0.032187438729494804,0.02918109927455722,0.017221096660348996,0.007548526240115025,0.0017645905496372785,0.002548853016142736,0.007613881445657147,0.00045748643879485,0.0027449186327691,0.005424482059996079,0.002254754591203189,0.0030390170577086466,0.0030390170577086466,0.004934318018430168,0.0018626233579504608,0.003529181099274557,0.0,0.0,0.0010783608914450035,0.021403829815044767,0.025455852558656296,0.019410496046010063,0.039180445722501796,0.0265342134501013,0.017449839879746423,0.027285798313835697,0.01820142474348082,0.021861316253839618,0.033690608456963596,0.04898372655382001,0.06385203581465264,0.03251421475720541,0.0192144304293837,0.007973335076138814,0.005555192471080322,0.02878896804130449,0.021273119403960525,0.009476504803607608,0.024834978106006142,0.016992353440951572,0.01957388405986537,0.033625253251421475,0.012417489053003071,0.01780929351022809,0.034638258937324355,0.03176262989347101,0.04565061107117182,0.031370498660218286,0.011698581792039735,0.015783282138422325,0.008496176720475786,0.020488856937455068,0.021763283445526437,0.008953663159270635,0.015619894124567022,0.005849290896019868,0.006078034115417293,0.008332788706620482,0.006666230965296386,0.003463825893732436,0.009345794392523364,0.01457421083589308,0.020031370498660217,0.009443827200836547,0.001274426508071368,0.005424482059996079,0.002091366577347886
06,2905,02905,0602905,67375.0,2927,0.033499072356215215,0.3533061224489796,0.3382560296846011,0.27493877551020407,0.0697291280148423,0.05586641929499073,0.04883116883116883,0.05706864564007421,0.049840445269016695,0.04188497217068646,0.05245269016697588,0.04509090909090909,0.044897959183673466,0.06769573283858998,0.09565862708719852,0.12425974025974026,0.0865899814471243,0.05138404452690167,0.06315398886827459,0.04559554730983303,0.002923933209647495,0.00016326530612244898,0.0012467532467532467,0.0011131725417439704,0.003458256029684601,0.00513543599257885,0.0028051948051948054,0.0032504638218923934,0.002582560296846011,0.0030871985157699443,0.003339517625231911,0.0014397031539888682,0.0014693877551020407,0.0010686456400742115,0.0002671614100185529,0.0001484230055658627,0.01883487940630798,0.01623747680890538,0.0132987012987013,0.017172541743970315,0.020987012987012988,0.012467532467532468,0.021313543599257884,0.009469387755102041,0.013610389610389611,0.02797773654916512,0.04341372912801484,0.052883116883116886,0.030100185528756956,0.019918367346938776,0.02212987012987013,0.01349165120593692,0.02882374768089054,0.01858256029684601,0.013239332096474954,0.01588126159554731,0.011131725417439703,0.011265306122448979,0.012645640074211503,0.0156734693877551,0.0095139146567718,0.02134322820037106,0.02451948051948052,0.04277551020408163,0.03723933209647495,0.020274582560296846,0.03272727272727273,0.022619666048237477,0.01914656771799629,0.020883116883116882,0.02104638218923933,0.022901669758812616,0.014263450834879406,0.01301669758812616,0.01568831168831169,0.016697588126159554,0.01919109461966605,0.015287569573283859,0.024385899814471243,0.027161410018552875,0.01778107606679035,0.010122448979591837,0.008029684601113172,0.009335807050092765
06,2906,02906,0602906,40982.0,2006,0.03233126738568152,0.38599873115026107,0.3750183007173881,0.20665170074666928,0.06173441998926358,0.05983114538089893,0.048362695817676056,0.05373090625152506,0.04982675320872578,0.05453613781660241,0.05063198477380313,0.04950954077399834,0.04023717729735005,0.0685910887706798,0.10097115806939631,0.12032111658777024,0.0837440827680445,0.04060319164511249,0.06783465911863745,0.04953394173051583,0.001805670782294666,0.0018788736518471525,0.0028793128690644673,0.0036845444341418185,0.0033429310428968817,0.002318090869162071,0.0013420526084622518,0.00021960860865745938,0.003074520521204431,0.003708945390659314,0.0032941291298618906,0.0035381386950368455,0.0006344248694548826,0.0,0.0,0.0006100239129373872,0.016446244692791958,0.012737299302132644,0.01703186764921185,0.015689815040749597,0.019301156605338928,0.023449319213313162,0.018544726953296568,0.0254013957347128,0.017861500170806694,0.034478551559221124,0.03528378312429847,0.053828510077595045,0.03489336782001855,0.015958225562442047,0.03152603582060417,0.01356693182372749,0.019276755648821434,0.021106827387633594,0.01681225904055439,0.017373481040456787,0.015177394953882192,0.017593089649114244,0.01793470304035918,0.015494607388609633,0.014982187301742228,0.02398614025669806,0.04182323947098726,0.04628861451368894,0.035234981211263484,0.017861500170806694,0.02837831242984725,0.025694207212922746,0.024205748865355523,0.02410814503928554,0.011639256258845347,0.016983065736176858,0.01200527060660778,0.011175638085012932,0.01281050217168513,0.008393929042018447,0.004318969303596701,0.006417451564101313,0.020570006344248694,0.016665853301449415,0.012981308867307598,0.006783465911863745,0.007930310868186033,0.009662778780928213
06,2907,02907,0602907,35703.0,1573,0.01719743438926701,0.38394532672324455,0.3725737332997227,0.22628350558776572,0.030165532308209394,0.026160266644259585,0.02422765593927681,0.021342744307201074,0.02932526678430384,0.03008150575581884,0.0302215500098031,0.032322213819566986,0.0341147802705655,0.06220765761980786,0.08371845503179004,0.153656555471529,0.11797327955633981,0.08097358765369857,0.12746827997647256,0.11604066885135703,0.004089292216340364,0.0016245133462174047,0.00033610620956222166,0.0004761504635464807,8.402655239055541e-05,0.0,0.00042013276195277706,0.002968938184466291,0.0029969470352631433,0.00022407080637481443,0.002296725765341848,0.0013444248382488866,0.0,0.00011203540318740721,0.0,0.00022407080637481443,0.008346637537461838,0.0018205753017953674,0.008402655239055541,0.003921239111559253,0.011259558020334426,0.01193177043945887,0.016665266224126823,0.012015796991849424,0.016189115760580342,0.019914292916561632,0.03470296613729939,0.06713721536005378,0.05142425006301991,0.028008850796851805,0.04744699324986696,0.044758143573369186,0.007786460521524802,0.006806150743634989,0.004565442679886844,0.008346637537461838,0.0030809735876536986,0.006890177296025544,0.004901548889449066,0.005993894070526287,0.0066661064896507295,0.0287090720667731,0.02840097470800773,0.058706551270201385,0.04764305520544492,0.037783939724953086,0.06198358681343304,0.05430916169509565,0.009943142032882392,0.015909027252611826,0.010923451810772204,0.008598717194633504,0.01490070862392516,0.011259558020334426,0.00823460213427443,0.01134358457272498,0.008262610985071283,0.013360221830098312,0.018317788421141082,0.026468364003024956,0.01890597428787497,0.01506876172870627,0.018037699913172563,0.01674929277651738
06,2908,02908,0602908,55107.0,2231,0.030467998620864863,0.4187671257734952,0.36202297348794166,0.18874190211769828,0.04494891756038253,0.03384325040375996,0.024515941713393944,0.03255484784147204,0.035313118115665884,0.0343332063077286,0.03593009962436714,0.028871105304226322,0.03796250930008892,0.07715898161758035,0.11063930172210427,0.15375542127134484,0.09731975974014191,0.08271181519589163,0.07797557479086141,0.09216614949099025,0.0032119331482388805,0.0012884025622879125,0.0002903442393888254,0.0014517211969441268,0.0015606002867149364,0.001977970130836373,0.003538570417551309,0.00263124466946123,0.005099170704266245,0.0016876258914475474,0.004953998584571833,0.00148801422686773,0.0012884025622879125,0.0,0.0,0.0,0.012430362748834087,0.012158165024407063,0.009581359899831237,0.014444625909594062,0.014480918939517666,0.011250839276316984,0.014898288783639102,0.011305278821202388,0.01783802420745096,0.03168381512330557,0.05084653492296804,0.07378372983468524,0.03948681655688025,0.036347469468488575,0.031175712704375125,0.03705518355199884,0.0206144409966066,0.008801059756473769,0.006006496452356325,0.009708385504563849,0.012049285934636254,0.011704502150362023,0.008456275972199539,0.009508773839984032,0.009000671421053586,0.02769158183170922,0.03752699294100568,0.052370842179759375,0.04155551926252563,0.03478686918177364,0.037454406881158475,0.03478686918177364,0.00869218066670296,0.011595623060591214,0.008637741121817555,0.0069501152303700076,0.007222312954797031,0.009399894750213222,0.00903696445097719,0.005425807973578675,0.006024642967318127,0.016095958771118007,0.017311775273558712,0.02611283503003248,0.01498902135844811,0.011577476545629411,0.009345455205327816,0.020324096757217778
06,3100,03100,0603100,43736.0,1958,0.05192518748856777,0.39861898664715567,0.34353850374977135,0.20591732211450522,0.06164258276934333,0.03822937625754527,0.04607188586061826,0.036331626120358514,0.04085878909822572,0.04817541613316261,0.04888421437717212,0.04488293396744101,0.05313700384122919,0.0904975306383757,0.1084232668739711,0.14516645326504482,0.09145783793671118,0.044677153832083406,0.06660417047740991,0.03495975855130785,0.00642491311505396,0.0017376989207975124,0.005213096762392537,0.0021263947320285348,0.005213096762392537,0.0028351929760380467,0.002766599597585513,0.009397292847997073,0.002995244192427291,0.001440460947503201,0.0035897201390159136,0.0054874702762026705,0.00048015364916773366,0.00022864459484177793,0.0019892079751234683,0.0,0.02467075178342784,0.009831717578196451,0.011157856228278763,0.014221693799158587,0.010426193524785073,0.019571977318456193,0.020395097859886593,0.0143131516370953,0.01806292299250046,0.05119352478507408,0.04415127126394732,0.06495792939454911,0.03651454179623194,0.021172489482348636,0.025128040973111394,0.01284982623010792,0.018497347722699835,0.015913663800987746,0.009557344064386318,0.010334735686848362,0.010197548929943297,0.010014633254069873,0.014861898664715566,0.009808853118712274,0.021355405158222058,0.023276019754892994,0.03857234314980794,0.052176696542893725,0.04159045180171941,0.018268703127858058,0.03306200841412109,0.01605085055789281,0.012049570148161697,0.010746295957563563,0.020143588805560636,0.009648801902323029,0.01502194988110481,0.0157536125845985,0.010860618254984453,0.011363636363636364,0.010723431498079385,0.014587525150905433,0.022109932321199927,0.022544357051399306,0.012872690689592098,0.0050073166270349365,0.00642491311505396,0.0060590817633071154
06,3300,03300,0603300,60935.0,2794,0.018035611717403793,0.24040370887010748,0.3457782883400345,0.3957823910724543,0.06741609912201527,0.07045212111266103,0.04514646754738656,0.049987691802740625,0.04404693525888242,0.04491671453187823,0.047772216296053174,0.04381718224337409,0.04572085008615738,0.08033150077951916,0.0941987363584147,0.11687864117502257,0.08269467465331912,0.04357101829818659,0.0594075654385821,0.063641585295807,0.0030524329203249364,0.0007877246245999836,0.0004266841716583244,0.0016739148272749652,0.000656437187166653,0.0021334208582916223,0.00029539673422499386,0.0021334208582916223,0.0,0.0007384918355624846,0.003085254779683269,0.0014605727414458028,0.0015918601788791336,0.0,0.0,0.0,0.019873635841470418,0.007828013456962338,0.00749979486337901,0.007040288832362353,0.007631082300812341,0.008008533683433166,0.01178304750964142,0.01245589562648724,0.009895790596537293,0.027340608845491096,0.02504307869040781,0.031459752194961846,0.027964224173299416,0.009797325018462297,0.01196356773611225,0.01481906950028719,0.02384508082382867,0.025026667760728646,0.010962501025683104,0.018199721014195456,0.014704192992533028,0.015114466234512186,0.013768770000820546,0.01634528596044966,0.015327808320341347,0.021416263231312054,0.02898170181340773,0.04207762369738246,0.028834003446295234,0.018659227045212112,0.025436941002707804,0.027078033970624436,0.020644949536391236,0.036809715270370066,0.02625748748666612,0.02307376712890785,0.021055222778370394,0.019660293755641257,0.02192500205136621,0.012882579798145565,0.020497251169278738,0.030836136867153523,0.037088701074915895,0.04188069254123246,0.024304586854845326,0.015114466234512186,0.02200705669976204,0.02174448182489538
06,3703,03703,0603703,55055.0,2310,0.017255471800926347,0.35947688674961403,0.39384252111524837,0.22942512033421125,0.06413586413586414,0.056162019798383436,0.03877940241576605,0.04956861320497684,0.029788393424757063,0.03360276087548815,0.047752247752247755,0.042575606211969846,0.03765325583507401,0.07405321950776496,0.09178094632640087,0.15426391790028154,0.08905639814730724,0.07336300063572791,0.0703659976387249,0.04709835618926528,0.0024520933611842702,0.0001998001998001998,0.0,0.0,0.0007810371446735084,0.001325946780492235,0.0022341295068567797,0.0014894196712378531,0.0011624738897466171,0.0019435110344201254,0.002179638543274907,0.0018163654527290892,0.001671056216510762,0.0,0.0,0.0,0.01998001998001998,0.014458269003723549,0.00592135137589683,0.015039505948596857,0.008119153573699028,0.011879030060848242,0.01941694668967396,0.019725728816637908,0.011933521024430115,0.0344927799473254,0.03062392153301244,0.06208337117428026,0.03819816547089274,0.025265643447461628,0.0283171374080465,0.014022341295068567,0.024902370356915813,0.018890200708382526,0.015439106348197257,0.0171464898737626,0.010771047134683498,0.01487603305785124,0.0169466896739624,0.011297793115974935,0.010662065207519753,0.02161474888747616,0.03907002088820271,0.0632095177549723,0.035164835164835165,0.034638089183543726,0.033348469712106074,0.02586504404686223,0.016801380437744075,0.022613749886477158,0.017418944691671965,0.017382617382617382,0.010117155571701026,0.005521750976296431,0.00915448188175461,0.010062664608119153,0.013895195713377531,0.016002179638543276,0.019907365361910817,0.02715466351829988,0.014022341295068567,0.01345926800472255,0.008700390518572337,0.0072109708473344835
06,3704,03704,0603704,52266.0,2412,0.023189071289174606,0.34364596487200094,0.4396165767420503,0.1935483870967742,0.053744307963111776,0.03784487047028661,0.03365476600466843,0.03021084452607814,0.034592277962729116,0.041767114376458886,0.04710519266827383,0.034611410859832395,0.033348639651015956,0.08020510465694715,0.09729078177017564,0.13802471970305744,0.10553706042168905,0.08177400221941607,0.07639765813339455,0.07389124861286496,0.0019324226074312171,0.0019898212987410555,0.001167106723300042,0.0007461829870278958,0.0008227145754410133,0.001664562047985306,0.0013775685914361152,0.0002678605594459113,0.00019132897103279377,0.004094439980101787,0.0029082003596984656,0.0021428844755672903,0.00042092373627214635,0.001875023916121379,0.00030612635365247004,0.0012819041059197185,0.0184632457046646,0.010905751348869246,0.007040906134006811,0.008437607622546205,0.008150614165997015,0.016454291508820267,0.01637775992040715,0.014751463666628401,0.014215742547736578,0.02519802548501894,0.03853365476600467,0.05494968048061837,0.03874411663414074,0.027226112577966557,0.02674779015038457,0.017449202158190794,0.017583132437913748,0.011345807982244672,0.01322083189836605,0.013010370030229977,0.012991237133126698,0.014100945165116901,0.020051276164236787,0.016167298052271076,0.01293383844181686,0.03373129759308154,0.03566372020051276,0.05936937971147591,0.051850151149887114,0.042360234186660545,0.040542608961849004,0.04469444763326063,0.015765507213102208,0.013603489840431637,0.012225921248995523,0.00801668388627406,0.01262771208816439,0.00954731565453641,0.009298587992193777,0.003424788581487009,0.0060077296904297245,0.017181341598744883,0.020185206443959745,0.02156277503539586,0.014521868901389049,0.010312631538667585,0.008801132667508513,0.01046569471549382
06,3705,03705,0603705,62032.0,3348,0.027518055197317513,0.29841049780758316,0.4076766830023214,0.2663947639927779,0.03862522568996647,0.0270344338405984,0.03114521537271086,0.0339018571060098,0.02492262058292494,0.022665720918235748,0.02726012380706732,0.028453056486974465,0.03124193964405468,0.05579378385349497,0.07068932164044364,0.12393603301521795,0.09461245808614908,0.07733105493938612,0.11355429455764766,0.19883286045911788,0.006657854010833119,0.0017571575960794428,0.0020312096982202732,0.0014831054939386124,0.0018538818674232653,0.0018700025793139026,0.0012735362393603302,0.0024503482073768377,0.001096208408563322,0.0009027598658756771,0.001950606138767088,0.0023858653598142895,0.00020956925457828217,0.0,0.0008866391539850399,0.000709311323188032,0.005900180551973175,0.00493293783853495,0.006786819705958215,0.007947510962084086,0.009462857879803973,0.008543977302037658,0.009059840082538045,0.006609491875161207,0.011880964663399536,0.01784562806293526,0.021972530306938354,0.044186871292236266,0.02987167913335053,0.022262703120969823,0.035175393345370135,0.05597111168429198,0.014653727108589115,0.007463889605364973,0.011510188289914883,0.01141346401857106,0.005674490585504256,0.0043525922104720146,0.00736716533402115,0.011558550425586794,0.009591823574929069,0.022649600206345114,0.025180551973175137,0.04383221563064225,0.039963244776889346,0.03380513283466598,0.05521343822543204,0.10344660820221821,0.01141346401857106,0.012880448800619036,0.010816997678617487,0.013057776631416043,0.00793139025019345,0.007899148826412175,0.009559582151147794,0.007834665978849626,0.008672942997162755,0.014395795718338922,0.021585633221563063,0.03353108073252515,0.024567964921330926,0.02126321898375032,0.02227882383286046,0.038705829249419656
06,3706,03706,0603706,42704.0,2414,0.013979955039340576,0.2779833270887973,0.4441504308729861,0.263886286998876,0.04971431247658299,0.03835706257025103,0.028194080179842637,0.03477426002248033,0.03290089921318846,0.025524541026601722,0.03835706257025103,0.02297208692394155,0.03329898838516298,0.0675814911952042,0.07837673285874859,0.13031566129636568,0.08910172349194455,0.08949981266391907,0.11736605470213562,0.12366523042337954,0.0008430123641813413,0.0008664293742974896,0.00416822780067441,0.00028100412139378045,0.0,0.001334769576620457,0.00044492319220681905,0.001334769576620457,0.00025758711127763206,0.002739790183589359,0.0010537654552266766,0.00018733608092918696,0.0,0.00014050206069689023,0.00021075309104533533,0.00011708505058074185,0.012809104533533159,0.005620082427875608,0.005549831397527164,0.0074466092169351815,0.013558448857249907,0.005081491195204196,0.011474334956912701,0.004191644810790558,0.011310415886099663,0.02187148744848258,0.02369801423754215,0.037607718246534284,0.023651180217309855,0.028053578119145748,0.03175346571749719,0.03430591982015736,0.020302547770700636,0.009437055076807793,0.006978269014612215,0.008453540651929561,0.00920288497564631,0.01250468340202323,0.011099662795054328,0.008875046834020232,0.017586174597227427,0.022644248782315475,0.032455976020981644,0.06299175721243912,0.045218246534282504,0.0473960284750843,0.06299175721243912,0.06601255151742226,0.015759647808167854,0.02243349569127014,0.01149775196702885,0.018593106032221807,0.010139565380292244,0.00660359685275384,0.015338141626077183,0.008570625702510304,0.004144810790558262,0.020325964780816785,0.021168977144998127,0.029528849756463096,0.020232296740352193,0.013909704008992132,0.02241007868115399,0.023229674035219184
06,3707,03707,0603707,35115.0,2043,0.022041862451943613,0.29380606578385304,0.4329773601025203,0.25117471166168304,0.049522995870710525,0.030471308557596468,0.026285063363235085,0.04676064359960131,0.04624804214723053,0.02964545066211021,0.04228961982058949,0.036907304570696284,0.03545493378897907,0.0669514452513171,0.09343585362380749,0.14967962409226826,0.10502634201908016,0.07563719208315535,0.09659689591342731,0.06908728463619536,0.0011391143386017372,0.000797380037021216,0.0003132564431154777,0.0017086715079026058,0.0027623522711092124,0.0009397693293464332,0.0009397693293464332,0.000797380037021216,0.000199345009255304,0.0011391143386017372,0.00290474156343443,0.0034742987327352984,0.0009967250462765201,0.00034173430158052114,0.002648440837249039,0.0009397693293464332,0.014438274241777018,0.004442545920546775,0.006806208173145379,0.01329915990317528,0.016574113626655274,0.008942047558023636,0.013441549195500498,0.008315534671792682,0.008913569699558593,0.018054962266837535,0.03106934358536238,0.04525131710095401,0.02699700982486117,0.02483269258151787,0.03098391000996725,0.021443827424177702,0.014609141392567278,0.006549907446959989,0.007176420333190944,0.0177701836821871,0.013099814893919978,0.011903744838388153,0.019194076605439273,0.021244482414922397,0.015064787128007974,0.030556742132991598,0.04166310693435853,0.07204898191655988,0.0533105510465613,0.03360387298875125,0.04613413071337035,0.029047415634344296,0.01933646589776449,0.018681475153068488,0.011989178413783283,0.013982628506336324,0.013811761355546064,0.007859888936351986,0.00871422469030329,0.006549907446959989,0.011277231952157197,0.01720062651288623,0.01779866154065214,0.02890502634201908,0.023722056101381176,0.01685889221130571,0.016830414352840665,0.017656272248326926
06,3708,03708,0603708,41423.0,2374,0.015015812471332352,0.2987953552374285,0.4240156434830891,0.26217318880815005,0.060401226371822415,0.04738913164184149,0.04176423725949352,0.025493083552615696,0.03225261328247592,0.03903628418994279,0.04533713154527678,0.03587378992347247,0.03476329575356686,0.06810226202834174,0.08618400405571784,0.1287449001762306,0.09226758081259204,0.07691379185476667,0.09316080438403786,0.09231586316780532,0.0017623059652849865,0.0,0.0008208000386258842,0.0002896941312797238,0.0004104000193129421,0.0014726118340052628,0.000627670617772735,0.0007242353281993096,0.0007966588610192405,0.002365835405451078,0.0006035294401660913,0.0002655529536730802,0.002172705984597929,0.001593317722038481,0.001110494169905608,0.0,0.010622118146923206,0.006180141467300775,0.01407430654467325,0.007507906235666176,0.0065181179537937865,0.012480988822634768,0.017019530212683775,0.006252565000120706,0.012022306448108538,0.019602636216594645,0.027593366004393695,0.039012143012336145,0.026555295367308017,0.028655577819086016,0.03609106052193226,0.028607295463872726,0.03102141322453709,0.013905318301426743,0.008739106293605001,0.008014870965405693,0.012505130000241413,0.014895106583299133,0.0155952007338918,0.02061656567607368,0.014629553629626053,0.02928324843685875,0.03763609588875745,0.05914588513627695,0.04002607247181517,0.032687154479395505,0.0441300726649446,0.04118484899693407,0.016995389035077132,0.02730367187311397,0.018130024382589382,0.009680612220264104,0.012818965309127779,0.010187576950003621,0.012094729980928469,0.008280423919078773,0.007314776814813026,0.01685054196943727,0.0203510127224006,0.030321319073944426,0.023513506988870916,0.013977741834246675,0.011829177027255389,0.022523718706998527
06,3709,03709,0603709,39844.0,2099,0.0038148780242947497,0.22984640096375866,0.43778235116956127,0.3285563698423853,0.03895191245858849,0.017041461700632466,0.016865776528460996,0.01734263628149784,0.021358297359702842,0.018371649432787872,0.02359200883445437,0.02093163337014356,0.0270304186326674,0.05067262323059934,0.06560586286517418,0.1007679951812067,0.07501756851721715,0.07993675333801827,0.1395693203493625,0.286944081919486,0.00017568517217146873,0.0,0.0,0.00022588093564903123,0.0010039152695512498,0.0,0.00035137034434293746,0.0,0.000301174580865375,0.0004768597530368437,0.0,0.0,0.0,0.0,0.0010290131512900311,0.00025097881738781245,0.008332496737275374,0.0035388013251681557,0.003563899206906937,0.0009286216243349062,0.006901917478164843,0.0028611585182210623,0.006048589499046281,0.0021082220660576245,0.004442325067764281,0.014130107418933842,0.01490814175283606,0.018472040959743,0.014054813773717497,0.01809557273366128,0.03202489709868487,0.07943479570324265,0.012724626041562092,0.005320750928621624,0.005471338219054312,0.0053960445738379685,0.004944282702539906,0.003965465314727437,0.005998393735568718,0.010591306093765686,0.007127798413813874,0.016037546431081216,0.029088444935247464,0.045025599839373556,0.03440919586386909,0.039755044674229495,0.06761369340427668,0.14431281999799217,0.01771910450757956,0.008181909446842687,0.00783053910249975,0.010792089147675937,0.008508181909446843,0.011545025599839373,0.011193655255496437,0.008232105210320249,0.015159120570223873,0.020028109627547436,0.021609276177090655,0.03727035438209015,0.02655355887963056,0.022086135930127496,0.03890171669511093,0.06294548740086336
06,3710,03710,0603710,51541.0,3071,0.020391532954347025,0.2970838749733222,0.42133447158572784,0.2611901204866029,0.04022040705457791,0.03309986224559089,0.027861314293475097,0.038998079199084226,0.04031741720183931,0.035796744339457905,0.038707048757300015,0.03261481150928387,0.033255078481209135,0.07033235676451757,0.09396402863739547,0.150055295783939,0.12392076211171689,0.07931549640092353,0.08210938864205196,0.07943190857763723,0.0011835237965891231,0.0013193380027550882,0.00017461826507052637,0.000601462913020702,0.0022118313575600007,0.00036863855959333344,0.00017461826507052637,0.0015715643856347374,0.0006208649424729826,0.00017461826507052637,0.0017461826507052637,0.0021342232397508778,0.0024446557109873692,0.0014939562678256146,0.0018819968568712286,0.0022894394753691237,0.012281484643293688,0.0041132302438835104,0.005587784482256844,0.010011447197376845,0.008032440193244214,0.007799615839816845,0.007741409751460003,0.00845928484119439,0.009002541665858248,0.02248695213519334,0.030286567975010188,0.04792301274713335,0.04328592770803826,0.029219456355134746,0.02923885838458703,0.02161386080984071,0.011466599406297899,0.007081740750082458,0.010283075609708776,0.010224869521351933,0.016200694592654392,0.016142488504297548,0.01338740032207369,0.009604004578878951,0.014357501794687724,0.024039114491375798,0.039890572553889135,0.0734172794474302,0.059253797947265284,0.03360431501135019,0.040977086203216856,0.04140393085116703,0.015288799208397198,0.02058555324886983,0.011815835936438951,0.018160299567334743,0.013872451058380707,0.01148600143575018,0.017403620418695795,0.012979957703575793,0.009274170078190178,0.023631671872877902,0.022040705457790886,0.02658078034962457,0.01893638074542597,0.014997768766612988,0.010011447197376845,0.014124677441260355
06,3711,03711,0603711,55684.0,2944,0.01136771783636233,0.25698584871776453,0.4102435169887221,0.3214029164571511,0.03304360318942605,0.03796422670785145,0.028158896630989153,0.025644709431793693,0.0262193807916098,0.025321456791897134,0.03534228862869047,0.023292148552546514,0.02530349831190288,0.060663745420587604,0.08248329861360534,0.12371596868041089,0.096993750448962,0.08977444149127217,0.11459306084333022,0.17148552546512463,0.0013648444795632498,0.0009158824797069177,0.0,0.0005387543998275986,0.000377128079879319,0.0005387543998275986,0.0009877163996839307,0.0,0.0,0.0006644637597873716,0.002298685439264421,0.00016162631994827957,0.001634221679477049,0.0012032181596149702,0.0005387543998275986,0.0001436678399540263,0.004471661518569068,0.002819481359097766,0.004579412398534588,0.0040945334386897495,0.005674879678184038,0.0039867825587242296,0.009033115437109404,0.001688097119459809,0.007237267437684074,0.016575677034695785,0.0251418719919546,0.036922634868184756,0.031571007829897274,0.03042166511026507,0.031193879750017958,0.04157388118669636,0.008602111917247324,0.009086990877092162,0.007111558077724301,0.007201350477695568,0.008063357517419725,0.007327059837655341,0.01163709503627613,0.005980173838086344,0.008817613677178364,0.021927304072983263,0.02835643991092594,0.05033761942389196,0.042040801666546945,0.03913152790747791,0.06035845126068529,0.0942640614898355,0.018604985274046405,0.0251418719919546,0.016467926154730264,0.013810071115580778,0.012104015516126715,0.013468859995689964,0.013684361755621004,0.01562387759500036,0.009248617197040442,0.021496300553121184,0.026686301271460384,0.03629408806838589,0.02174771927304073,0.01901803031391423,0.022501975432799366,0.03550391494863875
06,3712,03712,0603712,42010.0,2103,0.030873601523446797,0.34146631754344203,0.41009283503927635,0.2175672458938348,0.056700785527255416,0.0371102118543204,0.0390859319209712,0.025589145441561535,0.0365389193049274,0.03920495120209474,0.043251606760295165,0.033182575577243516,0.048059985717686264,0.0779338252796953,0.09352535110687932,0.15327303023089742,0.09959533444417995,0.06941204475124971,0.09097833849083552,0.056557962389907165,0.005522494644132349,0.0005236848369435848,0.0024517971911449657,0.0009521542489883361,0.00023803856224708403,0.001118781242561295,0.001594858367055463,0.0032611283027850512,0.00223756248512259,0.0030468935967626755,0.003761009283503928,0.0028326588907402997,0.0015234467983813377,0.001118781242561295,0.0,0.0006903118305165437,0.020637943346822184,0.01014044275172578,0.008759819090692691,0.005332063794334682,0.010949773863365866,0.015686741252082838,0.016139014520352296,0.012449416805522494,0.023018328969293025,0.022566055701023567,0.03980004760771245,0.045536776957867175,0.03641990002380385,0.02399428707450607,0.030302308974053796,0.019733396810283264,0.017971911449654845,0.010402285170197572,0.00835515353487265,0.011735301118781242,0.014401333015948583,0.011544870268983575,0.013496786479409665,0.012139966674601285,0.0167103070697453,0.036919781004522735,0.03113544394191859,0.07219709592954059,0.041180671268745535,0.03506308021899548,0.0458938348012378,0.030945013092120922,0.012568436086646036,0.016043799095453462,0.01951916210426089,0.007569626279457272,0.010949773863365866,0.010854558438467032,0.012020947393477744,0.005332063794334682,0.006093787193525351,0.015401094977386337,0.018828850273744348,0.032706498452749345,0.020471316353249225,0.00923589621518686,0.014782194715543918,0.005189240656986432
06,3713,03713,0603713,34009.0,1937,0.010673645211561646,0.26657649445734954,0.4332382604604664,0.28951159987062247,0.04390014407950837,0.024552324384721692,0.01967126348907642,0.01799523655502955,0.02249404569378694,0.02655179511305831,0.04416477991119998,0.02358199300185245,0.03140345202740451,0.059484254168014346,0.0720691581640154,0.15822282337028434,0.1076185715545885,0.09362227645623217,0.10823605516186892,0.1464318268693581,0.0012643711958599195,0.0012937751771589874,0.0,0.000264635831691611,0.0015584110088505984,0.0003822517568878826,0.00029403981299067896,0.0,0.001146755270663648,0.000264635831691611,0.0009115234202711047,0.0029109941486077217,0.0003822517568878826,0.0,0.0,0.0,0.013084771678085213,0.003028610073803993,0.004969272839542474,0.003028610073803993,0.0057925843159163755,0.007909670969449263,0.014878414537328355,0.00543973654032756,0.004498809138757388,0.01873033608750625,0.023493781057955247,0.047134582022405835,0.02414066864653474,0.026257755300067628,0.03069775647622688,0.03349113469963833,0.011320532800141139,0.008409538651533417,0.005145696727336882,0.002940398129906789,0.005116292746037814,0.011232320856243936,0.010261989473374694,0.007233379399570702,0.017142521097356582,0.01746596489164633,0.03255020729806816,0.07139286659413685,0.05489723308535976,0.04819312534917228,0.0518392190302567,0.07809697433032432,0.018230468405422095,0.011820400482225293,0.009556293922197066,0.011761592519627157,0.010026757622982151,0.007027551530477226,0.01873033608750625,0.01090887706195419,0.008615366520626893,0.02302331735717016,0.015113646387720897,0.036784380605133934,0.02819841806580611,0.019171395806992265,0.02569907965538534,0.03484371783939545
06,3714,03714,0603714,34484.0,1970,0.01734137571047442,0.23155666396009744,0.42715462243359237,0.32394733789583574,0.05828790163554112,0.028911959169469897,0.03253682867416773,0.0225611877972393,0.02682403433476395,0.023199164830066118,0.03134787147662684,0.03253682867416773,0.029346943510033637,0.061274794107412135,0.09163670107876117,0.11767776360051038,0.10657116343811623,0.0785581719058114,0.1158218304141051,0.1429068553532073,0.0015659436260294628,0.0,0.0009569655492402274,0.00037698642848857443,0.0022619185709314466,0.0015079457139542977,0.00098596450527781,0.0020589258786683677,0.0012759540656536365,0.0016819394501797935,0.001391949889803967,0.00034798747245099175,0.00098596450527781,0.0019429300545180373,0.0,0.0,0.011628581371070642,0.0023199164830066117,0.004233847581487067,0.005741793295441364,0.003450875768472335,0.0031318872520589257,0.007133743185245331,0.010323628349379423,0.011338591810694815,0.013687507249739009,0.029404941422108803,0.040134555156014384,0.025432084444959983,0.017196380930286508,0.025490082357035145,0.020908247303097087,0.02398213664308085,0.003682867416772996,0.012585546920310869,0.0047558287901635545,0.011251594942582066,0.009250666975988864,0.010004639832966013,0.012121563623709546,0.008844681591462707,0.021720218072149404,0.03430576499246027,0.04288945597958473,0.05289409581255075,0.03746665120055678,0.056808954877624405,0.08458995476162857,0.021111239995360166,0.02290917526969029,0.014760468623129568,0.011686579283145806,0.0098596450527781,0.00930866488806403,0.013223523953137688,0.008032710822410393,0.00788771604222248,0.024185129335343926,0.026534044774388123,0.03430576499246027,0.02725901867532769,0.021952209720450064,0.03352279317944554,0.037408653288481614
06,3715,03715,0603715,33441.0,1956,0.015280643521425795,0.3059717113722676,0.4158368469842409,0.26291079812206575,0.039681827696540176,0.04027989593612631,0.02772046290481744,0.03292365658921683,0.025417900182410812,0.021500553213121616,0.034598247660058014,0.034299213540264946,0.03313298047307198,0.07759935408630125,0.07661254149098412,0.1640501181184773,0.10155198708172603,0.0988307765916091,0.09987739601088484,0.09192308842438922,0.002960437785951377,0.00017942047187584104,0.0021530456625100925,0.0002392272958344547,0.0,0.0,0.0,5.9806823958613676e-05,0.0011961364791722735,0.0017942047187584104,0.0008671989473998983,0.002182949074489399,0.00029903411979306837,0.002033432014592865,0.0005980682395861367,0.0007176818875033642,0.008283245118267994,0.006070392631799288,0.004096767441165037,0.006788074519302653,0.0075954666427439374,0.006489040399509584,0.009389671361502348,0.014144313866212135,0.010944648784426303,0.030202446099099906,0.026464519601686554,0.06112257408570318,0.02631500254179002,0.03782781615382315,0.027391525373045063,0.022846206752190425,0.014054603630274214,0.01674591070841183,0.005890972159923447,0.012649143267246792,0.0075057564068060165,0.0055022278041924584,0.012559433031308872,0.010914745372446997,0.011512813612033133,0.02413205346730062,0.029305343739720702,0.06850871684459196,0.05409527227056607,0.037708202505905924,0.05304865285129033,0.051702999312221526,0.01438354116204659,0.017284172124039352,0.015579677641218863,0.01324721150683293,0.01031667713286086,0.009509285009419575,0.012649143267246792,0.0091803474776472,0.009479381597440268,0.02147064980114231,0.019975479202176967,0.03223587811369277,0.020842678149576868,0.021261325917287164,0.018839149546963307,0.01665620047247391
06,3716,03716,0603716,25032.0,1547,0.011824864173857462,0.2764062000639182,0.4352029402364973,0.2765659955257271,0.0387104506232023,0.034755512943432404,0.01893576222435283,0.03375679130712688,0.03767178012144455,0.047619047619047616,0.03231863215084692,0.03347714924896133,0.052372962607861936,0.06028283796740173,0.08501118568232663,0.13494726749760308,0.10997922658996484,0.08652924256951103,0.11573186321508469,0.07790028763183125,0.0,0.0,0.0002796420581655481,0.0010786193672099713,0.0,0.0005193352508788751,0.0003994886545222116,0.001757750079897731,0.0003994886545222116,0.0003595397890699904,0.0003595397890699904,0.0025966762543943754,0.0011984659635666348,0.0,0.0028763183125599234,0.0,0.005472994566954299,0.0037551933525087886,0.003954937679769894,0.005592841163310962,0.011145733461169703,0.019415148609779484,0.006351869606903164,0.005672738894215404,0.007869926494087569,0.020134228187919462,0.022531160115052733,0.04534196228827101,0.033636944710770215,0.03711249600511345,0.032598274209012464,0.015819750719079578,0.015100671140939598,0.003635346756152125,0.006192074145094279,0.011105784595717481,0.01070629594119527,0.01414189837008629,0.011545222115691915,0.01174496644295302,0.02520773410035155,0.02309044423138383,0.0405880472994567,0.05836529242569511,0.058485139022051776,0.037392138063279005,0.05972355385107063,0.048178331735378714,0.018136784915308405,0.027364972834771493,0.008509108341323107,0.01597954618088846,0.015819750719079578,0.013542665388302972,0.014022051773729626,0.014301693831895175,0.018895813358900608,0.016698625759028442,0.021532438478747203,0.02864333652924257,0.016658676893576224,0.012024608501118568,0.020533716842441676,0.013902205177372963
06,3717,03717,0603717,63521.0,3570,0.012263660836573731,0.2890225279828718,0.4301569559673179,0.2685568552132366,0.04590607830481258,0.027266573259237103,0.03391004549676485,0.027361030210481575,0.0286047134018671,0.022795610900332174,0.028179657121266983,0.02276412524991735,0.024747721226051227,0.06931565938823381,0.08893121959666882,0.12513971757371578,0.10305253380771713,0.0798948379276145,0.10672061208104407,0.16540986445427497,0.0013853686182522316,0.0005667417074668219,0.0002676280285259993,0.00022039955290376412,0.0008815982116150565,0.00039357063018529304,0.00025188520331858753,0.0,0.00017317107728152895,0.00037782780497788135,0.0029281654885785803,0.0018891390248894067,0.0014955683947041136,0.0012909116670077611,0.0,0.00014168542686670549,0.009571637726106327,0.0036680782733269314,0.007462099148313157,0.005903559452779396,0.009193809921128445,0.0046598762613938695,0.006737929188772217,0.0058248453267423375,0.004234819980793753,0.02241778309535429,0.034492530029439084,0.04368633995056753,0.030210481573023095,0.023724437587569466,0.03176902126855685,0.04546527919900505,0.018261677240597598,0.008973410368224681,0.006297130082964689,0.009792037279010091,0.011161663072054911,0.007950126729742919,0.01232663213740338,0.007824184128083627,0.009241038396750681,0.029014026857259803,0.03546858519229861,0.05144755277782151,0.04541805072338282,0.03764109507092143,0.054045118937044445,0.08529462697375671,0.016687394719856426,0.014058342910218668,0.019883188236961006,0.011445033925788321,0.007367642197068686,0.009792037279010091,0.008863210591772799,0.009115095795091387,0.011098691771225263,0.017506021630641834,0.016041938886352546,0.028116685820437335,0.025928433116607107,0.017238393602115834,0.020906471875442766,0.03450827285464649
06,3718,03718,0603718,56490.0,2908,0.031545406266595855,0.3817135776243583,0.34468047442025135,0.24206054168879448,0.07066737475659408,0.036767569481324126,0.022711984422021596,0.027597804921224996,0.027279164453885642,0.02384492830589485,0.03151000177022482,0.016020534607895202,0.03145689502566826,0.058187289785802794,0.07937688086386971,0.11917153478491768,0.08891839263586475,0.07349973446627722,0.11357762435829351,0.17941228536024076,0.010391219684899982,0.0007080899274207824,0.0004956629491945477,0.0014161798548415648,0.0012922641175429279,0.0002655337227827934,0.0007966011683483802,0.0015932023366967605,0.0022304832713754648,0.0013453708620994867,0.0038590901044432643,0.002265887767746504,0.0012568596211718888,0.0018587360594795538,0.0015932023366967605,0.0001770224818551956,0.018445742609311384,0.004337050805452293,0.005523101433882103,0.005540803682067622,0.0121260400070809,0.008443972384492831,0.012108337758895379,0.0033280226588776776,0.013276686139139671,0.026553372278279343,0.02460612497787219,0.04921224995574438,0.03825455832890777,0.03395291201982652,0.053035935563816604,0.07296866702071163,0.020800141617985483,0.006001062134891131,0.0059833598867056114,0.010231899451230306,0.00444326429456541,0.004089219330855019,0.013241281642768632,0.006142680120375288,0.0072756240042485395,0.02012745618693574,0.033227119844220214,0.044627367675694814,0.03064259160913436,0.026872012745618692,0.042149052929722076,0.06882634094530005,0.02103027084439724,0.02572136661355992,0.010709860152239334,0.010408921933085501,0.009417596034696406,0.011046202867764206,0.005363781200212427,0.004956629491945477,0.008674101610904586,0.010161090458488228,0.017684545937334043,0.023066029385731986,0.018764383076650733,0.010816073641352451,0.016799433528058065,0.03744025491237387
06,3719,03719,0603719,73179.0,3445,0.02152256794982167,0.3416553929405977,0.3685346889134861,0.2682873501960945,0.06190300496043947,0.05236474944997882,0.039697180885226634,0.04785525902239714,0.037059812241216745,0.02776752893589691,0.031894395933259545,0.031375121277962256,0.033998824799464325,0.05996255756432856,0.07514450867052024,0.12715396493529565,0.08759343527514724,0.06605720220281774,0.08573497861408327,0.13443747523196545,0.002227414968775195,0.0004646141652659916,0.0007652468604381038,0.0,0.0029243362166741825,0.0010932098006258626,0.0008335724729772202,0.0014758332308449145,0.0020087730086500227,0.0016671449459544404,0.0025007174189316606,0.0029789967067054756,0.0008199073504693969,0.0005466049003129313,0.0004646141652659916,0.0007515817379302805,0.019992074228945462,0.0058213421883327185,0.007898440809521857,0.012749559299799122,0.011437707539048087,0.007720794216920155,0.01165634949917326,0.010549474576039573,0.01261290807472089,0.022793424343049234,0.027835854548436026,0.04800557536998319,0.03185340056573607,0.026783640115333632,0.03197638666830648,0.05196846089725194,0.01747769168750598,0.01240793123710354,0.008445045709834788,0.011683679744188907,0.010686125801117807,0.009346943795351125,0.012066303174407959,0.009715902103062354,0.013077522239986882,0.02011506033151587,0.02809549187608467,0.05218710285737712,0.03610325366566911,0.02569043031470777,0.04094070703343856,0.06049549734213367,0.022205824075212835,0.03367086185927657,0.022588447505431885,0.023422019978409106,0.012011642684376666,0.009606581122999768,0.0073381707867011025,0.009633911368015413,0.006299621476106534,0.015386927943809017,0.016712444827067876,0.02398229000122986,0.01881687369327266,0.013036526872463412,0.012353270747072247,0.02122193525464956
06,3720,03720,0603720,49632.0,2182,0.0251249194068343,0.37179642166344296,0.3664571244358478,0.2366215344938749,0.06616698903932947,0.04960509348807221,0.03088733075435203,0.025225660863958735,0.03054480980012895,0.02576966473243069,0.02798597678916828,0.023029497098646035,0.02383542875564152,0.05143858800773694,0.08458252740167634,0.13265635074145712,0.09681254029658284,0.07418600902643456,0.11053352675693101,0.14674000644745325,0.006931012250161186,0.00012088974854932302,0.0017730496453900709,0.00036266924564796907,0.005601225016118633,0.0007454867827208253,0.0007857833655705996,0.0002619277885235332,0.00028207607994842036,0.00106785944551902,0.0008865248226950354,0.005016924564796905,0.00030222437137330757,0.00030222437137330757,0.00022163120567375886,0.0004634107027724049,0.019241618310767247,0.006447453255963894,0.003989361702127659,0.007213088330109607,0.007313829787234043,0.014224693745970341,0.014929883945841393,0.007918278529980657,0.008019019987105094,0.019181173436492584,0.03594455190199871,0.055347356544165054,0.04410460992907801,0.030585106382978722,0.04263378465506125,0.05470261121856867,0.02264667956157318,0.013781431334622824,0.0061250805931656995,0.0052788523533204386,0.005460186976144423,0.005802707930367505,0.008945841392649903,0.007636202450032237,0.007454867827208253,0.016400709219858155,0.02711960025789813,0.05192214700193424,0.03743552546744036,0.027824790457769182,0.05083413926499033,0.07178836234687298,0.01734767891682785,0.02925531914893617,0.0189998388136686,0.012371050934880723,0.01216956802063185,0.004996776273372018,0.003324468085106383,0.007213088330109607,0.008079464861379755,0.014788845905867182,0.020631850419084462,0.02036992263056093,0.014970180528691167,0.015473887814313346,0.016843971631205674,0.0197856221792392
06,3721,03721,0603721,56209.0,2683,0.04020708427476027,0.46823462434841395,0.31363304808838444,0.17792524328844136,0.07712288067747158,0.05595189382483232,0.04620256542546567,0.041399064206799625,0.04342720916579196,0.03277055275845505,0.04065185290611824,0.03632870180931879,0.03967336191713071,0.0661993630913199,0.09841840274689106,0.13399989325552847,0.08774395559429984,0.05913643722535537,0.06869006742692452,0.0722837979682969,0.0071518795922361185,0.0022416339020441566,0.0023127968830614315,0.0006582575744097921,0.002117098685263926,0.00233058762831575,0.0016901207991602768,0.0014410503655998149,0.0031489619100144106,0.004198615880019214,0.003985126936967389,0.005337223576295611,0.002704193278656443,0.00017790745254318702,0.0004269778861036489,0.00028465192406909926,0.026543791919443505,0.011528402924798519,0.01590492625736092,0.01551352986176591,0.018235513885676673,0.01481969079684748,0.021331103559928125,0.015887135512106604,0.022149477841626786,0.025832162109270758,0.05643224394669893,0.07849276806205412,0.04970734224056646,0.029176822217082673,0.03826789304203953,0.02841182017114697,0.027967051539789,0.012933871799889697,0.012382358697005817,0.012862708818872422,0.01126154174598374,0.009678165418349375,0.011848636339376257,0.013609920119553809,0.010834563859880091,0.028998914764539488,0.025565300930455975,0.03485206995321034,0.0257787898735078,0.02234517603942429,0.02152680175772563,0.03118717643082069,0.015460157626002953,0.029247985198099947,0.015602483588037503,0.012364567951751499,0.011813054848867618,0.005942108914942447,0.005781992207653579,0.005390595812058567,0.003540358305609422,0.007169670337490438,0.012435730932768774,0.015317831663968403,0.009553630201569144,0.007436531516305218,0.008468394741055704,0.012400149442260136
06,3722,03722,0603722,61955.0,2981,0.03044144943910903,0.40892583326608023,0.37522395286901783,0.1854087644257929,0.06433701880397062,0.05554031151642321,0.05126301347752401,0.03676862238721653,0.04590428536841256,0.03529981438140586,0.049471390525381326,0.030731982890807846,0.03793075619401178,0.07702364619481882,0.09960455169074328,0.11755306270680332,0.08309256718586071,0.06085061738358486,0.07087402146719393,0.08375433782584134,0.003550964409652167,0.0026632233072391254,0.00048422241949802277,0.0011298523121620531,0.0019207489306754903,0.0020982971511580985,0.002921475264304737,0.0,0.0014849487531272698,0.0016463562262932774,0.005342587361794851,0.0026309418126059234,0.0037285126301347753,0.00011298523121620531,0.00017754822048260836,0.0005487854087644258,0.02505043983536438,0.014010168670809458,0.016980066177063997,0.01002340408360907,0.022645468485190865,0.01254136066499879,0.018222903720442257,0.014801065289322896,0.01641514002098297,0.03446049552094262,0.041659268824146556,0.06311032200790896,0.033120813493664754,0.02404971350173513,0.032362198369784524,0.029473004600112984,0.022677749979824066,0.011766604793801953,0.01959486724235332,0.014575094826890485,0.013170849810346219,0.015834073117585345,0.015446695181986925,0.011459930594786538,0.013251553546929223,0.027762085384553305,0.04057783875393431,0.03576789605358728,0.03471874747800823,0.029214752643047372,0.030312323460576225,0.03909289000080704,0.013057864579130014,0.027100314744572675,0.014203857638608668,0.011040271164554919,0.008167218142199983,0.004826083447663627,0.012880316358647406,0.00447098700669841,0.006779113872972318,0.013154709063029619,0.012024856750867565,0.016043902832701153,0.011524493584052942,0.007473166007586151,0.008021951416350577,0.014639657816156887
06,3723,03723,0603723,40977.0,2381,0.029723991507430998,0.3474876150035386,0.4167215755179735,0.20606681797105694,0.06530492715425727,0.05683676208604827,0.053493423139810134,0.04683114918124802,0.044439563657661614,0.042682480415843035,0.05005246845791542,0.03980281621397369,0.04024208702442834,0.07069819654928375,0.08922078239012128,0.11501574053737462,0.0907826341606267,0.06498767601337335,0.06335261244112551,0.06625668057690899,0.0019279107792176098,0.0028308563340410475,0.0022451619201015204,0.0014154281670205238,0.0014886399687629645,0.000610098347853674,0.0022451619201015204,0.0013666202991922298,0.0016350635722478463,0.002538009127071284,0.004783171047172804,0.002391585523586402,0.0014642360348488177,0.0020987383166166385,0.0,0.0006833101495961149,0.0232813529540962,0.009005051614320228,0.015057227225028674,0.013910242331063768,0.020182053346999535,0.019059472386948776,0.017863679625155574,0.014154281670205236,0.015691729506796495,0.0256729384776826,0.038924274593064405,0.041437879786221536,0.031212631476193964,0.02640505649510701,0.01805891109646875,0.01757083241818581,0.024306318178490372,0.017277985211216047,0.01356858725626571,0.014495936745003294,0.014959611489372087,0.015179246894599409,0.01910828025477707,0.01774165995558484,0.01791248749298387,0.03555653171291212,0.03665470873904873,0.05049173926837006,0.04356102203675232,0.02730800204993045,0.035800571052053594,0.032798887180613516,0.015789345242453085,0.027722868926470946,0.022622446738414233,0.01700954193816043,0.007809258852527028,0.007833662786441174,0.01083534665788125,0.006540254288991385,0.005002806452400127,0.006930717231617737,0.008858628010835347,0.02069453595919662,0.014544744612831588,0.009175879151719257,0.009493130292603168,0.015203650828513557
06,3724,03724,0603724,62882.0,3002,0.016538914156674404,0.2936452402913393,0.4122006297509621,0.27761521580102416,0.059126618110111,0.04226964791196209,0.030596991189847652,0.030437963169110398,0.03522470659330174,0.026001081390541015,0.029277058617728443,0.02356795267326103,0.04018638084030406,0.06346808307623804,0.07887789828567794,0.12948061448427212,0.0924429884545657,0.0641996119716294,0.1027161985941923,0.1521262046372571,0.0014153493845615597,0.0008905569161286219,0.0004929868642854871,0.0018129194364046946,0.00022263922903215547,0.0012404185617505804,0.0008905569161286219,0.0009700709264972488,0.00020673642695843007,0.002878407175344296,0.0012404185617505804,0.002321809102763907,0.0008587513119811711,0.0,0.0005565980725803887,0.0005406952705066633,0.01117966985782895,0.007013135714512897,0.004261950955758404,0.008778346744696415,0.011306892274418752,0.005359244298845456,0.010893419420501892,0.005725008746541141,0.010273210139626602,0.01642759454215833,0.034715816926942526,0.039963741611271905,0.03107407525205941,0.018367736395152826,0.03517699818708056,0.04312839922394326,0.02622372061957317,0.007394802964282307,0.010082376514741897,0.008301262682484654,0.010130084920963074,0.00955758404630896,0.009509875640087784,0.011863490346999142,0.018113291561973218,0.022295728507362996,0.029070322190770014,0.05901529849559493,0.038484781018415445,0.03532012340574409,0.0448459018479056,0.07199198498775485,0.020307878248147324,0.026971152317038262,0.015759676855061862,0.011545434305524634,0.013565090168887758,0.009843834483636016,0.007983206641010146,0.005009382653223498,0.011593142711745809,0.021866352851372412,0.013851340606214815,0.028179765274641392,0.022025380872109666,0.010511752170732483,0.022136700486625742,0.03646512515505232
06,3725,03725,0603725,66760.0,3308,0.02547932893948472,0.3513630916716597,0.39225584182144996,0.23090173756740562,0.057459556620730975,0.028939484721390053,0.026318154583582984,0.029643499101258238,0.032309766327142005,0.03145596165368484,0.028445176752546434,0.02324745356500899,0.03397243858597963,0.05949670461354104,0.07236369083283403,0.13568004793289395,0.09653984421809467,0.08202516476932295,0.10094367884961054,0.16115937687237866,0.001378070701018574,0.003550029958058718,0.0002396644697423607,0.0007789095266626723,0.001437986818454164,0.0007040143798681845,0.0005991611743559018,0.001243259436788496,0.002426602756141402,0.001602756141402037,0.0022019173157579387,0.003550029958058718,0.001378070701018574,0.0020820850808867587,0.00022468544038346314,0.0020820850808867587,0.019128220491312162,0.004853205512282804,0.007819053325344518,0.008627920910724986,0.014379868184541641,0.011863391252246855,0.007923906530856801,0.006261234272019173,0.01231276213301378,0.02553924505692031,0.026393049730377472,0.05444877171959257,0.03653385260635111,0.026423007789095267,0.03885560215698023,0.05,0.02329239065308568,0.006141402037147993,0.009871180347513482,0.011249251048532055,0.008553025763930498,0.007729179149191133,0.009931096464949071,0.0067106051527860994,0.011428999400838826,0.017285799880167766,0.026393049730377472,0.05268124625524266,0.03593469143199521,0.03545536249251049,0.04736369083283403,0.08223487118034752,0.013660874775314559,0.014394847213900538,0.008388256440982624,0.008987417615338526,0.007938885560215698,0.01115937687237867,0.009991012582384662,0.00903235470341522,0.00780407429598562,0.015068903535050929,0.01737567405632115,0.025,0.022693229478729777,0.01806470940683044,0.014499700419412821,0.026842420611144398
06,3728,03728,0603728,52878.0,2105,0.028291539014334885,0.37592193350731873,0.34543666553197927,0.2503498619463671,0.07918226861832899,0.03975188168992776,0.028348273384016038,0.02046219599833579,0.02797004425280835,0.027913309883127197,0.025038768485948788,0.017909149362683913,0.023998638375127654,0.04483906350467113,0.06721131661560574,0.10437232875676085,0.08478005976020273,0.06654941563599229,0.1032187299065774,0.2384545557698854,0.007432202428231022,0.0003782291312076856,0.002023525851961118,0.0010401301108211355,0.0,0.0011157759370626725,0.0004916978705699913,0.0,0.0005862551533719127,0.0038768485948787778,0.0029880101365407164,0.0020424373085215024,0.0010401301108211355,0.0013616248723476681,0.0017020310904345853,0.002212640417564961,0.01798479518892545,0.00538976511970952,0.0003782291312076856,0.0018344112863572753,0.004330723552328,0.005011535988501834,0.010533681304134044,0.004746775596656454,0.00671356707893642,0.01418359242028821,0.021842732327243843,0.03954385566776353,0.04149173569348311,0.030939142932788682,0.05601573433185824,0.11498165588713642,0.029350580581716405,0.009247702258027913,0.009777223041718673,0.004273989182646847,0.01077953023941904,0.013767540375959756,0.007734785733197171,0.0054275880328302885,0.009758311585158289,0.012992170656984001,0.02768637240440259,0.03479708007110708,0.029917924278527932,0.023752789439842655,0.03445667385302016,0.08171640379742048,0.024414690419456108,0.02473618518098264,0.01616929535912856,0.013313665418510534,0.012859790461061312,0.008018457581602936,0.006278603578047581,0.007734785733197171,0.006940504557661031,0.013786451832520141,0.014694201747418586,0.027988955709368737,0.012330269677370552,0.010495858391013276,0.01104429063126442,0.03954385566776353
06,3730,03730,0603730,73632.0,3560,0.03129074315514994,0.4523305084745763,0.3186793785310734,0.19769936983920033,0.06058507170795306,0.03931714471968709,0.040675249891351586,0.04396186440677966,0.028153520208604954,0.029375814863103,0.031847566275532375,0.030747501086484136,0.03411560191221208,0.05459582790091265,0.07894665362885701,0.1243345284658844,0.08164928292046936,0.0653112777053455,0.08890156453715775,0.16748152976966535,0.005541069100391135,0.001942090395480226,0.0017926988265971316,0.0032866145154280746,0.0014667535853976532,0.0,0.0009914167753150803,0.0,0.0017655367231638418,0.0009506736201651456,0.002376684050412864,0.00209148196436332,0.0031100608431116907,0.002566818774445893,0.0022544545849630597,0.0011543893959148196,0.01515645371577575,0.010348761408083442,0.01051173402868318,0.01633800521512386,0.008189374185136896,0.011679704476314647,0.014232942199043894,0.012997066492829204,0.015455236853541937,0.027107779226423295,0.03623424598000869,0.06569154715341156,0.04753368100825728,0.0376874185136897,0.04663733159495871,0.07652922642329422,0.019991308126901346,0.010022816166883964,0.01301064754454585,0.010633963494132986,0.010851260321599304,0.008963494132985658,0.009140047805302042,0.011190786614515428,0.011122881355932203,0.016188613646240763,0.026007714037375056,0.04032214254671882,0.021797588005215123,0.0186467840069535,0.028207844415471535,0.06258148631029987,0.01989624076488483,0.017003476749239462,0.015360169491525424,0.013703281182094742,0.007646132116471099,0.008732616253802694,0.00748315949587136,0.006559647979139505,0.005771946979574098,0.010348761408083442,0.014328009561060409,0.0162293568013907,0.009207953063885266,0.00641025641025641,0.01180193394176445,0.027216427640156454
06,3731,03731,0603731,59140.0,2237,0.02609063239770037,0.4364389584037876,0.31114305038890766,0.22632735880960433,0.06526885356780521,0.03366587757862698,0.03567805207981062,0.03300642543118025,0.024822455191072033,0.030402434900236728,0.028948258369969563,0.022218464660128508,0.03148461278322624,0.04810618870476835,0.07002029083530606,0.12411227595536016,0.0942678390260399,0.0652519445383835,0.07247210010145418,0.22027392627663173,0.002992898207642881,0.0,0.00013527223537368956,0.00015218126479540073,0.0017754480892796754,0.002603990530943524,0.0005749070003381806,0.0005579979709164694,0.0022150828542441665,0.004142712208319243,0.0030098072370645925,0.002012174501183632,0.004142712208319243,0.00045654379438620223,0.0007439972945552925,0.0005749070003381806,0.027105174163003044,0.0028576259722691917,0.006628339533310788,0.007862698681095705,0.009130875887724045,0.012005410889414947,0.0157084883327697,0.004886709502874535,0.012833953331078797,0.021660466689212038,0.03637132228610078,0.07164355765979033,0.05152181264795401,0.03515387216773757,0.03138315860669597,0.08968549205275617,0.020730470071017925,0.0070172472100101455,0.013273588096043287,0.011430503889076767,0.006898884004058167,0.009046330740615489,0.005985796415285762,0.010957051065268853,0.008809604328711532,0.013442678390260398,0.014795400743997295,0.03643895840378762,0.022472100101454177,0.017619208657423065,0.030334798782549882,0.08189042948934731,0.01444031112614136,0.02379100439634765,0.015640852215082855,0.013561041596212377,0.0070172472100101455,0.006746702739262767,0.006679066621575922,0.00581670612106865,0.007625972269191749,0.008860331416976666,0.01584376056814339,0.01401758539059858,0.01613121406831248,0.01202231991883666,0.010010145417653027,0.04812309773419006
06,3732,03732,0603732,80591.0,3761,0.03861473365512278,0.49999379583328163,0.29341986077849885,0.16797160973309674,0.08194463401620529,0.07375513394795945,0.04337953369482945,0.03733667531113896,0.04665533372212778,0.038354158652951324,0.03733667531113896,0.036554950304624585,0.04108399200903327,0.07126105892717549,0.09179685076497375,0.10491245920760382,0.07189388393244903,0.055936767132806396,0.06748892556240771,0.10030896750257473,0.007655941730466181,0.0025064833542206948,0.000992666674938889,0.002221091685175764,0.0010919333424327779,0.002345175019543125,0.0013649166780409724,0.0024568500204737503,0.0020721916839349305,0.00395825836631882,0.003983075033192292,0.0026802000223350004,0.0013525083446042363,0.0002978000024816667,0.0015138166792818056,0.002121825017681875,0.030549316921244307,0.021342333511186112,0.014592200121601668,0.01493963345783028,0.028613616905113475,0.020560608504671736,0.019493491829112433,0.017868000148900002,0.022607983521733196,0.03571118363092653,0.05093620875780174,0.056668858805573825,0.04305691702547431,0.03383752528197938,0.03871400032261667,0.050501917087515974,0.023588241863235347,0.01761983348016528,0.014914816790956806,0.01065875842215632,0.008723058406025486,0.007742800064523334,0.013128016776066806,0.009715725080964376,0.011713466764278889,0.02227295851894132,0.02830340856919507,0.03389956694916306,0.020213175168443127,0.016490675137422292,0.01953071682942264,0.03490464195753868,0.020151133501259445,0.03228648360238736,0.012879850107332084,0.009517191745976598,0.008226725068556042,0.007705575064213125,0.00335025002791875,0.006514375054286459,0.00469035003908625,0.00931865841098882,0.008574158404784654,0.011663833430531945,0.007271283393927362,0.005310766710923056,0.007730391731086598,0.012780583439838195
06,3733,03733,0603733,47466.0,2157,0.05635612859731176,0.48750684700627817,0.3133822104243037,0.14275481397210635,0.10085113554965659,0.06495175494037837,0.04854000758437618,0.05882105085745586,0.06330847343361565,0.05542914928580458,0.058905321703956515,0.04165086588294779,0.05287995617915982,0.07272574053006363,0.09956600514052164,0.1123751738086209,0.06313993174061433,0.04556946024522816,0.037015969325411874,0.02427000379218809,0.012977710361100576,0.0009059115998820208,0.0016432815067627354,0.004108203766906839,0.0030337504740235114,0.005330131041166308,0.004087136055281675,0.002064635739266001,0.0030548181856486748,0.0023385159903931236,0.0044663548645346145,0.0044874225761597775,0.0031390890321493278,0.00366578182277841,0.0,0.0010533855812581638,0.04091349597606708,0.013462267728479332,0.01717018497450807,0.028062191884717484,0.034129692832764506,0.023216618210929928,0.03263388530737791,0.020941305355412294,0.026692790629081867,0.036341802553406646,0.05785193612269835,0.05938987907133527,0.03276029157712889,0.027535499094088402,0.022626722285425355,0.013778283402856781,0.03094846837736485,0.019403362406775378,0.015800783718872457,0.01879239876964564,0.01647495049087768,0.01948763325327603,0.01588505456537311,0.014536721021362659,0.017359794379134538,0.027366957401087095,0.02957906712172924,0.03828003202292167,0.021994690936670457,0.011376564277588168,0.008869506594193739,0.007226225087431004,0.01601146083512409,0.03118021320524165,0.013925757384232925,0.0078582564361859,0.009670079635949944,0.00739476678043231,0.006299245775923819,0.004108203766906839,0.0057725529852947375,0.006678464585176758,0.007668647031559432,0.010217840138204188,0.005245860194665656,0.002991615050773185,0.005519740445792778,0.002212109720642144
06,3734,03734,0603734,79602.0,3901,0.037536745307906835,0.47104344111956986,0.3210472098690988,0.17037260370342452,0.08925655134293108,0.06548830431396196,0.04164468229441471,0.047762619029672625,0.04663199417100073,0.04374261953217256,0.0391070576116178,0.030627371171578602,0.043880807014899124,0.07619155297605588,0.09051280118589985,0.11766036029245497,0.06684505414436823,0.04695861913017261,0.06414411698198538,0.0895454888068139,0.00855506143061732,0.001984874751890656,0.0012311248461093942,0.002813999648250044,0.00042712494660938167,0.0023743122032109745,0.0018466872691640913,0.0021733122283359714,0.0011683123539609557,0.0025376246827969145,0.004107936986507877,0.004396874450390694,0.001155749855531268,0.001444687319414085,0.00015074998115625234,0.0011683123539609557,0.028177683977789504,0.01390668576166428,0.012549935931258008,0.018190497726187783,0.02143162232104721,0.015753373030828372,0.01816537272932841,0.013240873344890831,0.02611743423532072,0.03997387000326625,0.04854149393231326,0.06566417929197758,0.03550162056229743,0.02395668450541444,0.040941182382352205,0.04893093138363358,0.029459058817617647,0.018630185171226853,0.016971935378508076,0.015250873093640864,0.017210622848672145,0.018303560212054974,0.013203185849601768,0.009635436295570463,0.010150498731187658,0.023052184618476922,0.025325996834250394,0.036066932991633376,0.024509434436320695,0.01629356046330494,0.015715685535539307,0.031268058591492676,0.02306474711690661,0.03096655862918017,0.010891686138539233,0.01150724856159393,0.007562624054671993,0.007311374086078239,0.005891811763523529,0.005577749302781337,0.0064445616944297885,0.01062787367151579,0.012537373432828321,0.011532373558453305,0.005678249290218838,0.005263686842039145,0.007336499082937615,0.00817818647772669
06,3735,03735,0603735,63621.0,3827,0.0171012715927131,0.3828767230945757,0.36682856289589916,0.23319344241681206,0.04415208814699549,0.0434290564436271,0.03242640008802125,0.03714182424042376,0.03674887222772355,0.026830763427170275,0.032112038477861087,0.031860549189732947,0.03635592021502334,0.06585875732855503,0.08222127913739175,0.13126169032237783,0.10050140676820547,0.07052702723943352,0.08792694236179878,0.14064538438565882,0.003253642665157731,0.0004243881737162258,0.0009902390720045269,0.0008016221059084264,0.0009588029109885101,0.0015875261313088446,0.0008644944279404599,0.00018861696609610035,0.0003615158516841923,0.0016346803728328697,0.0009745209914965184,0.0020119143050250704,0.002294839754169221,0.00022005312711211706,0.0005344147372722843,0.0,0.01351754923688719,0.009650901431917134,0.008094811461624307,0.01046824161833357,0.010578268181889628,0.0077175775294321056,0.008927869728548749,0.0097766460759812,0.015105075368196035,0.0231212964272803,0.03351094764307383,0.049669134405306424,0.04547240690966819,0.029345656308451613,0.04273746090127473,0.06518287986671067,0.017179861995253138,0.010028135364109335,0.008251992266704391,0.009257949419216925,0.013470394995363167,0.01075116706747772,0.011018374436113861,0.014476352147875701,0.013156033385202999,0.023152732588296317,0.02848116188051115,0.05142955942220336,0.03473695792269848,0.03013156033385203,0.03459549519812641,0.05671083447289417,0.010201034249697427,0.02332563147388441,0.015089357287688027,0.01661401109696484,0.011741406139482246,0.006774492698951604,0.011301299885258012,0.007418933999779947,0.007733295609940114,0.01795004794014555,0.019254648622310244,0.028151082189842976,0.017997202181669576,0.010829757470017761,0.010059571525125351,0.018751670046053975
06,3736,03736,0603736,42951.0,2392,0.01888198179320621,0.35247142092151523,0.39389071267258036,0.2347558846126982,0.047542548485483456,0.03732159903145445,0.032711694721892386,0.022304486507881072,0.027938813997345813,0.025261344322600174,0.03077926008707597,0.028031943377336964,0.03413191776675747,0.06404973108891528,0.10097553025540733,0.14698144397103677,0.09862401341063072,0.07368862191799957,0.09643547298083863,0.13322157807734394,0.0026774696747456405,0.001443505389862867,0.0021885404297920887,0.00018625875998230543,0.0,0.000791599729924798,0.00023282344997788178,0.00023282344997788178,0.0012572466298805616,0.0013736583548695025,0.0014667877348606552,0.003026704849712463,0.0024446462247677586,0.0006751880049358571,0.0008847291099159507,0.0,0.010942702148960443,0.008567902959186049,0.00549463341947801,0.0038648692696328373,0.008102256059230286,0.006123256734418291,0.009685455519079882,0.009638890829084305,0.014621312658610976,0.023585015482759424,0.04377080859584177,0.06265279038904799,0.03836930455635491,0.028357896207306,0.030197201462131267,0.048497124630392775,0.01788084095830132,0.006495774254382901,0.007590044469278945,0.0060766920444227145,0.009638890829084305,0.009778584899071035,0.01429535982864194,0.009219808619124118,0.011222090288933902,0.026239202812507276,0.0362273288165584,0.05976577960932225,0.036320458196549554,0.029312472352215315,0.05017345347023352,0.06365393122395288,0.016041535703476054,0.02081441642802263,0.017438476403343346,0.012176666433843217,0.010197667109031222,0.008567902959186049,0.006565621289376266,0.00894042047915066,0.0070312681893320295,0.012851854438779073,0.019510605108146492,0.021536169122954064,0.021489604432958487,0.015343065353542408,0.01518008893855789,0.0210705222229983
06,3737,03737,0603737,38876.0,2329,0.01509929005041671,0.2470933223582673,0.4091727543986007,0.3286346331927153,0.06513015742360326,0.04084782385019035,0.056127173577528555,0.03737524436670439,0.055612717357752854,0.03333676304146517,0.042314024076551084,0.033208148986521246,0.03580615289638852,0.06536166272250231,0.09185615804095071,0.12897417429776725,0.08786912233768907,0.06855129128511164,0.07997221936413211,0.07765716637514147,0.001774873958226155,0.0006687930857084062,0.00036011935384298795,0.0008488527626299002,0.0023922214219569914,0.0006687930857084062,0.0011060808725177488,0.00036011935384298795,0.0,0.0011318036835065335,0.0016462599032822307,0.0020321020681140036,0.0006173474637308365,0.0013375861714168124,0.0,0.00015433686593270912,0.010855026237267208,0.0028809548307439036,0.007228109887848544,0.007073773021915835,0.008231299516411153,0.007691120485646671,0.009594608498816751,0.009671776931783106,0.011806770243852249,0.016462599032822305,0.023073361456940014,0.03485440888980348,0.027214734026134377,0.02284185615804095,0.025414137256919437,0.022198785883321328,0.020372466303117606,0.006713653668072847,0.013170079226257845,0.012372672085605515,0.029658401070068938,0.011060808725177488,0.01844325547895874,0.013401584525156909,0.017002778063586788,0.026931783105257744,0.03933017800185204,0.0555355489247865,0.040384813252392224,0.03166478032719416,0.035574647597489455,0.037555304043625885,0.03212779092499228,0.03058442226566519,0.03536886510957917,0.017079946496553144,0.015330795349315774,0.013916040744932606,0.013170079226257845,0.009774668175738245,0.00699660458894948,0.020835476900915733,0.027806358678876427,0.03655211441506328,0.01965222759543163,0.012707068628459718,0.018983434509723222,0.01774873958226155
06,3738,03738,0603738,33859.0,1915,0.02132372485897398,0.29761658643196787,0.42750819575297555,0.2535514929560826,0.05330931214743495,0.0697008180985853,0.04911544936353702,0.04843616172952538,0.059216161138840484,0.040668655305827105,0.05345698337222009,0.03857172391387814,0.04852476446439647,0.0681945716057769,0.10153873416226114,0.1277356094391447,0.08771670752237219,0.04914498360849405,0.06284887326855489,0.04182049085915118,0.005522903806964175,0.0,0.00014767122478513835,0.0,0.0014767122478513838,0.0,0.0012995067781092177,0.001447178002894356,0.0010927670634100239,0.001447178002894356,0.0023922738415192418,0.0013881095129803006,0.0017425204524646328,0.0013881095129803006,0.001535780737765439,0.0004430136743554151,0.007974246138397471,0.012729259576478927,0.010248383000088603,0.020496766000177205,0.02336158776100889,0.011134410348799433,0.012345314392037567,0.00824005434301072,0.015416875867568446,0.02085117693966154,0.03417112141528102,0.04323813461708852,0.02628547801175463,0.023066245311438614,0.017041259340204968,0.011016273368971322,0.013703889660060841,0.01777961546413066,0.01701172509524794,0.015121533417998169,0.018872382527540685,0.017927286688915797,0.026167341031926517,0.018842848282583657,0.024867834253817302,0.03225139549307422,0.04459670988511179,0.05980684603798104,0.04707758646150211,0.017809149709087688,0.035529696683304295,0.020142355060692875,0.026108272542012465,0.03919194305797572,0.02170767004341534,0.012817862311350011,0.015505478602439528,0.011606958268111875,0.013644821170146785,0.01004164328538941,0.007147287279600697,0.013644821170146785,0.020378629020349096,0.023302519271094835,0.012611122596650816,0.006881479074987448,0.008742136507280191,0.010218848755131574
06,3739,03739,0603739,52666.0,2980,0.013329282649147458,0.27539589108722895,0.4370371776857935,0.2742376485778301,0.04194356890593552,0.022955986784642845,0.03256370333801694,0.02812060912163445,0.02988645425891467,0.019614172331295334,0.03831694072076862,0.03237382751680401,0.03402574716135647,0.057912125469942656,0.08711502677249079,0.13475487031481412,0.10864694489803668,0.0878555424752212,0.11829263661565337,0.12562184331447235,0.004234230813048266,0.0006265902100026583,0.0007215281206091217,0.0004936771351536095,0.0003417764781832681,0.000816466031215585,0.00013291307484904872,0.0,0.0002278509854555121,0.0013860934948543653,0.0005126647172749023,0.002031671286978316,0.0011962176736414385,0.00024683856757680477,0.00036076406030456084,0.0,0.0076330080127596555,0.0031709262142558766,0.008031747237306801,0.008677325029430753,0.007708958341244826,0.002924087646679072,0.009057076671856606,0.010253294345498045,0.010519120495196141,0.013215357156419702,0.026316788820111646,0.04399422777503513,0.031424448410739374,0.026373751566475524,0.03191812554589299,0.034177647818326815,0.013291307484904872,0.006740591653058899,0.0073671818630615575,0.005126647172749022,0.006512740667603387,0.006721604070937606,0.011620400258231117,0.011031785212471045,0.015322978771883189,0.0230699122773706,0.035373865491968255,0.05812098887327688,0.05502601298750617,0.04636767554019671,0.06788060608362131,0.06746287927695287,0.016785022595222725,0.012417878707325409,0.016443246117039456,0.013822959784301068,0.015322978771883189,0.009152014582463069,0.017506550715831844,0.011088747958834922,0.00795579690882163,0.02024076254129799,0.02491170774313599,0.03060798237952379,0.021000265826149698,0.014867276800972164,0.018133140925834505,0.02398131621919265
06,3740,03740,0603740,37324.0,1976,0.015191297824456114,0.2797931625763584,0.4144250348301361,0.2905905047690494,0.05149501661129568,0.045788232772478836,0.022344871932268782,0.048145965062694245,0.0347497588682885,0.0352052298788983,0.04008144893366199,0.043108991533597686,0.03954560068588576,0.06824027435430287,0.10478512485264173,0.13878469617404351,0.09803343693066123,0.06325688564998393,0.0839406280141464,0.08249383774515057,0.0004822634229986068,0.0002143392991104919,0.0,0.0018754688672168042,0.0006698103097202872,0.0007501875468867217,0.001419997856607009,0.0008305647840531562,0.0017950916300503697,0.0029203729503804524,0.002464901939770657,0.0008573571964419676,0.0,0.0002947165362769264,0.0006162254849426642,0.0,0.014842996463401564,0.007153574107812668,0.002357732290215411,0.006564141035258815,0.007153574107812668,0.008975458150251848,0.008921873325474226,0.013744507555460294,0.009511306398028078,0.023872039438431036,0.03110599078341014,0.03815239524166756,0.03477655128067731,0.022076947808380668,0.02730146822419891,0.023282606365877184,0.01886185832172329,0.003884899796377666,0.0061890472618154535,0.015780730897009966,0.009618476047583325,0.011654699389132998,0.021648269210159683,0.01457507233951345,0.020951666488050583,0.021889400921658985,0.04953917050691244,0.06615046618797557,0.03833994212838924,0.0314810845568535,0.04088522130532633,0.04297502947165363,0.01730789840317222,0.03453541956917801,0.013798092380237917,0.02392562426320866,0.01730789840317222,0.013824884792626729,0.00809130854142107,0.013958846854570786,0.007287536169756725,0.01955846104383239,0.021675061622548494,0.03362447754795842,0.024916943521594685,0.009404136748472833,0.01513771299967849,0.016236201907619763
06,3741,03741,0603741,34181.0,1726,0.022907463210555572,0.35347122670489456,0.43061934993124834,0.19300196015330154,0.06550422749480705,0.05602527720078406,0.048330944091746875,0.04991076914075071,0.06951230215616863,0.0452883180714432,0.044673941663497266,0.048828296421988826,0.04762879962552295,0.09786138497995962,0.10406366109827096,0.132090927708376,0.08206313448992131,0.038442409525759925,0.04648781486790907,0.02328779146309353,0.0019016412626897984,0.00020479213598197828,0.0004680963108159504,0.001170240777039876,0.0021942014569497673,0.001726105146133817,0.0015505690295778357,0.000585120388519938,0.0013750329130218543,0.002984113981451684,0.002633041748339721,0.0033059301951376494,0.001989409320967789,0.0,0.0008191685439279131,0.0,0.01933822884058395,0.011907199906380738,0.020801029811883795,0.013691817091366548,0.03104063661098271,0.018255756121822064,0.016149322723150287,0.017144027383634183,0.02018665340393786,0.04669260700389105,0.03689184049618209,0.0434451888476054,0.02688628185249115,0.012404552236622686,0.014101401363330506,0.00453468301102952,0.024692080395541383,0.015300898159796378,0.014598753693572452,0.022878207191129575,0.025774553114303267,0.014452473596442469,0.020420701559345836,0.022907463210555572,0.01942599689886194,0.0339662385535824,0.04496650185775723,0.06731810069921887,0.04291858049793745,0.01971855709312191,0.02375588777390948,0.01752435563617214,0.019572276995991924,0.028612386998624968,0.012463064275474679,0.01217050408121471,0.010502910973932886,0.01085398320704485,0.006553348351423305,0.008191685439279131,0.006641116409701296,0.014218425441034493,0.019572276995991924,0.01802170796641409,0.010268862818524911,0.00631930019601533,0.007811357186741172,0.0012287528158918697
06,3742,03742,0603742,32070.0,1689,0.018771437480511383,0.3366386030558154,0.4396320548799501,0.2049579045837231,0.0535391331462426,0.05824758341128781,0.04362332397879638,0.04908013719987527,0.06417212347988775,0.04237605238540692,0.06560648581228562,0.045338322419706895,0.04399750545681322,0.07842220143436233,0.1280012472715934,0.13090115372622388,0.08291237917056439,0.04908013719987527,0.042719052073589024,0.021983161833489244,0.0019332709697536638,0.0006548175865294668,0.0,0.0019332709697536638,0.0018709073900841909,0.0008419083255378859,0.0019020891799189274,0.001278453383224197,0.0007171811661989398,0.001153726223885251,0.0016214530714062988,0.0026192703461178674,0.0004677268475210477,0.0,0.0017773620205799813,0.0,0.013033988150919863,0.009323355160586218,0.016651075771749298,0.012846897411911444,0.02111007171811662,0.019363891487371374,0.03177424384159651,0.026223885251013407,0.01493607733083879,0.031961334580604926,0.04811350171499844,0.035079513564078575,0.025101340816962893,0.013189897100093545,0.010539444964140941,0.007390084190832554,0.024072341752416588,0.018802619270346117,0.015590894917368257,0.015590894917368257,0.02728406610539445,0.01546616775802931,0.020018709073900843,0.014281259744309324,0.020548799501091362,0.03822887433738697,0.0572185843467415,0.07118802619270347,0.040505144995322734,0.026878702837542876,0.02263797942001871,0.011318989710009355,0.014499532273152479,0.029466791393826006,0.011381353289678828,0.018709073900841908,0.013907078266292484,0.00670408481446835,0.011911443716869348,0.0035547240411599626,0.0077954474586841285,0.007078266292485189,0.021047708138447148,0.022014343623323978,0.01683816651075772,0.009011537262238852,0.007764265668849392,0.003274087932647334
06,3743,03743,0603743,29861.0,1566,0.021499614882287934,0.3398077760289341,0.4345132447004454,0.20417936438833262,0.04835738923679716,0.04397039616891598,0.04594621747429758,0.0692542111784602,0.04554435551388098,0.03312012323766786,0.042865275777770336,0.04142527041961087,0.03894712166370851,0.07414353169686212,0.11727671544824353,0.14751682796959245,0.09440407220119888,0.055490439034191756,0.07354073875623723,0.028197314222564548,0.0006362814373262784,0.0,0.000468838953819363,0.0025116372526037306,0.0014400053581594722,0.0006362814373262784,0.0014065168614580891,0.000937677907638726,0.0011720973845484076,0.0012390743779511738,0.0025116372526037306,0.003583269147047989,0.0014734938548608553,0.00020093098020829844,0.0032818726767355412,0.0,0.013094002210240782,0.009242825089581729,0.01654331737048324,0.011787950838886842,0.014467030574997488,0.012156324302602056,0.017179598807809518,0.015002846522219617,0.013261444693747697,0.026422423897391245,0.045644821003985134,0.05287833629148388,0.04018619604165969,0.01687820233749707,0.026188004420481564,0.008874451625866515,0.01905495462308697,0.006061417902950336,0.014132145607983657,0.02648940089079401,0.02016007501423261,0.012893071230032483,0.017782391748434413,0.01751448377482335,0.017547972271524732,0.0324503533036402,0.05873882321422591,0.07394260071665383,0.04125782793610395,0.027862429255550717,0.03479454807273701,0.01383074913767121,0.01557215096614313,0.02866615317638391,0.014801915542011318,0.028465222196175612,0.00947724456649141,0.007434446267707042,0.006496768360068316,0.007970262214929172,0.006965607313887679,0.014031680117879508,0.010381433977428753,0.017112621814406752,0.011486554368574394,0.010548876460935669,0.009276313586283112,0.005492113459026824
06,3744,03744,0603744,73052.0,3254,0.05842413623172535,0.44309532935443247,0.3014975633795105,0.1969829710343317,0.11977769260252971,0.10550019164430817,0.05552209385095548,0.04495427914362372,0.04151837047582544,0.03271642117943383,0.03765810655423534,0.026830203142966653,0.03412637573235504,0.058506269506652796,0.0772600339484203,0.1133712971581887,0.07201719323221814,0.05333187318622351,0.05958769095986421,0.06732190768219898,0.015605322236215299,0.004681596670864589,0.002943109018233587,0.0031484422055522094,0.002244976181350271,0.001546843344466955,0.0015194655861578055,0.0020533318731862237,0.004503641241855117,0.007802661118107649,0.004818485462410338,0.002792531347533264,0.0021491540272682475,0.0016563543777035536,0.0001231999123911734,0.0008350216284290642,0.043777035536330285,0.011074303236051032,0.0116355472813886,0.015263100257350929,0.021642117943382794,0.011142747631823905,0.017467009801237474,0.010458303674095165,0.011621858402234024,0.025762470568909818,0.03752121776268959,0.06483053167606637,0.03987570497727646,0.031498110934676665,0.043161035974374415,0.046364233696544924,0.037055795871434045,0.028116957783496686,0.01388052346273887,0.01401741225428462,0.009828615232984722,0.012018835897716695,0.014003723375130044,0.010061326178612495,0.011731369435470623,0.01904123090401358,0.02477687126978043,0.036289218638777855,0.02514647100695395,0.016522477139571813,0.012196791326726167,0.016809943601817885,0.023339538958550073,0.06162733395389586,0.027062914088594427,0.012525324426435964,0.007802661118107649,0.008007994305426272,0.004667907791710015,0.00425724141707277,0.0062695066527952694,0.0058999069156217485,0.010143459453539944,0.009459015495811202,0.0048458632207194876,0.003654930734271478,0.004106663746372447,0.0033127087554071072
06,3745,03745,0603745,29111.0,1464,0.02370238054343719,0.38974957919686715,0.4479749922709629,0.1385730479887328,0.07564151008209954,0.06787812167222013,0.056817010751949434,0.05698876713269898,0.07042011610731339,0.06028648964309024,0.048194840438322284,0.048263542990622105,0.04675208684002611,0.07464532307375218,0.09477517089759885,0.1213974099137783,0.07942015045858954,0.042561231149737214,0.03345814297001134,0.022500085878190374,0.0036755865480402597,0.0,0.0005839716945484525,0.00013740510459963587,0.0008931331798976332,0.0014771048744460858,0.0014427535982961767,0.0,0.0012709972175466318,0.0007557280752979973,0.006251932259283432,0.0026450482635429905,0.0004809178660987256,0.002610696987393082,0.0009274844560475422,0.0005496204183985435,0.026450482635429907,0.02232832949744083,0.020507711861495654,0.024526811171035005,0.03290852255161279,0.01961457868159802,0.02133214248909347,0.025660403283982,0.02171000652674247,0.027515372196077085,0.04307650029198585,0.048538353199821374,0.02171000652674247,0.013877915564563224,0.011816838995568686,0.008175603723678334,0.027412318367627357,0.024767270104084367,0.02397719075263646,0.023427570334237917,0.024870323932534095,0.0313970664010168,0.022637490982790012,0.016832125313455393,0.0199237401669472,0.03778640376489987,0.03654975782350314,0.05829411562639552,0.04805743533372265,0.0229810037442891,0.018961904434749752,0.010099275188073237,0.018103122531002026,0.020782522070694927,0.011748136443268867,0.008896980522826423,0.011748136443268867,0.007797739686029336,0.0027824533681426265,0.005771014393184707,0.0038473429287898047,0.008587819037477242,0.008896980522826423,0.011919892824018412,0.009171790732025694,0.003091614853491807,0.0017519150836453575,0.0036755865480402597
06,3746,03746,0603746,32021.0,1691,0.11920302301614566,0.33755972642953064,0.34820898785172233,0.19502826270260143,0.13397457918241154,0.0779176165641298,0.050872864682552074,0.061084913025826804,0.06651884700665188,0.05196589737984448,0.05237188095312451,0.03569532494300615,0.04212860310421286,0.06704974860247963,0.08107179663345929,0.10099622122981793,0.061178601542737576,0.03994253770962806,0.044002373442428404,0.03322819399768902,0.044751881577714626,0.0059336060710158955,0.00671434371193904,0.011336310546204053,0.0050904094188189,0.002841885012960245,0.0035601636426095375,0.005402704475188157,0.002873114518597171,0.005527622497735861,0.004840573373723494,0.00915024515161925,0.005746229037194342,0.0016863933043939914,0.0029668030355079478,0.0007807376409231442,0.027138440398488492,0.015958277380469066,0.012117048187127197,0.014053277536616596,0.026607538802660754,0.02345335873333125,0.02008057212454327,0.011523687580025609,0.019580900034352457,0.024296555385528246,0.03307204646950439,0.03894319352924643,0.02264139158677118,0.01608319540301677,0.018956309921613942,0.01305393335623497,0.03722557071921551,0.022141719496580368,0.01342868742387808,0.021048686799287966,0.023078604665688143,0.02008057212454327,0.019768277068174012,0.01586458886355829,0.012647949782954936,0.028949751725430187,0.029543112332531776,0.037756472315043255,0.021360981855657223,0.013522375940788858,0.016051965897379845,0.01573967084101059,0.02485868648699291,0.03388401361606446,0.018612785359607757,0.014646638143718185,0.011742294119484088,0.005590081509009712,0.008962868117797696,0.002904344024234096,0.007026638768308298,0.008275818993785329,0.013616064457699634,0.015146310233908998,0.01142999906311483,0.008650573061428437,0.006027294587926673,0.003653852159520315
06,3747,03747,0603747,62890.0,2822,0.024487199872793766,0.3710446811893783,0.369677214183495,0.23479090475433295,0.09457783431388138,0.06986802353315312,0.036412784226427096,0.04458578470345047,0.04332962315153443,0.0336937509937987,0.05835585943711242,0.030513595166163143,0.0430593099061854,0.05102560025441247,0.08475115280648751,0.11548735888058514,0.08017172841469232,0.060454762283351886,0.06961361106694228,0.08409922086182223,0.0035617745269518205,0.0008745428525997774,0.0014787724598505326,0.0016695818095086659,0.0010017490857051996,0.0018126888217522659,0.0018285896008904436,0.0007791381777707108,0.0026077277786611544,0.00034981714103991097,0.0024487199872793766,0.0026713308952138657,0.0006837335029416441,0.0010176498648433773,0.0006201303863889331,0.0010812529813960883,0.0276832564795675,0.020957226904118303,0.00992208618222293,0.019367148990300526,0.014867228494196215,0.010319605660677373,0.020957226904118303,0.010685323580855463,0.020671012879631103,0.01569406900938146,0.032373986325329944,0.04552393067260296,0.03296231515344252,0.024073779615201144,0.026013674670058832,0.03897280966767372,0.045094609635872154,0.019080934965813326,0.011877882016218795,0.007425663857529019,0.011019239942757195,0.01219589759898235,0.02203847988551439,0.012402607727778662,0.013849578629352838,0.019605660677373193,0.027937668945778343,0.04708220702814438,0.031753855938941006,0.026379392590236923,0.03059309906185403,0.03134043568134839,0.0182381936714899,0.02895531881062172,0.01313404356813484,0.01612339004611226,0.016441405628875815,0.009365558912386707,0.013531563046589283,0.006646525679758308,0.005930990618540308,0.015376053426617905,0.021990777548099857,0.020209890284623947,0.014771823819367149,0.00898394021307044,0.012386706948640483,0.012704722531404039
06,3748,03748,0603748,84257.0,3382,0.03395563573352956,0.4121200612412025,0.33384763283762775,0.22007667018764018,0.045717269781739206,0.022656871239184875,0.021434420878977414,0.028353727286753623,0.03077489110697034,0.021754869031653155,0.0190369939589589,0.0167582515399314,0.021315736377986397,0.045028899675991316,0.058914986291940134,0.11769941963279015,0.09447286278884841,0.0829842030929181,0.1119076159844286,0.261188981330928,0.0067887534566860915,0.0006883701057478904,0.0010800289590182418,0.002005768066748163,0.00091387065763082,0.0022312686186310928,0.0014835562623876947,0.0,0.0016259776635769135,0.0030264547752708974,0.0025398483212077335,0.005827408998658865,0.0038928516325053113,8.307915069371091e-05,0.0002848428023784374,0.0014835562623876947,0.014384561520111088,0.0035130612293340613,0.0067768850065869895,0.011061395492362652,0.006385226153316638,0.00274161197289246,0.004735511589541522,0.0036198772802259753,0.007880650865803435,0.015334037528039213,0.02149376312947292,0.04860130315582088,0.044696583073216466,0.038560594371980964,0.052897682091695646,0.1294373167808016,0.011785370948407847,0.008592757871749528,0.006741279656289685,0.007073596259064529,0.01248560950425484,0.00883012687373156,0.0069905171083708174,0.007607676513524099,0.004782985389937928,0.01781454359875144,0.017636516847264916,0.038097724818116005,0.030228942402411668,0.028436806437447334,0.03458466358878194,0.0921585150195236,0.012758583856534176,0.009862682032353395,0.006836227257082498,0.008212967468578278,0.010990184791768044,0.007951861566398044,0.005827408998658865,0.005530697746181326,0.007026122458668123,0.008853863773929762,0.017244857993994563,0.025172982660194406,0.015654485680714956,0.015903723132796088,0.02414042750157257,0.03810959326821511
06,3750,03750,0603750,53312.0,2407,0.015812575030012006,0.31848364345738295,0.4442151860744298,0.22148859543817526,0.09883328331332533,0.07662439975990396,0.04528061224489796,0.038340336134453784,0.04905087034813926,0.04841311524609844,0.048244297719087635,0.0353766506602641,0.03642707082833133,0.07668067226890757,0.09547569027611044,0.12817001800720287,0.06790216086434574,0.05227716086434574,0.06328781512605042,0.03961584633853541,0.001481842737094838,0.001519357743097239,0.0007315426170468188,0.00041266506602641057,0.0013692977190876351,0.001256752701080432,0.00022509003601440576,0.00043142256902761105,0.0011817226890756302,0.0012192376950780311,0.002682322929171669,0.001988295318127251,0.00048769507803121247,0.0003939075630252101,0.00043142256902761105,0.0,0.03605192076830732,0.01207983193277311,0.009997749099639856,0.013505402160864346,0.02189000600240096,0.016243997599039616,0.017819627851140458,0.01328031212484994,0.009284963985594238,0.02153361344537815,0.030424669867947177,0.045130552220888354,0.02502250900360144,0.014780912364945978,0.018476140456182472,0.012961434573829532,0.038096488595438176,0.037777611044417764,0.017632052821128452,0.014743397358943578,0.016206482593037214,0.020145558223289315,0.01992046818727491,0.012830132052821129,0.019620348139255703,0.03475765306122449,0.04207307923169268,0.056178721488595436,0.03188775510204082,0.029786914765906364,0.03211284513805522,0.020445678271308523,0.023203031212484994,0.025247599039615848,0.01691926770708283,0.009678871548619447,0.009585084033613446,0.010766806722689076,0.010279111644657862,0.008834783913565427,0.0063400360144057625,0.019170168067226892,0.02029561824729892,0.024872448979591837,0.01050420168067227,0.007315426170468187,0.012267406962785114,0.006208733493397359
06,3751,03751,0603751,38903.0,1884,0.02148934529470735,0.36549880471943036,0.445878209906691,0.16713364007917128,0.11209932395959181,0.07922268205536848,0.053286378942498006,0.04788833766033468,0.054597331825309105,0.03734930468087294,0.06372259208801377,0.041050818702927795,0.03889160219006246,0.08477495308845076,0.09225509600801994,0.11271624296326761,0.07953114155720639,0.036680975760224145,0.040973703827468316,0.024959514690383777,0.003084595018379045,0.0013366578412975863,0.0010281983394596819,0.0010024933809731898,0.0015680024676760146,0.0010024933809731898,0.0005398041282163329,0.0009767884224866977,0.001182428090378634,0.0009253785055137136,0.003315939644757474,0.0018250520525409351,0.002956070225946585,0.0,0.0007454437961082693,0.0,0.03884019227308948,0.017453666812328097,0.017659306480220033,0.016399763514381924,0.01835334035935532,0.01634835359740894,0.028481094003033187,0.013777857748759736,0.013160938745083927,0.037375009639359434,0.03531861296044007,0.03922576665038686,0.029612112176438835,0.016913862684111765,0.014420481710922037,0.012158445364110737,0.04711718890573992,0.03429041462098039,0.023854201475464618,0.020409737038274683,0.022826003136004934,0.01596277922011156,0.026141942780762407,0.01974140811762589,0.01909878415546359,0.034007660077628975,0.04009973523892759,0.05678225329666092,0.035524252628332004,0.01737655193686862,0.021335115543788398,0.0113101817340565,0.023057347762383364,0.026141942780762407,0.010744672647353674,0.010076343726704882,0.011849985862272832,0.004035678482379251,0.008559751176001851,0.006554764414055472,0.0054494511991363135,0.012466904865948642,0.013520808163894815,0.014883170963678893,0.01143870652648896,0.00239056113924376,0.004472662776649616,0.0014908875922165386
06,3752,03752,0603752,41671.0,1940,0.016870245494468576,0.3265340404597922,0.4587602889299513,0.19783542511578797,0.04873893115116028,0.03837200931103165,0.040699767224208684,0.04393943029924888,0.05008279138969547,0.04909889371505363,0.03726812411509203,0.04821098605745003,0.04168366489885052,0.09913369009622999,0.10270931823090398,0.15248014206522523,0.08624703030884788,0.0647452664922848,0.059009862974250676,0.03758009167046627,0.0012718677257565214,0.0,0.0011758777087182933,0.0,0.0011998752129778504,0.0023757529216961435,0.0010078951789013943,0.0,0.0015838352811307623,0.0026397254685512706,0.0009599001703822802,0.002735715485589499,0.0006479326150080391,0.0008399126490844952,0.00043195507667202613,0.0,0.010366921840128626,0.0099349667634566,0.016390295409277434,0.009814979242158815,0.024261476806412132,0.018934030860790478,0.017542175613736173,0.021309783782486623,0.01643829041779655,0.035948261380816394,0.038204026781214755,0.0424755825394159,0.02939694271795733,0.012694679753305656,0.015142425187780471,0.0076792013630582415,0.020421876124883012,0.01411053250461952,0.013318614864054138,0.023853519233999664,0.013366609872573253,0.017182213049842816,0.010534904369945525,0.019677953492836745,0.013222624847015911,0.04228360250533945,0.04545127306760097,0.08382328237863262,0.04101173477958292,0.041827649924407864,0.035324326270067916,0.023349571644548966,0.016678265460392118,0.014326510042955532,0.009814979242158815,0.010270931823090398,0.011254829497732237,0.010606896882724197,0.00818314895250894,0.007223248782126658,0.010438914352907298,0.01826210074152288,0.018094118211705982,0.023445561661587195,0.015190420196299586,0.00938302416548679,0.008111156439730267,0.006551318662859062
06,3753,03753,0603753,34382.0,1505,0.018934326100866733,0.3110930137862835,0.44703623989296726,0.2229364202198825,0.032517014717003086,0.025042173230178582,0.022918969228084462,0.02960851608399744,0.03411668896515618,0.03176080507242161,0.05020068640567739,0.03932290151823629,0.04191146530161131,0.0717526612762492,0.10895235879239137,0.1273631551393171,0.09461346053167355,0.09022162759583503,0.09915071839916235,0.10054679774300507,0.0004071898086207899,0.0004653597812809028,0.0015124192891629341,0.0010179745215519748,0.0011343144668722006,0.0007562096445814671,0.0007271246582514106,0.0011924844395323135,0.0,0.002879413646675586,0.003693793263917166,0.003548368332266884,0.0008434646035716363,0.0007562096445814671,0.0,0.0,0.009888895352219184,0.005497062416380664,0.0020359490431039497,0.008027456227095574,0.008609155953696702,0.011721249491012739,0.015182362864289454,0.012012099354313303,0.018585306264906055,0.024751323366878016,0.03397126403350591,0.041736955383630966,0.03353498923855506,0.03379675411552557,0.03135361526380082,0.020388575417369555,0.012622884067244489,0.00919085568029783,0.007125821650863824,0.011284974696061894,0.01163399453202257,0.01090686987377116,0.0196905357454482,0.014193473329067535,0.017683671688674307,0.028997731371066256,0.03647257285789076,0.05834448257809319,0.046477808155430164,0.043220289686463846,0.05767552789250189,0.06151474608806934,0.00959804548891862,0.009888895352219184,0.012244779244953754,0.009278110639288,0.012739224012564714,0.00837647606305625,0.014600663137688326,0.011924844395323134,0.005642487348030947,0.015124192891629341,0.03481472863707754,0.023733348845326043,0.013757198534116688,0.01244837414926415,0.010121575242859636,0.018643476237566167
06,3754,03754,0603754,39872.0,2156,0.014270666131621187,0.29707564205457465,0.40715288924558585,0.2815008025682183,0.04842997592295345,0.025305979133226325,0.03365770465489567,0.0276384430176565,0.028140048154093097,0.02252207062600321,0.029419141252006422,0.026835874799357947,0.03272973515248796,0.06076946227929374,0.09334871589085073,0.15451946227929375,0.11170746388443017,0.09016352327447832,0.12083667736757625,0.09397572231139646,0.0012289325842696629,0.0,0.0,0.0006270064205457464,0.0002758828250401284,0.0,0.0,0.0008527287319422151,0.00030096308186195825,0.0030848715890850723,0.003135032102728732,0.00037620385232744785,0.0033356741573033707,0.0,0.0007022471910112359,0.00035112359550561797,0.005367174959871589,0.0015800561797752809,0.005994181380417335,0.0017054574638844303,0.009405096308186195,0.004263643659711076,0.009028892455858748,0.01028290529695024,0.008151083467094703,0.016477728731942216,0.027161918138041734,0.0627508025682183,0.03834771268057785,0.029845505617977528,0.04037921348314607,0.026334269662921347,0.014320826645264847,0.0037118780096308188,0.007975521669341894,0.011110553772070627,0.006144662921348315,0.0037620385232744785,0.010759430176565008,0.005592897271268058,0.016904093097913322,0.026233948635634028,0.0351123595505618,0.05735854735152488,0.0473766051364366,0.044893659711075444,0.06352829052969503,0.05236757624398074,0.02751304173354735,0.020014044943820225,0.019688001605136438,0.014195425361155698,0.01231440609951846,0.014496388443017656,0.009630818619582664,0.010107343499197431,0.007373595505617977,0.014972913322632423,0.02793940609951846,0.03403390850722311,0.02264747191011236,0.015424357945425361,0.016226926163723916,0.014922752808988764
06,3757,03757,0603757,40463.0,1908,0.02014185799372266,0.33405827546153277,0.4374860984108939,0.2083137681338507,0.06714776462447174,0.05165212663420903,0.03432765736598868,0.03894916343326001,0.042680967797741144,0.04176655215876233,0.04280453747868423,0.03467365247262932,0.04139584311593308,0.07201641005362924,0.09151570570644786,0.1567357833082075,0.11227541210488594,0.06351481600474508,0.06798803845488471,0.04055556928552011,0.0033858092578404964,0.0,0.0009391295751674369,0.0006919902132812693,0.0016064058522600895,0.001136841064676371,0.0017052615970145565,0.0,0.0006919902132812693,0.0004201369152064849,0.0019524009589007242,0.0020018288312779577,0.001037985319921904,0.0023972518102958256,0.0016064058522600895,0.0005684205323381855,0.023206386081111138,0.01129426883819786,0.009811432666880854,0.011417838519140943,0.017448038949163434,0.01626177001210983,0.01556977979882856,0.009341867879297135,0.01381509032943677,0.023527667251563158,0.03267182364135136,0.05862145663939896,0.0439413785433606,0.015470924054074093,0.01611348639497813,0.015545065862639942,0.022786249165904653,0.015940488841657812,0.011887403306724663,0.016756048735882163,0.0129748164990238,0.011145985221066159,0.013394953414230285,0.016756048735882163,0.017299755332031732,0.03264710970516274,0.04287867928725008,0.0728566838840422,0.055112077700615374,0.03299310481180338,0.0440896621604923,0.017967031609124384,0.01776932011961545,0.02441736895435336,0.011689691817215728,0.010083285964955639,0.010651706497293825,0.013221955860909967,0.01213454266861083,0.008575735857450016,0.009589007241183303,0.015421496181696859,0.014012801818945703,0.023255813953488372,0.012183970540988064,0.012653535328571781,0.00617848404715419,0.006475051281417591
06,3758,03758,0603758,51475.0,2447,0.01835842642059252,0.33289946576007773,0.4104711024769305,0.23827100534239923,0.06251578436134046,0.04569208353569694,0.044273919378339,0.04031083050024284,0.04543953375424964,0.040407965031568724,0.04242836328314716,0.039844584749878585,0.0393977659057795,0.06568237008256435,0.09573579407479359,0.1382807187955318,0.08101019912578922,0.0729091792132103,0.08227294803302575,0.06379796017484216,0.0009130645944633317,0.0006605148130160272,0.0016124332200097135,0.001573579407479359,0.0002525497814473045,0.0010490529383195726,0.0014764448761534726,0.0013404565322972318,0.0001942690626517727,0.0037105390966488587,0.00048567265662943174,0.003535696940262263,0.0008353569694026226,0.0,0.0006216610004856726,9.713453132588635e-05,0.020670228266148616,0.013423992229237494,0.008567265662943177,0.010548810101991258,0.011714424477901894,0.012277804759592035,0.01822243807673628,0.012180670228266148,0.017969888295288974,0.02348712967459932,0.033258863525983486,0.04862554638173871,0.028207867897037397,0.02284604176784847,0.023389995143273435,0.027508499271491016,0.02620689655172414,0.013540553666828558,0.018164157357940747,0.014181641573579408,0.013618261291889266,0.01544439048081593,0.011733851384167071,0.014317629917435648,0.012102962603205439,0.023895094706168043,0.03889266634288489,0.05964060223409422,0.03757163671685284,0.03864011656143759,0.044137931034482755,0.028382710053423993,0.014725594949004371,0.018067022826614862,0.015930063137445362,0.014006799417192812,0.01985429820301117,0.011636716852841185,0.010995628946090335,0.012005828071879554,0.009130645944633317,0.014589606605148131,0.023098591549295774,0.02647887323943662,0.014395337542496358,0.011423020883924235,0.014123360854783875,0.007809616318601263
06,3759,03759,0603759,37599.0,1683,0.019601585148541184,0.4198515917976542,0.3875900954812628,0.17295672757254182,0.04840554270060374,0.048884278837203116,0.02891034336019575,0.043432006170376874,0.05268757147796484,0.043378813266310275,0.040852150323146895,0.03127742759115934,0.041623447432112555,0.07782121864943217,0.10314104098513259,0.13854091864145324,0.08691720524482034,0.07899146253889731,0.06226229420995239,0.0728742785712386,0.0007978935609989627,0.0005585254926992739,0.0022341019707970955,0.00321817069602915,0.0004255432325327801,0.0010106651772653528,0.0,0.001436208409798133,0.0011436474374318466,0.0013830155057315355,0.0018883480943642117,0.0009042793691321578,0.002101119710630602,0.0,0.0025000664911300832,0.0,0.017420676081810686,0.017500465437910583,0.01220777148328413,0.012074789223117636,0.02524003297960052,0.017394079629777386,0.011968403414984442,0.014282294741881432,0.025346418787733718,0.03407005505465571,0.04534695071677438,0.058432405117157374,0.03143700630335913,0.03194233889199181,0.026037926540599485,0.03914997739301577,0.021223968722572407,0.015133381206946994,0.007766163993723237,0.01843134125907604,0.011409877922285167,0.015904678315912656,0.0213835474347722,0.00922896885555467,0.009601319184020851,0.032048724700125,0.03917657384504907,0.06258145163435198,0.04026702837841432,0.031835953083858615,0.025319822335700418,0.026277294608899174,0.008963004335221682,0.015691906699646267,0.006702305912391287,0.009707704992154047,0.01561211734354637,0.009069390143354877,0.00750019947339025,0.006329955583925104,0.005532062022926142,0.010319423388919918,0.01672916832894492,0.016622782520811723,0.013112050852416287,0.01521317056304689,0.008404478842522408,0.007447006569323652
06,3760,03760,0603760,57917.0,2702,0.01210352746171245,0.3592727523870366,0.404164580347739,0.22445913980351193,0.02987033168154428,0.0104459830447019,0.018025795534989727,0.010238789992575582,0.011913600497263326,0.015228689331284424,0.014848835402386172,0.020114992143930106,0.028074658563116184,0.0374501441718321,0.06559386708565706,0.11473315261494899,0.07636790579622563,0.08455203135521522,0.13137766113576324,0.33116356164856603,0.0003971200165754442,6.90643507087729e-05,0.00024172522748070515,0.0,0.00022445913980351193,0.0017784070307509021,0.0,0.000310789578189478,6.90643507087729e-05,0.000846038296182468,0.0004143861042526374,0.0032805566586667128,0.001294956575789492,0.000846038296182468,0.0,0.0023309218364210853,0.004351054094652693,0.002054664433585994,0.005162560215480774,0.0010359652606315936,0.001847471381459675,0.001536681803270197,0.004195659305557954,0.005179826303157968,0.011205690902498403,0.01595386501372654,0.019666073864323085,0.04760260372602172,0.032891897025053095,0.025950929778821418,0.052609769152407754,0.12802804012638777,0.01574667196160022,0.004247457568589534,0.005179826303157968,0.00423019148091234,0.003850337552014089,0.005438817618315866,0.005956800248631663,0.007614344665642212,0.007217224649066768,0.007735207279382565,0.02864443945646356,0.03577533366714436,0.0234473470656284,0.040385379076954955,0.05219538304815512,0.1564998187060794,0.00937548560871592,0.004074796691817601,0.00744168378887028,0.004972633251031648,0.005991332423986049,0.006474782878947459,0.004696375848196557,0.007010031596940449,0.00958267866084224,0.012915033582540533,0.01686896766061778,0.028074658563116184,0.018733705129754648,0.017369684203256384,0.026572508935200374,0.04430478097967781
06,3761,03761,0603761,47373.0,2464,0.008718046144428261,0.30164861841133134,0.410212568340616,0.2794207671036244,0.036793109999366726,0.030734806746458954,0.018196018829290946,0.018554873028940537,0.020813543579676186,0.028982753889346253,0.031684714922001984,0.02199565153146307,0.032866822873788865,0.062229540033352335,0.08160766681443016,0.12253815464505098,0.10123910244231947,0.09174002068688916,0.11996284803580098,0.1800603719418234,0.0007599265404344247,0.0004855086230553269,0.00023219977624385198,0.001139889810651637,0.000675490258163933,0.0,0.0008232537521372934,0.0,0.0,0.0005699449053258185,0.0003588541996495894,0.0024064340447090115,0.0010765625989487683,0.00018998163510860618,0.0,0.0,0.0071770839929917885,0.004369577607497942,0.003989614337280729,0.004327359466362696,0.0036729782787663858,0.005023958795094252,0.009604627108268423,0.003841850843307369,0.011420007177083993,0.013446477951575792,0.0342811306018196,0.03463998480146919,0.032191332615624936,0.02982711671205117,0.04143710552424377,0.06239841259789331,0.012749878622844235,0.005741667194393431,0.002955269879467207,0.0030819243028729444,0.005467249277014333,0.009393536402592193,0.009013573132374981,0.0095835180377008,0.009161336626348342,0.03312013172060034,0.022523378295653644,0.05131615054989129,0.04747429970658392,0.04154265087708188,0.0595275790006966,0.08756042471449982,0.016106220843096278,0.020138053321512254,0.011018934836299158,0.010005699449053258,0.010997825765731535,0.014565258691659807,0.012243260929221286,0.0085702826504549,0.012285479070356532,0.01509298545585038,0.02444430371730733,0.03417558524898149,0.020496907521161845,0.0201802714626475,0.018998163510860616,0.030101534629430268
06,3762,03762,0603762,34644.0,1687,0.008948158411268907,0.23037178154947466,0.43098372012469693,0.32969633991455954,0.03680290959473502,0.03004849324558365,0.024188892737559173,0.027364045722202978,0.04358619097101951,0.017694261632605936,0.030596928761113036,0.031116499249509294,0.025083708578686064,0.05885579032444291,0.07949428472462765,0.1589885694492553,0.128102990416811,0.08697032675210714,0.10908093753608128,0.11202517030366009,0.00025978524419812955,0.0,0.0,0.0,0.0004618404341300081,0.0,0.0020782819535850364,0.0009814109225262672,0.0,0.0,0.0,0.0012700611938575223,0.00040411037986375705,0.0013855213023900243,0.0018473617365200323,0.00025978524419812955,0.007302851864680753,0.0038679136358388175,0.0069564715390832465,0.006610091213485741,0.007851287380210138,0.0033772081745756842,0.005426625101027595,0.006436901050686988,0.003896778662971943,0.010045029442327675,0.020696224454450986,0.037668860408728785,0.02785475118346611,0.024621868144556056,0.024448677981757302,0.03331024131162683,0.01373975291536774,0.005686410345225724,0.0048493245583650845,0.0038101835815725666,0.012758341992841473,0.005368895046761344,0.00629257591502136,0.014721163837894008,0.014028403186698995,0.023207481815032908,0.02190855559404226,0.08275603279067083,0.06468652580533425,0.0387080013855213,0.06044336681676481,0.05801870453758227,0.015500519570488397,0.020494169264519108,0.012383096640110842,0.01694377092714467,0.022514721163837893,0.008948158411268907,0.016799445791479045,0.008977023438402032,0.007158526729015125,0.025603279067082322,0.036889504676134395,0.03729361505599815,0.035157603048146864,0.022254935919639764,0.022341531001039142,0.020436439210252857
06,3763,03763,0603763,45983.0,2107,0.017702194289193833,0.34684557336406935,0.42841919839940845,0.20703303394732836,0.06143574799382381,0.04569079877345976,0.03166387578017963,0.03562186025270209,0.034338777374247,0.045973511950068505,0.043059391514255266,0.027162212121871126,0.03692669029858861,0.07243981471413348,0.10008046451949633,0.13389730987538873,0.08929386947350107,0.07609333884261575,0.07785485940456256,0.08846747711110628,0.0017180262270839223,0.0018702563991040168,0.000391449013765957,0.0002827131766087467,0.0010656112041406607,0.0018267620642411326,0.000804645194963356,0.0006524150229432616,0.00015223017202009437,0.0033273166170106343,0.000804645194963356,0.0022617054128699736,0.0018267620642411326,0.0007176565252375878,0.0,0.0,0.01992040536720092,0.006524150229432616,0.007981210447339234,0.007415784094121741,0.009046821651479894,0.015114281364852229,0.013961681490985799,0.008068199117065002,0.02063806189243851,0.03179435878476829,0.03897092403714416,0.048300458865232807,0.03462149055085575,0.029728377878781288,0.02420459735119501,0.030554770241176088,0.02444381619294087,0.012047930757018899,0.011134549724898331,0.013526738142356958,0.013570232477219842,0.0205293260552813,0.01894178283278603,0.01291781745427658,0.012004436422156014,0.02553117456451297,0.04155883696148577,0.06413239675532262,0.03953635039036166,0.03225104930082857,0.04145010112432856,0.044842659243633516,0.01535350020659809,0.025248461387904226,0.01215666659417611,0.01439662483961464,0.010656112041406606,0.008503142465693843,0.009351281995520084,0.005523780527586282,0.004131961811973991,0.011786964747841593,0.01874605832590305,0.019202748841963335,0.013309266468042537,0.013396255137768306,0.012200160929038993,0.013070047626296676
06,3764,03764,0603764,50155.0,2854,0.008732927923437344,0.2911175356395175,0.40789552387598443,0.2922540125610607,0.034871897118931315,0.016488884458179642,0.026537733027614394,0.022430465556774002,0.023367560562257004,0.019140663941780482,0.029329079852457383,0.025002492273950752,0.026816867710098693,0.04372445419200478,0.0830824444222909,0.13019639118731932,0.12939886352307844,0.097198684079354,0.1262685674409331,0.16614495065297577,0.0015153025620576214,0.000418702023726448,0.00029907287409032003,0.0005582693649685974,0.000657960322998704,0.00037882564051440536,0.0,0.00023925829927225602,0.00023925829927225602,0.0009969095803010668,0.0,0.0016947462865118134,0.001256106071179344,0.0,0.00015950553284817067,0.00031901106569634134,0.005941581098594357,0.001136476921543216,0.004466154919748779,0.0013557970292094508,0.0032898016149935203,0.003868009171568139,0.009091815372345729,0.00418702023726448,0.006140963014654571,0.014993520087728043,0.024244840992921943,0.03941780480510418,0.03871996809889343,0.03333665636526767,0.053095404246834815,0.04783172166284518,0.012800319011065696,0.006041272056624464,0.008015153025620576,0.003568936297477819,0.005921642906988336,0.004565845877778886,0.006978367062107467,0.007257501744591765,0.008772804306649387,0.011843285813976673,0.03678596351310936,0.05152028710995913,0.057461868208553486,0.04408334164091317,0.053853055527863625,0.08842587977270462,0.014614694447213637,0.008892433456285515,0.01375735220815472,0.016947462865118133,0.013498155717276443,0.01032798325191905,0.013258897418004187,0.01331871199282225,0.01166384208952248,0.015890738709999002,0.022051639916259594,0.037563552985744195,0.031960921144452197,0.019778686073173162,0.019160602133386502,0.02956833815172964
06,3766,03766,0603766,36463.0,1490,0.051367139291884925,0.4330142884567918,0.34056440775580726,0.175054164495516,0.08241230836738611,0.06617667224309574,0.0375449085374215,0.037160957683130845,0.06228231357814771,0.03244384718755999,0.04843265776266352,0.043907522694238,0.049200559471244826,0.06472314400899543,0.09604256369470422,0.1153498066533198,0.08584044099498121,0.06546362065655596,0.05427419576008557,0.05874448070646957,0.019087842470449496,0.0026876559800345554,0.0027973562241175986,0.001563228478183364,0.003839508542906508,0.00016455036612456463,0.0041411842141348765,0.0017552039053286893,0.0033732825055535747,0.004415434824342484,0.002632805857993034,0.002769931163096838,0.0007953267696020624,0.0,0.0013438279900172777,0.0,0.022214299426816225,0.01066834873707594,0.015083783561418424,0.013026903984861365,0.02986589145160848,0.01670186216164331,0.02819296272934207,0.022954776074376765,0.01741491374818309,0.036804431889860954,0.050242711790033735,0.05216246606148699,0.03973891341908236,0.027946137180155227,0.02133669747415188,0.028659188766695005,0.025834407481556645,0.02098017168088199,0.00817266818418671,0.010778048981158982,0.01280750349669528,0.009406795930120945,0.008364643611332035,0.016125935880207335,0.020047719606176125,0.017497188931245373,0.03406192578778488,0.04662260373529331,0.03573485451005128,0.029043139620985658,0.023503277294791982,0.021583523023338727,0.01527575898856375,0.031840495845103255,0.011491100567698764,0.011792776238927131,0.015769410086937444,0.006170638729671173,0.007733867207854538,0.0030716068343252063,0.008364643611332035,0.006006088363546609,0.009105120258892575,0.013794805693442668,0.009571346296245509,0.008474343855415078,0.008090393001124428,0.008501768916435838
06,3767,03767,0603767,61185.0,3204,0.01853395440058838,0.34282912478548666,0.3899648606684645,0.24867206014546048,0.05342812780910354,0.04850862139413255,0.0540818828144153,0.04774045926289123,0.03755822505516058,0.03597286916727956,0.043621802729427145,0.03652856092179456,0.04324589360137288,0.06398627114488846,0.0796273596469723,0.13498406472174554,0.09124785486638883,0.06266241725913214,0.07161886083190325,0.09518672877339217,0.002484269020184686,0.0008989131323036692,0.002075672141864836,0.0014546048868186647,0.0004739723788510256,0.0006047233799133775,0.0008335376317724932,0.0004739723788510256,0.0014382610116858707,0.0028765220233717415,0.0018468578900057203,0.0021737353926616003,0.0002615020021247038,0.0006374111301789654,0.0,0.0,0.015281523249162376,0.011130178965432704,0.016458282258723544,0.013271226607828717,0.013173163357031953,0.013892293862874888,0.01513442837296723,0.014170139740132386,0.01894255127890823,0.021165318296968213,0.024499468824058183,0.053542534935033095,0.03352128789736047,0.026542453215657433,0.024597532074854947,0.027506741848492278,0.018468578900057205,0.012437688976056223,0.019955871537141456,0.013598104110484595,0.015444962000490316,0.010558143335784914,0.01345100923428945,0.010737925962245648,0.013091443981367983,0.026771267467516548,0.03656124867206015,0.05086213941325488,0.03866960856419057,0.025234943205033913,0.031968619759745034,0.05215330554874561,0.017193756639699274,0.024041840320339954,0.015592056876685462,0.019416523657759255,0.008466127318787285,0.010917708588706382,0.014202827490397973,0.011146522840565498,0.009773637329410804,0.013173163357031953,0.016719784260848247,0.028405654980795947,0.018795456402713084,0.010247609708261829,0.01505270899730326,0.015526681376154287
06,3768,03768,0603768,41199.0,2183,0.012718755309594893,0.19847569115755237,0.4190150246365203,0.36979052889633246,0.04509818199470861,0.017281972863419016,0.01563144736522731,0.025825869559940776,0.0208985654991626,0.019515036772737204,0.02014612005145756,0.021262652006116652,0.018107235612514868,0.03878734920750504,0.05636059127648729,0.10189567707954077,0.08876429039539795,0.07140950023058812,0.12344959829122067,0.3155659117939756,0.0008980800504866623,0.000800990315298915,0.0,0.002815602320444671,0.0,0.0,0.0,0.0,0.0014078011602223356,0.0006310832787203573,0.0003398140731571155,0.002548605548678366,0.0002912692055632418,0.0017718876671763877,0.001213621689846841,0.0,0.00648073982378213,0.003228233694992597,0.0018932498361610719,0.004878759193184301,0.002694240151459987,0.0057768392436709625,0.004538945120027185,0.0034709580329619653,0.005364207869123037,0.007694361513628971,0.013010024515158135,0.02769484696230491,0.01716061069443433,0.020316027088036117,0.024903517075657175,0.04937013034296949,0.015218815990679386,0.005485570038107721,0.003373868297774218,0.006602101992766815,0.005461297604310784,0.002233063909318187,0.006189470618218889,0.0043447656496516905,0.0042719483482608804,0.016505254981917038,0.020194664919051433,0.03631156096021748,0.04034078497050899,0.02905410325493337,0.0589334692589626,0.1644942838418408,0.02250054612976043,0.007767178815019782,0.010364329231292022,0.011529406053544989,0.01274302774339183,0.011505133619748052,0.009417704313211485,0.013446928323502997,0.007063278234908614,0.01395664943323867,0.02281608776912061,0.03534066360834001,0.03097162552489138,0.020267482220442244,0.03839899026675405,0.10170149760916528
06,3770,03770,0603770,47004.0,2253,0.037805293166539015,0.4645987575525487,0.2953152923155476,0.20228065696536465,0.05214449834056676,0.02744447281082461,0.024487277678495446,0.026040336992596374,0.02640200833971577,0.028103991149689388,0.029869798315037017,0.025955237852097694,0.022359799166028423,0.048229937877627437,0.09009871500297847,0.121032252574249,0.09682154710237427,0.06788783933282273,0.10231044166453919,0.21081184580035742,0.0051059484299208575,0.002276402008339716,0.0027657220662071313,0.0009360905454854906,0.0020211045868436727,0.002446600289337078,0.000702067909114118,0.0017870819504723003,0.0017870819504723003,0.0031486681984511954,0.0031486681984511954,0.001425410603352906,0.0033188664794485574,0.003340141264573228,0.001595608884350268,0.0019998298017190027,0.023444813207386606,0.003999659603438005,0.004616628372053442,0.004233682239809378,0.007935494851502,0.006616458173772445,0.011382010041698578,0.0061484129010296994,0.010148072504467705,0.025338269083482256,0.04580461237341503,0.06635605480384649,0.0545485490596545,0.038315888009531104,0.06324993617564463,0.09246021615181686,0.012871245000425496,0.008743936686239469,0.00804186877712535,0.009786401157348312,0.007509999149008595,0.008509914049868096,0.010913964768955833,0.008935409752361501,0.004999574504297506,0.012445749297932091,0.026976427538081865,0.03397583184409837,0.02367883584375798,0.017275125521232237,0.02208322695940771,0.0785677814654072,0.010722491702833802,0.012424474512807421,0.009063058463109522,0.011084163049953195,0.008935409752361501,0.01053101863671177,0.0068717555952684875,0.009084333248234194,0.005425070206790911,0.007297251297761893,0.01416900689303038,0.01927495532295124,0.015275295719513233,0.008956684537486171,0.015381669645136584,0.03778401838141435
06,3771,03771,0603771,35863.0,1954,0.016535147645205365,0.32239355324429075,0.4056548531913114,0.2554164459191925,0.039232635306583385,0.020940802498396676,0.01773415497866882,0.03139726180185707,0.030588628949056132,0.024956082870925465,0.026796419708334494,0.0337116247943563,0.02464936006469063,0.04567381423751499,0.07999888464434096,0.1413992136742604,0.10643281376348883,0.0946936954521373,0.12425062041658534,0.15754398683880322,0.00133842679084293,0.0,0.0005297939380419931,0.0005297939380419931,0.0010874717675598807,0.0002509550232830494,0.0011432395505116693,0.0005576778295178876,0.0,0.0010038200931321976,0.002899924713493015,0.0023980146669269164,0.0,0.004489306527618995,0.0003067228062348381,0.0,0.007891141287678108,0.0065805983883110725,0.0020355240777402894,0.0041825837213841565,0.008922845272286201,0.006301759473552129,0.012157376683489948,0.014137132978278448,0.006385411147979812,0.014192900761230236,0.030003067228062348,0.048573738951008,0.028887711569026572,0.03828458299640298,0.039734545353149485,0.054122633354710986,0.008950729163762095,0.0016730334885536626,0.0038479770236734237,0.010679530435267546,0.010344923737556813,0.009759362016563031,0.005074868248612777,0.010428575411984496,0.0114045116136408,0.015977469815687477,0.02548587680896746,0.04770933831525528,0.05705044195967989,0.04001338426790843,0.061177257898112264,0.08607757298608594,0.021052338064300253,0.012687170621531942,0.011320859939213116,0.016005353707163373,0.010233388171653236,0.008644006357527257,0.008420935225720102,0.008588238574575469,0.0068594373030700165,0.014499623567465075,0.02161001589381814,0.04271812174107018,0.020494660234782365,0.011906421660206898,0.023032094359088755,0.017343780498006302
06,3772,03772,0603772,31111.0,1671,0.005207161454148051,0.27630098678923853,0.4824338658352351,0.23605798592137828,0.04358586994953553,0.027900099643213012,0.028382244222300793,0.02777152775545627,0.023817942206936452,0.021182218507923244,0.028607245025875094,0.024171514898267493,0.03040725145446948,0.05625020089357462,0.06126450451608756,0.12252900903217512,0.121468290958182,0.0886503166082736,0.12204686445308734,0.17196489987464242,0.000192857831635113,0.0,0.0,0.0,0.00064285943878371,0.0,0.0,0.0,0.0015107196811417183,0.000771431326540452,0.00035357269133104045,0.0005785734949053389,0.0011571469898106778,0.0,0.0,0.0,0.00970717752563402,0.007328597602134293,0.0040178714923981874,0.006332165472019543,0.003375012053614477,0.0032142971939185497,0.009482176722059721,0.011700041785863521,0.007328597602134293,0.010510751824113658,0.022146507666098807,0.036385844235157984,0.046318022564366304,0.027096525344733374,0.032303686798881424,0.03905371090611038,0.024525087589598534,0.007103596798559995,0.009353604834302979,0.014142907653241618,0.009835749413390762,0.008453601620005786,0.00970717752563402,0.006878595994985697,0.016007200025714378,0.022146507666098807,0.021246504451801613,0.058564494873195976,0.04599659284497445,0.0469930249750892,0.07412169329176176,0.10735752627687956,0.009160747002667866,0.013467905242518723,0.015010767895599627,0.007296454630195108,0.009964321301147504,0.009514319693998907,0.009417890778181351,0.005592877117418276,0.005560734145479091,0.0228215100768217,0.017517919706856094,0.027000096428915817,0.027996528559030568,0.01456076628845103,0.01562148436244415,0.02555366269165247
06,3773,03773,0603773,40573.0,2003,0.01180588075813965,0.32008971483498877,0.467675547778079,0.20042885662879253,0.02578069159293126,0.019397136026421513,0.01863308111305548,0.018509846449609346,0.017942966997757128,0.026643334237054197,0.02173859463189806,0.023513173785522392,0.017893673132378676,0.05535701082000345,0.06947970325093042,0.12503388953244768,0.1164074630912183,0.08278904690311291,0.14379020530894931,0.21709018312670988,0.0003697039903384024,0.0,0.0013555812979074754,0.0,0.0,0.0017252852882458777,0.00022182239420304143,0.0,0.0,0.002932984990017992,0.0002957631922707219,0.0018978138170704657,0.002119636211273507,0.0002957631922707219,0.0005915263845414438,0.0,0.009291893623838513,0.003943509230276292,0.001996401547827373,0.003918862297587066,0.0029083380573287653,0.007960959258620264,0.005151208932048406,0.009563009883420008,0.004510388682128509,0.018731668843812388,0.017918320065067904,0.0357380523993789,0.0469524067729771,0.03275577354398245,0.06090257067507949,0.05784635102161536,0.010499593325610629,0.003918862297587066,0.00837995711433712,0.005471619057008355,0.0027604564611934043,0.007788430729795677,0.009489069085352329,0.008872895768121657,0.008330663248958666,0.014862100411603777,0.031079782121115028,0.06642348359746629,0.049441746974589015,0.03874497818746457,0.06947970325093042,0.132132206146945,0.0056195006531437166,0.011534764498558154,0.006901141152983511,0.009119365095013926,0.012274172479234959,0.00916865896039238,0.006876494220294284,0.005077268133980726,0.005052621201291499,0.018830256574569295,0.02018583787247677,0.02097453971853203,0.017893673132378676,0.010992531979395164,0.01281640499839795,0.027111625958149508
06,3774,03774,0603774,54482.0,2840,0.02345728864579127,0.2519364193678646,0.39567196505267793,0.32893432693366614,0.04713483352299842,0.01855658749678793,0.01785910943063764,0.02182372159612349,0.016666054843801622,0.01763885319922176,0.02672442274512683,0.020355346720017622,0.020171799860504387,0.03239602070408575,0.053375426746448365,0.09327851400462538,0.07567637017730626,0.06470026797841488,0.11690099482397856,0.3567416761499211,0.003964612165485848,0.0010095077273227855,0.0008810249256635219,0.004258287140707023,0.0005689952644910246,0.0,0.0010645717851767557,0.0001284828016592636,0.0014316655042032232,0.00157850299181381,0.0010645717851767557,0.0025329466612826253,0.0038544840497779084,0.0007525421240042583,0.00036709371902646747,0.0,0.010113431959179178,0.005855144818472156,0.0015601483058624867,0.003230424727432914,0.002312690429866745,0.004203223082853052,0.00614881979369333,0.003891193421680555,0.004496898058074226,0.00941595389302889,0.008755185198781249,0.028743438199772403,0.0182996218934694,0.01611541426526192,0.037370140596894384,0.09142469072354172,0.013343856686612091,0.004294996512609669,0.005671597958958922,0.005469696413494365,0.00440512462831761,0.005432987041591718,0.010792555339378142,0.005800080760618186,0.005763371388715539,0.008167835248338902,0.020281927976212328,0.03147828640651958,0.028101024191476084,0.025788333761609338,0.044381630630299915,0.17649866010792556,0.019712932711721302,0.007396938438383319,0.00974633824015271,0.00886531331448919,0.009379244521126243,0.00800264307477699,0.008718475826878602,0.010535589736059616,0.008479864909511399,0.013233728570904152,0.023273741786278036,0.03052384273705077,0.025421240042582872,0.02204397782753937,0.03478212987775779,0.0888183253184538
06,3775,03775,0603775,53268.0,2594,0.021964406397837352,0.37142374408650597,0.36765037170533904,0.23896147781031765,0.04081249530675077,0.01845385597356762,0.023503792145378087,0.025568821806713223,0.019655327776526246,0.017421341142900053,0.016144777352256515,0.02299692122850492,0.02571900578208305,0.039104152586918975,0.06775174588871367,0.11293834947811068,0.08053615679207028,0.07715701734624915,0.10674326049410528,0.30549297889915145,0.004674476233385898,0.0012577907937223098,0.0011451528121949389,0.00024404895997597056,0.0013516557783284523,0.0017083427198317938,0.0,0.0009386498460614253,0.0015581587444619658,0.0004317789291882556,0.0003942329353457986,0.004787114214913269,0.001820980701359165,0.0,0.001332882781407224,0.0003191409476608846,0.013704287752496809,0.002834722535105504,0.0057445370578959225,0.005444169107156266,0.0036607343996395585,0.00439288127956747,0.008241345648419314,0.007302695802357888,0.008879627543741083,0.019392505819629046,0.033002928587519714,0.04357212585417136,0.03891642261770669,0.03446722234737554,0.047814823158369005,0.09405271457535481,0.014962078546219119,0.009104903506795825,0.009255087482165653,0.006288953968611549,0.005162574153337839,0.006701959900878576,0.0033979124427423596,0.00841030262071037,0.0051438011564166105,0.011451528121949389,0.020049560711872045,0.038203048734700006,0.027446121498836074,0.020781707591799956,0.037264398888638584,0.1440264323796651,0.007471652774648945,0.005256439137943982,0.007359014793121574,0.013591649770969438,0.009480363445220396,0.004618157242622213,0.004505519261094841,0.0063452729593752345,0.010137418337463393,0.007828339716152287,0.014305023653976122,0.02637606067432605,0.012352631974168356,0.021908087407073666,0.02033115566569047,0.06709469099647068
06,3776,03776,0603776,42609.0,2155,0.11389612523175854,0.4353775024055951,0.2356779084231031,0.2150484639395433,0.0857799995306156,0.038489520993217397,0.03557933769860828,0.0337956769696543,0.03496913797554507,0.02750592597807975,0.028491633223027998,0.019737614119082824,0.02400901218052524,0.05146799971836936,0.07888004881597785,0.121852190851698,0.08010044826210425,0.06294444835598113,0.08789222934121899,0.18850477598629398,0.03475791499448473,0.007416273557229693,0.003426506137201061,0.006782604614048675,0.007650965758407848,0.007298927456640616,0.0051866976460372225,0.0028867140744913045,0.002370391231899364,0.0029336525147269357,0.008730549883827361,0.00971625712877561,0.005491797507568823,0.00483465934426999,0.0026285526531953343,0.0017836607289539769,0.029547748128329696,0.004787720904034359,0.011711140838789926,0.007064235255462461,0.00748668121758314,0.011218287216315802,0.009763195569011241,0.006876481494519937,0.006594850853106151,0.020089652420850056,0.03452322279330658,0.06458729376422821,0.040061958741111035,0.035649745358961725,0.0492618930272947,0.09615339482269004,0.012039709920439344,0.002792837194020043,0.009317280386772748,0.009317280386772748,0.011077471895608908,0.005421389847215377,0.006946889154873384,0.006266281771456735,0.005280574526508484,0.01548968527775822,0.017695791968832877,0.027435518317726303,0.013635616888450797,0.013236640146447933,0.023023304935576992,0.056701635804642214,0.009434626487361824,0.0234926893379333,0.01112441033584454,0.010631556713370415,0.008754019103945175,0.0035673214579079538,0.006594850853106151,0.0037081367786148465,0.009763195569011241,0.012955009505034148,0.01793048417001103,0.02011312164096787,0.0209110751249736,0.009223403506301485,0.012978478725151963,0.033866084630007745
06,3778,03778,0603778,37067.0,1692,0.036636361183802306,0.32986214152750426,0.40505031429573474,0.2284511829929587,0.05697790487495616,0.04694202390266274,0.037904335392667333,0.0474276310464834,0.039226265950845766,0.040008633015890145,0.04640246040952869,0.03277848220789381,0.041384519923381984,0.07383926403539537,0.1128227264143308,0.12231904389349017,0.09822753392505464,0.07729247039145332,0.07292200609706748,0.05352469851889821,0.003938813499878598,0.0014837996061186501,0.0012140178595516228,0.006339871044325141,0.0006204980171041627,0.0010521488116114063,0.0008363234143577846,0.00059351984244746,0.0004856071438206491,0.0005125853184773518,0.00534167858202714,0.005800307551191086,0.006447783742951952,0.0014298432568052445,0.0005395634931340546,0.0,0.012706720263306985,0.007958561523727304,0.011546658753068767,0.008039496047697412,0.012814632961933796,0.00938840478053255,0.021231823454825046,0.007904605174413899,0.018156311543960937,0.02681630560876251,0.04400140286508215,0.040602152858337605,0.03480184530714652,0.03248172228667008,0.025845091321121214,0.015566406776917474,0.0257102004478377,0.01699625003372272,0.012679742088650282,0.021015998057571424,0.014163541694768932,0.010440553592143955,0.01246391669139666,0.014217498044082337,0.01305743653384412,0.03026951196482046,0.04386651199179863,0.05258046240591362,0.038228073488547766,0.03485580165645993,0.036717295707772414,0.02778751989640381,0.014622170663932878,0.020503412739094073,0.01246391669139666,0.012032265896889417,0.011627593277038875,0.019127525831602234,0.011870396848949201,0.010062859146950117,0.00968516470175628,0.01624086114333504,0.019613132975422883,0.023336121078047858,0.018749831386408396,0.008525103191518063,0.009820055575039793,0.010170771845576928
06,3779,03779,0603779,49590.0,2431,0.01982254486791692,0.3087719298245614,0.3964105666465013,0.27499495866102036,0.039403105464811454,0.019661222020568664,0.018652954224642065,0.016979229683403912,0.026174631982254486,0.019459568461383345,0.025529340592861462,0.013329300262149627,0.024702561000201653,0.05535390199637023,0.07348255696713046,0.15257108287961282,0.11746319822544868,0.08634805404315386,0.11377293809235733,0.19711635410364992,0.005061504335551523,0.0003831417624521073,0.0003226456946965114,0.0013914095583787054,0.0007864488808227465,0.0007259528130671506,0.0013712442024601734,0.0006452913893930228,0.0002621496269409155,0.0008872756604154064,0.0030449687436983263,0.0013914095583787054,0.0011897559991933858,0.0023593466424682396,0.0,0.0,0.004375882234321436,0.005464811453922162,0.004557370437588223,0.003992740471869328,0.00873159911272434,0.002198023795119984,0.006876386368219399,0.0026819923371647508,0.006049606775559589,0.016777576124218593,0.022605363984674328,0.05888283928211333,0.037487396652550915,0.028533978624722726,0.037890703770921554,0.06166565839887074,0.017644686428715466,0.004517039725751159,0.003932244404113733,0.003690260133091349,0.006977213147812059,0.006977213147812059,0.007783827384553337,0.002540834845735027,0.00812663843516838,0.016676749344625933,0.02373462391611212,0.053196208913087316,0.04793305101835047,0.04037104254890099,0.05426497277676951,0.0980439604759024,0.012321032466223028,0.009296229078443234,0.009840693688243597,0.007904819520064528,0.009679370840895343,0.00955837870538415,0.009497882637628553,0.007461181689856826,0.010264166162532768,0.021012300867110305,0.024097600322645695,0.039100625126033475,0.030852994555353903,0.015083686227061908,0.021617261544666262,0.03740673522887679
06,3780,03780,0603780,44489.0,2014,0.05504731506664569,0.46595787722807885,0.34864798039964934,0.1303468273056261,0.0534514149565061,0.04396592416102857,0.045337049607768215,0.037897008249230146,0.04351637483422868,0.03252489379397154,0.04783204837150756,0.027130301872372947,0.0419204747240891,0.0758164939648003,0.10715008204275214,0.1542178965586999,0.08840387511519701,0.06621861583762279,0.06552181438108297,0.06909573152914203,0.0043156735372788775,0.0016633325091595676,0.0016183775764795792,0.005147339791858662,0.0024949987637393513,0.0004720267931398773,0.005124862325518668,0.0037762143451190184,0.0043156735372788775,0.0073950864258580775,0.006765717368338241,0.008586392141877768,0.0033716199509991234,0.0,0.0,0.0,0.018274180134415247,0.010474499314437277,0.02157836768639439,0.013329137539616535,0.020611836633774642,0.015239722178516038,0.021488457821034413,0.011845624761176921,0.01688057722133561,0.03223268673155162,0.06095888871406415,0.08280698599653848,0.045382004540448204,0.03764975611949021,0.032097821933511655,0.025107329901773473,0.020634314100114636,0.01854390973049518,0.011823147294836927,0.01319427274157657,0.015194767245836049,0.011980489559216885,0.01335161500595653,0.0076648160219380075,0.014992470048776102,0.027737193463552787,0.03128863314527187,0.05136101058688665,0.029512913304412327,0.021488457821034413,0.024680258041313585,0.03519971228843085,0.01022724718469734,0.013284182606936546,0.010317157050057318,0.006226258176178381,0.005214772190878644,0.004832655263098743,0.007867113218997955,0.0038436467441390005,0.00573175391669851,0.008451527343837802,0.008136842815077884,0.01146350783339702,0.010137337319337364,0.007080401897098159,0.008743734406257727,0.008788689338937715
06,3781,03781,0603781,27297.0,1480,0.019709125544931677,0.32879070960178775,0.40916584240026377,0.2423343224530168,0.03667069641352529,0.022529948345972085,0.03253104736784262,0.026742865516357107,0.02773198519983881,0.02949042019269517,0.04209253764149907,0.025717111770524232,0.03809942484522109,0.05568377477378467,0.09257427556141701,0.13635198007107008,0.1322489650877386,0.10916950580649888,0.1187676301425065,0.07359783126350881,0.002967359050445104,0.00124555811993992,0.0017584349928563578,0.0,0.0,0.0,0.0014653624940469648,0.0,0.0,0.002381214052826318,0.0008792174964281789,0.003663406235117412,0.0010257537458328754,0.002417848115177492,0.001501996556398139,0.00040297468586291535,0.00978129464776349,0.002747554676338059,0.006410960911455471,0.004762428105652636,0.008499102465472396,0.005824815913836686,0.018610103674396455,0.006447594973806646,0.013261530571125031,0.01758434992856358,0.024544821775286663,0.05616001758434993,0.04469355606843243,0.04755101293182401,0.03927171484045866,0.022639850533025606,0.00915851558779353,0.00479906216800381,0.008718906839579441,0.009121881525442356,0.00941495402425175,0.012565483386452725,0.008352566216067699,0.013005092134666814,0.015056599626332564,0.021577462724841557,0.04418067919551599,0.04938271604938271,0.05865113382422977,0.04425394732021834,0.06227790599699601,0.0386489357804887,0.014763527127523171,0.013737773381690296,0.01564274462395135,0.012858555885262116,0.009817928710114665,0.011100120892405758,0.013664505256987947,0.006264424662050775,0.00978129464776349,0.014140748067553211,0.022969557094186174,0.027145840202220023,0.027878521449243507,0.014946697439279042,0.0157160127486537,0.01190607026413159
06,3782,03782,0603782,38017.0,1877,0.012941578767393535,0.3748060078385985,0.423468448325749,0.18878396506825892,0.051345450719415,0.04497987742325801,0.04676855091143436,0.041718178709524684,0.0346687008443591,0.03624694215745587,0.049083304837309626,0.043007075781887054,0.04198121892837415,0.08243680458742142,0.10374306231422785,0.15348396769866113,0.09919246652813216,0.05226609148538812,0.0724675802930268,0.04661072678012468,0.00044716837204408555,0.0015782413130967724,0.0,0.0,0.0,0.00076281663466344,0.0,0.0,0.0008154246784333324,0.0023410579477602124,0.0038403871952021463,0.0012099850067075256,0.0006049925033537628,0.0,0.0013415051161322566,0.0,0.014598732146145146,0.010653128863403215,0.0145724281242602,0.014388299971065575,0.017834126837993527,0.011547465607491385,0.021911250230160193,0.015361548780808585,0.018307599231922562,0.03340610779388169,0.03869321619275587,0.06860088907593971,0.03314306757503222,0.02246363468974406,0.025725333403477393,0.01359917931451719,0.021595601967540838,0.01825499118815267,0.015440460846463425,0.01704500618144514,0.006628613515006445,0.017544782597259122,0.018965199779046215,0.019044111844701055,0.016071757371702133,0.03537890943525265,0.04803114396191178,0.05842123260646553,0.04824157613699134,0.023884051871531156,0.033800668122155875,0.02512034090012363,0.01470394823368493,0.014493516058605362,0.016755661940710733,0.010284872557013967,0.010205960491359129,0.0063918773180419285,0.008206854828103217,0.00860141515637741,0.0067864376463161215,0.01131072941052687,0.01317831496435805,0.02525186100954836,0.01720283031275482,0.005918404924112897,0.011600073651261278,0.007891206565483862
06,3900,03900,0603900,44513.0,1988,0.01651203019342664,0.3266236829690203,0.37074562487363244,0.28611866196392066,0.05996001168198054,0.046143823152786825,0.034327050524565854,0.04216745669804327,0.046930110304854764,0.03904477343697347,0.04142610024037922,0.03311392177566104,0.042976209197313146,0.06249859591579988,0.11223687462089726,0.1442499943836632,0.08826634915642621,0.05928605126592232,0.07986430930290028,0.06750836834183273,0.0008986138880776402,4.493069440388201e-05,0.0009435445824815223,0.0003594455552310561,0.00013479208321164605,0.002740772358636803,0.0010783366656931684,0.0,0.002942960483454272,0.0008087524992698762,0.0022914654145979826,0.0021117426369824544,0.002156673331386337,0.0,0.0,0.0,0.023790802686855524,0.01296250533551996,0.009300653741603576,0.007458495271044414,0.015298901444521826,0.016309842068609172,0.010828297351335565,0.010131871588075395,0.018578842136005212,0.01985936692651585,0.03904477343697347,0.04935636780266439,0.025138723518971985,0.02215083234111383,0.026082268101453508,0.02033113921775661,0.017567901511917866,0.01406330734841507,0.008806416103160875,0.01761283220632175,0.01606272324938782,0.00916586165839193,0.014782198458877183,0.01091815874014333,0.012895109293914138,0.025992406712645744,0.037225080313616245,0.05697212050412239,0.03839327836811718,0.02172399074427695,0.03679823871677937,0.031766000943544585,0.017702693595129514,0.019073079774447915,0.015276436097319884,0.01673668366544605,0.015433693527733472,0.010828297351335565,0.0147372677644733,0.01206389144744232,0.008559297283939523,0.01583806977736841,0.03367555545570957,0.03580976343989396,0.02257767393795071,0.01541122818053153,0.0169838024846674,0.01541122818053153
06,4103,04103,0604103,40644.0,1883,0.0063970081684873534,0.18630056096840863,0.39516287766952074,0.4121395531935833,0.048592658202932786,0.025883279204802677,0.021159334711150477,0.019781517567168585,0.019117212872748746,0.02083948430272611,0.03053341206574156,0.02226650920185021,0.02642456451136699,0.049650624938490304,0.0746481645507332,0.1048863300856215,0.09814486763113867,0.06704556638126169,0.10892136600728275,0.26210510776498375,0.0,0.0,0.0,0.0,0.0,0.0009841551028442082,0.0,0.0,0.0002706426532821573,0.0009103434701308926,0.0027064265328215725,0.0008611357149886823,0.0006643046944198405,0.0,0.0,0.0,0.006839877964767247,0.00415805530951678,0.0008119279598464718,7.381163271331562e-05,0.0,0.004502509595512252,0.0024111800019683102,0.0006397008168487353,0.0010825706131286292,0.006667650821769511,0.02438244267296526,0.026941245940360202,0.016853656136207065,0.009595512252731031,0.025243578387953942,0.05609684086211987,0.02047042613915953,0.005658891841354197,0.0036659777580946755,0.006618443066627301,0.005437456943214251,0.0021159334711150475,0.009423285109733294,0.01247416592855034,0.010235213069579766,0.01724731817734475,0.013507528786536759,0.03304300757799429,0.04121149493160122,0.030213561657317194,0.043548863300856215,0.1402913099104419,0.021282354099006005,0.0160663320539317,0.01668142899320933,0.01308926286782797,0.013679755929534495,0.013236886133254602,0.018698946954039956,0.009152642456451136,0.01483613817537644,0.024825312469245152,0.03405176655840961,0.04404094085227832,0.03941541186891054,0.02723649247121346,0.04012892431847259,0.06571695699242201
06,4104,04104,0604104,62557.0,3018,0.011621401282030788,0.22841568489537542,0.4176670876160941,0.3422958262064997,0.03515194142941637,0.01544191697172179,0.016193231772623367,0.025368863596400084,0.024793388429752067,0.013267899675495947,0.022507473184455777,0.01871892833735633,0.020781047684511725,0.04813210352158831,0.054494301197308054,0.09511325670988059,0.06929680131719872,0.06753840497466311,0.1090045878159119,0.3641958533817159,0.0009431398564509168,0.0,0.001087008648112921,0.0011029940694086992,0.0006234314305353518,0.0,0.00019182505554933901,0.0004156209536902345,0.0003676646898028998,0.0038045302683952236,0.0,0.001598542129577825,0.0004795626388733475,0.0,0.0010070815416340297,0.0,0.005355116134085714,0.0015186150230989339,0.0025097111434371853,0.003756574004507889,0.005099349393353262,0.0031491279952683155,0.008152564860846907,0.0040123407452403404,0.004395990856339019,0.01040650926355164,0.010358552999664306,0.020045718304905927,0.01852710328180699,0.01325191425420017,0.021052799846539957,0.09682369678852887,0.01590549418929936,0.002685550777690746,0.0034848218424796584,0.009527311092283837,0.0065700081525648605,0.004044311587831897,0.0073852646386495515,0.008328404495100469,0.009431398564509167,0.014402864587496204,0.022619371133526224,0.030628067202711128,0.023226817142765796,0.023962146522371598,0.04818005978547565,0.187285195901338,0.012948191249580382,0.01123775117093211,0.009111690138593602,0.010981984430199657,0.012500599453298592,0.0060744600923957354,0.006777818629409978,0.005962562143325288,0.006585993573860639,0.019518199402145244,0.021516377064117524,0.04284092907268571,0.027063318253752577,0.03032434419809134,0.03876464664226226,0.08008696069184904
06,4701,04701,0604701,34195.0,1468,0.017195496417604914,0.35578300921187306,0.39456060827606376,0.23246088609445825,0.0646878198567042,0.041175610469366866,0.051937417751133204,0.041468050884632256,0.06240678461763416,0.03485889749963445,0.04813569235268314,0.03249013013598479,0.04605936540429888,0.07892966808012868,0.1172978505629478,0.14233075010966514,0.09165082614417312,0.05693814885217137,0.04094165813715456,0.04869132914168738,0.001052785494955403,0.0,0.0,0.0004386606228980845,0.0005556367890042404,0.00011697616610615587,0.002631963737388507,0.00029244041526538966,0.001754642491592338,0.0008480772042696301,0.0062289808451528005,0.0012574937856411755,0.0011405176195350198,0.0,0.0004386606228980845,0.0004386606228980845,0.020587805234683433,0.0028951601111273577,0.015411609884486036,0.009416581371545548,0.023892381927182335,0.01833601403713993,0.024535750840766195,0.016581371545547594,0.017663401082029538,0.03503436174879369,0.046088609445825414,0.049042257640005846,0.0323439099283521,0.024623482965345812,0.01046936686650095,0.008860944582541308,0.025296095920456205,0.017078520251498756,0.013393771019154847,0.010293902617341717,0.02155285860505922,0.008042111419798216,0.012604181897938296,0.009241117122386313,0.015353121801432957,0.03213920163766633,0.045942389238192716,0.07056587220353853,0.04012282497441146,0.02295657259833309,0.023599941511916946,0.02637812545693815,0.017751133206609152,0.021201930106740752,0.023132036847492324,0.021318906272846907,0.016405907296388363,0.008363795876590144,0.008363795876590144,0.006375201052785495,0.011288200029244041,0.010908027489399034,0.019037871033776868,0.0214651264804796,0.01804357362187454,0.009358093288492469,0.006433689135838573,0.013013598479309841
06,4702,04702,0604702,50409.0,2478,0.03991350750857982,0.38475272272808425,0.361760796683132,0.21357297308020393,0.07244738042809816,0.048979348925787064,0.04818583983018905,0.046717848003332736,0.050407665297863474,0.03463667202285306,0.05830308079906366,0.03503342657065207,0.057807137614314906,0.08226705548612351,0.09712551330119622,0.11095240929199152,0.09137257235811065,0.05919577853161142,0.0527881925846575,0.053780078954155014,0.00765736277252078,0.0015473427364161162,0.0016663691007558173,0.003035172290662382,0.0019837727389950205,0.0012101013707869627,0.0008331845503779087,0.0013092900077367137,0.002321014104624174,0.004919756392707651,0.0033327382015116347,0.004860243210537801,0.004066734114939793,0.0005356186395286556,0.0006348072764784066,0.0,0.018409411017873793,0.012596956892618381,0.015394076454601361,0.015532940546331012,0.020829613759447717,0.006526612311293618,0.026939633795552382,0.016762879644507924,0.024559106508758356,0.03626336566882898,0.03981431887163007,0.046221904818583986,0.03669979567140788,0.031026205637882123,0.02305143922712214,0.014124461901644547,0.02493602332916741,0.020551885575988416,0.013330952806046539,0.01255728143783848,0.016068559185859668,0.017576226467495883,0.019440972842151204,0.009442758237616299,0.022535658314983435,0.023388680592751294,0.029280485627566508,0.037790870677855144,0.034200242020274156,0.022337281041083932,0.026046936063004622,0.03227598246344899,0.021444583308536175,0.01428316372076415,0.017794441468785335,0.015592453728500863,0.01152571961356107,0.009323731873276597,0.011089289610982166,0.0075184986807911285,0.008391358685948938,0.017695252831835585,0.02469797060048801,0.02207939058501458,0.01640580055148882,0.005296673213116706,0.003055010018052332,0.007379634589061477
06,5301,05301,0605301,65750.0,3713,0.0259467680608365,0.2926235741444867,0.3451558935361217,0.33627376425855515,0.04003041825095057,0.022585551330798478,0.022524714828897337,0.02629657794676806,0.029749049429657795,0.02790874524714829,0.028319391634980987,0.034874524714828894,0.03309505703422053,0.05984790874524715,0.08669201520912548,0.1384486692015209,0.09545247148288974,0.07742965779467681,0.10316349809885932,0.17358174904942966,0.0020228136882129277,0.0002129277566539924,0.0013840304182509507,0.004258555133079848,0.0003650190114068441,0.0024486692015209125,0.001855513307984791,0.001870722433460076,0.0015361216730038023,0.002250950570342205,0.0027680608365019013,0.0013079847908745246,0.0011102661596958175,0.002296577946768061,0.0002585551330798479,0.0,0.007026615969581749,0.0026920152091254755,0.004456273764258555,0.00488212927756654,0.011300380228136881,0.006752851711026616,0.006174904942965779,0.011954372623574145,0.009353612167300381,0.020319391634980987,0.026646387832699618,0.051634980988593156,0.025125475285171103,0.024942965779467682,0.036182509505703425,0.0431787072243346,0.017779467680608365,0.006342205323193916,0.005399239543726236,0.004699619771863118,0.0036806083650190113,0.0075893536121673,0.007452471482889734,0.009688212927756654,0.01064638783269962,0.018615969581749048,0.024958174904942967,0.04409125475285171,0.03885931558935361,0.02947528517110266,0.036212927756653995,0.07966539923954373,0.013201520912547528,0.013338403041825096,0.011285171102661596,0.012456273764258554,0.014403041825095057,0.01111787072243346,0.012836501901140685,0.011361216730038023,0.01155893536121673,0.018661596958174907,0.03231939163498099,0.04141444866920152,0.0303574144486692,0.020714828897338403,0.030509505703422053,0.05073764258555133
06,5302,05302,0605302,47579.0,2061,0.026419218562811323,0.37886462514975094,0.3859896172681225,0.20872653901931523,0.03858845288887955,0.026188024128291895,0.0322621324533933,0.03594022572983879,0.03497341264003027,0.035057483343491874,0.03829420542676391,0.04321234157926816,0.027491120031946866,0.06429307047226718,0.09666029130498749,0.18329515122217785,0.10424767229239791,0.07074549696294584,0.0764202694466046,0.09233065007671452,0.0006305302759620842,0.0003573004897118477,0.001408184282981988,0.002122785262405683,0.002122785262405683,0.0009037600622123206,0.0,0.00044137119317345886,0.0011980075243279598,0.0012610605519241683,0.003194686731541226,0.004749994745581034,0.002816368565963976,0.0041614998213497555,0.0010508837932701402,0.0,0.01086613842241325,0.005128312911158284,0.012694676222703294,0.012337375732991446,0.012022110595010405,0.01565816851972509,0.019462367851362995,0.01042476722923979,0.017486706320015134,0.03337606927425965,0.0397654427373421,0.07869017844006809,0.03583513735051178,0.028605056852813216,0.024086256541751613,0.022425860148384793,0.011832951512221778,0.007755522394333634,0.00981525462914311,0.012316358057126043,0.010319678849912776,0.008491141049622732,0.006725656276928897,0.01918913806511276,0.005065259883562076,0.01769688307866916,0.03379642279156771,0.06916917127304063,0.04787826562138759,0.028773198259736437,0.0434855713655184,0.05367914416023876,0.015258832678282435,0.012946888333088127,0.008344017318564913,0.009163706677315623,0.010508837932701402,0.010004413711931734,0.012106181298472015,0.013157065091742155,0.0037411463040416993,0.011959057567414196,0.019903739044536455,0.030685806763488095,0.017717900754534565,0.009205742029046428,0.00779755774606444,0.016225645768090966
06,5303,05303,0605303,38906.0,1997,0.025754382357476995,0.34220942785174524,0.4095512260319745,0.22248496375880328,0.03523878065079936,0.02660258057883103,0.023595332339484913,0.02439212460802961,0.03827173186655015,0.025548758546239655,0.03128052228448054,0.03963398961599753,0.04289826761939033,0.06523415411504652,0.09779982521976045,0.13211329871999178,0.12129234565362669,0.08834112990284275,0.0967974091399784,0.11095974913895029,0.003547010743844137,0.0011309309618053771,0.0,0.0,0.008045031614660978,0.0,0.0018506143011360716,0.0008224952449493652,0.0012337428674240476,0.003547010743844137,0.0003598416696653472,0.0,0.0007710892921400298,0.00023132678764200895,0.004215288130365496,0.0,0.007248239346116281,0.006322932195548244,0.008816120906801008,0.0069398036292602685,0.009818536986583047,0.009895645915797049,0.01143782450007711,0.017837865624839355,0.018763172775407393,0.022361589472060864,0.040507890813756234,0.03953117771037886,0.0440291985811957,0.03647252351822341,0.03284840384516527,0.029378502030535138,0.01318562689559451,0.005628951832622218,0.0029815452629414485,0.006091605407906236,0.010152675679843726,0.007633783992186295,0.013134220942785175,0.011155091759625764,0.01164344831131445,0.02657687760242636,0.03580424613170205,0.06073613324422968,0.057728885004883566,0.03613838482496273,0.04685652598570914,0.06410322315324114,0.011257903665244436,0.01351976558885519,0.011797666169742456,0.011360715570863105,0.010255487585462396,0.00801932863825631,0.004857862540482188,0.009818536986583047,0.011257903665244436,0.01274867629671516,0.02112784660463682,0.03184598776538323,0.018763172775407393,0.015498894772014599,0.012877191178738498,0.017478023955174008
06,5500,05500,0605500,49663.0,3122,0.017598614662827458,0.2770472987938707,0.374081308016028,0.3312727785272738,0.03972776513702354,0.032056057829772666,0.016672371785836537,0.027203350582928942,0.029196786339931134,0.02901556490747639,0.0296397720637094,0.02750538630368685,0.03547912933169563,0.054024122586231196,0.07583110162495217,0.12951291706099108,0.09153695910436341,0.07931458027102672,0.12266677405714516,0.18061736101322917,0.004027142943438778,0.0,0.0010067857358596944,0.0007651571592533677,0.0017316714656786742,0.00022149286188913276,0.0018524857539818375,0.0,0.0006242071562330105,0.0020538429011537763,0.0021545214747397457,0.0020941143305881643,0.0008255643034049494,0.00024162857660632665,0.0,0.0,0.006745464430259952,0.002859271489841532,0.0018323500392646438,0.0030807643517306647,0.00875903590197934,0.007107907295169442,0.00875903590197934,0.010651793085395565,0.010309485935203271,0.010490707367658015,0.019451100416809294,0.043795179509896705,0.02802891488633389,0.02812959345991986,0.0385397579687091,0.04850693675372007,0.010551114511809597,0.009987314499728167,0.004168092946459134,0.01077260737369873,0.008054285886877555,0.009725550208404647,0.005577592976662707,0.0075106215895133195,0.010530978797092402,0.019491371846243683,0.02855244346898093,0.03884179368946701,0.03658659364114129,0.03310311499506675,0.05311801542395747,0.08750981616092464,0.018404043251515213,0.01920947184020297,0.009665143064253066,0.01258482169824618,0.010651793085395565,0.011960614542013168,0.013450657431085516,0.009342971628777964,0.014014457443166945,0.021988200471175723,0.025673036264422206,0.0447818295310392,0.026095886273483276,0.017840243239433784,0.031009000664478585,0.04460060809858446
06,5700,05700,0605700,43079.0,2086,0.01007451426449082,0.2226374799786439,0.35335082058543604,0.41393718517142924,0.06047029875345296,0.03732677174493373,0.037674969242554375,0.04626384085053042,0.03953202256319784,0.02374706933772836,0.03563221058984656,0.03762854290953829,0.030386034959028762,0.05819540843566471,0.0928758791986815,0.13338285475521716,0.09259732120058498,0.06330230506743424,0.09498827735091343,0.11599619304069268,0.001671347988579122,0.0,0.0,0.0006731818287332575,0.0022516771512802063,0.0,0.000580329162701084,0.0,0.0,0.0,0.002507021982868683,0.0016481348220710786,0.0007428213282573876,0.0,0.0,0.0,0.013022586411012326,0.004735485967640846,0.008054968778291047,0.0010445924928619513,0.006987163118921052,0.005199749297801713,0.00573365212748671,0.006360407623203881,0.0065925392882843145,0.01857053320643469,0.021518605352956195,0.03605004758699134,0.022957821676454885,0.0190580097031036,0.021448965853432065,0.025302351493767264,0.02154181851946424,0.010654843427191904,0.012117272917198635,0.01304579957752037,0.01416003156990645,0.006755031453840619,0.009772743099886256,0.01084054875925625,0.009354906102741475,0.014554655400543189,0.03108242995427006,0.03858028273636807,0.03349659927110657,0.024350611666937486,0.04686738317973955,0.05617586294946494,0.02423454583439727,0.021936442350100976,0.017502727547064695,0.03150026695141484,0.016133150723090135,0.011792288586086028,0.019545486199772512,0.02042758652707816,0.014438589568002971,0.025070219828686832,0.03776782190858655,0.05710438960978667,0.035400078924766126,0.019893683697393163,0.026671928317741823,0.03451797859746048
06,5906,05906,0605906,64265.0,3224,0.011265852330195286,0.28715474986384504,0.43010970201509374,0.27146969579086594,0.03647397494748308,0.019295106200886952,0.01769236754065199,0.015638372364428537,0.018283669182292073,0.025690500272309968,0.02228273554812106,0.0268264218470396,0.028538084493892477,0.050696335485878784,0.06508986228895977,0.1327627791177157,0.1008791721777017,0.09773593713529916,0.13436551777795067,0.20774916361938847,0.0010114370185948806,0.0001867268342021318,0.00015560569516844317,0.00012448455613475452,0.0001711662646852875,0.00021784797323582043,0.00015560569516844317,0.0005290593635727068,0.0008869524624601261,0.0020539951762234498,0.002863144791099354,0.0007780284758422158,0.0012604061308643896,0.0,0.00024896911226950905,0.0006224227806737727,0.013257605228351357,0.0016338597992686533,0.0017272232163697192,0.002302964288492959,0.00580409242978293,0.007951451023107447,0.003501128141289971,0.003827900101143702,0.009102933167353925,0.011732669415700614,0.016961020773360307,0.04689955652376877,0.02786898000466817,0.03466894888352914,0.04426982027542208,0.05564459659223528,0.010534505562903602,0.0039057029487279235,0.0075001945071189605,0.004963821675873337,0.006862211156928344,0.004139111491480588,0.009600871391892944,0.011374776316813195,0.009351902279623434,0.02124017739049249,0.023060764023963277,0.05461759900412355,0.04198241655644597,0.04548354469773594,0.0661479810161052,0.10934412199486501,0.011670427137633237,0.013568816618688244,0.008309344121994865,0.008247101843927488,0.005446199330895511,0.013382089784486113,0.009025130319769703,0.011094686065509998,0.009196296584454991,0.015669493503462226,0.02220493270053684,0.030467595113981172,0.02976736948572318,0.017583443554034076,0.023698747374153895,0.04213802225161441
06,5907,05907,0605907,64907.0,3135,0.0370684209715439,0.32794613832098235,0.3876931609841774,0.2472922797232964,0.049224274731538974,0.02842528540835349,0.02338730799451523,0.025374766974286287,0.02877963855978554,0.026114286594666216,0.03110604403223073,0.02791686566934229,0.036205648081100654,0.051889626696658295,0.08131634492427627,0.1359791701973593,0.09980433543377448,0.08533748286009213,0.11245320227402283,0.1566857195679973,0.006070223550618577,0.001170906065601553,0.0009706195017486558,0.0014328192644861109,0.003974917959542114,0.0030042984577934584,0.0013865992882123653,0.0014174126057281957,0.0008319595729274192,0.0034048715854992527,0.004776064214953703,0.005546397152849461,0.0011246860893278075,0.0001078466113054062,0.0003697598101899641,0.0014790392407598564,0.012017193831173834,0.006224290138197729,0.005115010707627837,0.006855963147272251,0.009351841866054509,0.006424576702050626,0.0116782473384997,0.006932996441061827,0.014220346033555703,0.019258323447393963,0.03451091561772998,0.048453941793643214,0.0374689940992497,0.03221532346280062,0.03199963024018981,0.04521854345448103,0.018549617144529865,0.008319595729274192,0.007996055895357974,0.00676352319472476,0.009490501794875745,0.006131850185650238,0.010707627836751044,0.009767821652518218,0.011739873973531361,0.015776418568105136,0.021107122498343785,0.051612306839015826,0.0418444851864976,0.0341257491487821,0.052659959634554054,0.08110065170166546,0.012587240205216694,0.012710493475280017,0.009305621889780763,0.010322461367803164,0.005962376939313171,0.010553561249171893,0.007333569568767621,0.009798634970034048,0.00941346850108617,0.013450013095659944,0.0209222425932488,0.030366524411850802,0.01936617005869937,0.018888563637204,0.027423852589089005,0.028887485171090944
06,5908,05908,0605908,62704.0,3332,0.013316534830313856,0.25263141107425363,0.3994800969635111,0.3345719571319214,0.03739793314621077,0.019297014544526665,0.020588798162796632,0.035308752232712425,0.031130390405715743,0.021593518754784383,0.03682380709364634,0.03168856851237561,0.028259760142893595,0.05447818321000255,0.07849578974228119,0.11305498851747894,0.11080632814493493,0.09391745343199796,0.11476141872926766,0.17239729522837458,0.0014831589691247768,0.0005581781066598623,0.0,0.0,0.0004146465935187548,0.00015947945904567492,0.0009568767542740495,0.0023762439397805564,0.0006060219443735647,0.0008452411329420771,0.001658586374075019,0.0021529726971166114,0.001132304159224292,0.0003986986476141873,0.00036680275580505234,0.0002073232967593774,0.012152334779280429,0.0045132686909926,0.0013874712936973717,0.003763715233477928,0.0032852768563409033,0.0020572850216892063,0.0073520030620056135,0.005964531768308242,0.007208471548864506,0.01704835417198265,0.02039742281194182,0.030795483541719827,0.033267415156927785,0.025149910691502936,0.03656863995917326,0.04171982648634856,0.011020030620056137,0.0024559836693033936,0.006283490686399592,0.007989920898188313,0.007272263332482776,0.006698137279918346,0.015549247256953305,0.008245088032661394,0.007383898953814748,0.011115718295483542,0.027127455983669304,0.049119673386067875,0.046902908905332996,0.047445139066088285,0.05419112018372034,0.09068002041337075,0.012742408777749426,0.011769584077570809,0.012917836182699668,0.023555116101046186,0.02015820362337331,0.012678616994131156,0.012965680020413371,0.015102704771625414,0.013061367695840776,0.025468869609594283,0.02931232457259505,0.030986858892574635,0.02950369992344986,0.020923705026792548,0.023634855830569023,0.03979012503189589
06,5909,05909,0605909,43323.0,1871,0.024005724441982318,0.34485146458001525,0.4035269948987836,0.22761581607921888,0.07247882187290816,0.027906654663804445,0.03453131131269764,0.028645292338942363,0.04417976594418669,0.038016757842254695,0.04020958844032038,0.03900930221822127,0.04099439097015442,0.057290584677884726,0.09099092860605221,0.13357800706322276,0.1034323569466565,0.08390462341019782,0.08365071670936916,0.08118089698312675,0.0009694619486185168,0.0011541213674029962,0.0003231539828728389,0.0,0.0011541213674029962,0.002700643999723011,0.0,0.0023774900168501718,0.0023313251621540523,0.0009694619486185168,0.0017080996237564341,0.007917272580384552,0.0,0.0,0.0,0.0024005724441982317,0.013687879417399533,0.003947095076518247,0.010040855896406065,0.008702075110218591,0.014634258938669991,0.012095191930383399,0.01830436488701152,0.018904507998061076,0.012649170186736837,0.017404150220437183,0.0365164000646308,0.04614177226877179,0.039517115619878584,0.031207441774577016,0.03333102509059853,0.027768160099716086,0.02959167186021282,0.007824942870992314,0.006809316067677677,0.011356554255245482,0.01691941924612792,0.015788380306072988,0.00886365210165501,0.009486877640052628,0.016134616716293886,0.025367587655517856,0.04020958844032038,0.05904484915633728,0.043671952542529376,0.034762135586178244,0.038016757842254695,0.03967869261131501,0.028229808646677283,0.01498049534889089,0.017357985365741062,0.008586662973478291,0.01147196639198578,0.007432541606075295,0.013041571451653857,0.008240426563257392,0.009879278904969646,0.013549384853311175,0.012556840477344598,0.02047411305772915,0.020243288784248553,0.01793504604944256,0.012302933776515939,0.011333471827897422
06,5912,05912,0605912,52955.0,2831,0.023472759890473042,0.2864696440373902,0.4241714663393447,0.265886129732792,0.08069115286564064,0.03835331885563214,0.04256444150693985,0.03657822679633651,0.03499197431781702,0.031932773109243695,0.0336700972523841,0.029572278349542062,0.03491643848550656,0.05421584364082712,0.09902747615900293,0.11738268341044283,0.09472193371730715,0.06384666226040978,0.10006609385327164,0.10746860541969597,0.0016429043527523368,0.0012652251912000756,0.0012652251912000756,0.0003587952034746483,0.0010197337361911056,0.0006609385327164573,0.002757057879331508,0.0012085733169672364,0.0,0.005608535549051081,0.0027004060050986687,0.0011896893588896232,0.0,0.0019072797658389198,0.0018883958077613068,0.0,0.027664998583703145,0.0045888018128599755,0.0046832216032480405,0.006533849494854122,0.009649702577660277,0.010084033613445379,0.01144367859503352,0.005193088471343594,0.011028231517326032,0.017448777263714476,0.030497592295345103,0.03861769426871872,0.02504012841091493,0.016731186856765178,0.03752242470021717,0.029742233972240583,0.028798036068359928,0.010707204230006609,0.013634217732036635,0.010235105278066283,0.012576716079690303,0.010537248607308092,0.011896893588896233,0.014616183552072514,0.015900292701350204,0.01809083183835332,0.037144745538664904,0.05193088471343594,0.04889056746294023,0.03274478330658106,0.04787083372674913,0.05859692191483335,0.02258521386082523,0.02179208762156548,0.022981776980455105,0.01945047681994146,0.011745821924275328,0.01065055235577377,0.00757246718912284,0.008554433009158719,0.007987914266830327,0.013067698989708243,0.02868473231989425,0.025644415069398546,0.020791237843451986,0.012463412331224624,0.012784439618544047,0.019129449532622037
06,5913,05913,0605913,44317.0,2338,0.016020940045580703,0.28246496829659046,0.47661168400388115,0.2249024076539477,0.05930004287293815,0.025204774691427668,0.03747997382494302,0.035968138637543154,0.0396236207324503,0.028905386194913917,0.03389218584290453,0.03391475054719408,0.03472707990161789,0.06683665410564794,0.08694180562763724,0.14319561342148612,0.11063474513166505,0.07649434754157547,0.09975855766410181,0.08712232326195365,0.002752893923325135,0.00045129408579100573,0.0,0.0,0.0,0.0012861881445043663,0.00020308233860595257,0.0016246587088476205,0.0,0.0023241645418236793,0.002053388090349076,0.003001105670510188,0.0004287293815014554,0.0006092470158178577,0.0010831058058984138,0.00020308233860595257,0.01678813999142541,0.002843152740483336,0.005618611368098021,0.008867928785793263,0.004761152605095111,0.00956743461876932,0.013493693165151071,0.0079427759099217,0.009747952253085723,0.01981181036622515,0.025746327594376877,0.047656655459530205,0.027370986303224498,0.025452986438612723,0.0315003271882122,0.02529503350858587,0.02290317485389354,0.005799129002414424,0.010492587494640883,0.012771622627885462,0.019969763296252004,0.009928469887402126,0.014102940180968929,0.016043504749870253,0.016291716497055304,0.028882821490624367,0.04059390301690096,0.06742333641717625,0.06665613647133155,0.042195997021459035,0.05562199607374145,0.04693458492226459,0.016855834104294063,0.016111198862738905,0.021368774962204122,0.01432858722386443,0.014892704831103188,0.008123293544238103,0.006092470158178577,0.008303811178554506,0.00868741115147686,0.01581785770697475,0.018548186926010336,0.025114515874269466,0.016178892975607553,0.008236117065685854,0.011553128596249747,0.014689622492497235
06,5914,05914,0605914,76745.0,3754,0.010450192194931266,0.2823245814059548,0.4126913805459639,0.29453384585315007,0.036823245814059546,0.023545507850674312,0.020353117466935956,0.021981888070884095,0.024014593784611377,0.016808912632744803,0.026177601146654506,0.018359502247703434,0.025825786696201707,0.053371555150172646,0.0748713271222881,0.13606098117141183,0.11351879601276957,0.09538080656720307,0.10880187634373575,0.20410450192194932,0.0007166590657371816,0.0,7.818098898951072e-05,0.0014333181314743631,0.001081503681021565,0.0,0.0003518144504527982,0.00015636197797902143,0.0,0.002619063131148609,0.0004951462636002345,0.00042999543944230895,0.0003909049449475536,0.0010554433513583947,0.000990292527200469,0.000651508241579256,0.007309922470519252,0.005798423350055378,0.0057332725258974525,0.004586618020717962,0.007205681151866571,0.002097856537885204,0.007179620822203401,0.00272330444980129,0.008404456316372402,0.01198775164505831,0.01845071340152453,0.03894716268160792,0.03927291680239755,0.03333116163919474,0.03618476773731188,0.05311095185354095,0.012743501205290247,0.007622646426477295,0.0057332725258974525,0.005146915108476122,0.010345950876278586,0.006189328295002932,0.006658414228939996,0.004769040328360154,0.009590201316046649,0.020887354225030946,0.02649032510261255,0.06369144569678807,0.04285621213108346,0.037657176363280996,0.04640041696527461,0.10590917975112385,0.016053163072512866,0.010124438074141639,0.008808391426151542,0.01081503681021565,0.005381458075444654,0.008521727799856669,0.01198775164505831,0.010710795491562968,0.007831129063782657,0.017877386148934783,0.029435142354550786,0.03299237735357352,0.030998762134341,0.02333702521336895,0.02522639911394879,0.04443286207570526
06,5916,05916,0605916,35583.0,1957,0.02790658460500801,0.33395160610403846,0.4219711660062389,0.2161706432847146,0.04072169294325942,0.023522468594553578,0.02860916729899109,0.026164179523929968,0.030773121996458982,0.030801225304218305,0.037461709243177925,0.03074501868869966,0.03150380799820139,0.06334485568951466,0.10091897816372987,0.14787960542955905,0.12306438467807661,0.08270803473568838,0.10884411095185903,0.09293763876008206,0.002978950622488267,0.0006463760784644353,0.00036534300087120254,0.0002248264620745862,0.0011241323103729308,0.0008712025405390215,0.0037939465475086416,0.000309136385352556,0.001658095157800073,0.0,0.0032599837000814994,0.004103082932861198,0.004074979625101874,0.0005901694629457887,0.003625326700952702,0.0002810330775932327,0.006491864092403676,0.004580839164769693,0.005789281398420594,0.007615996402776607,0.006744793862237585,0.010454430486468257,0.00935840148385465,0.00902116179074277,0.009948570946800439,0.02360677851783155,0.03507292808363544,0.058342466908355116,0.04544304864682573,0.032009667537869206,0.04232358148554085,0.02714779529550628,0.02130230728156704,0.00309136385352556,0.009245988252817357,0.006463760784644353,0.015007166343478628,0.005676868167383301,0.01511957957451592,0.009442711407132619,0.013545794339993818,0.025349183598909593,0.04027204001911025,0.06174296714723323,0.049630441502964896,0.042098755023466265,0.050726470505578505,0.0532557682039176,0.009948570946800439,0.015203889497793891,0.013208554646881938,0.011859595874434421,0.00789702948036984,0.013798724109827727,0.00918978163729871,0.011972009105471713,0.00635134755360706,0.014388893572773516,0.02231402636090268,0.02369108844110952,0.023915914903184104,0.008009442711407133,0.012168732259786976,0.012253042183064947
06,5917,05917,0605917,41463.0,1975,0.031160311603116032,0.36319127897161324,0.41427296625907434,0.19137544316619637,0.04167571087475581,0.037430962544919566,0.029182644767624145,0.028410872344017558,0.043629259822009984,0.026481441285001087,0.04505221522803463,0.03547741359766539,0.03198031980319803,0.0776113643489376,0.09946217109229916,0.14183730072594844,0.11197935508766853,0.08279671032004438,0.08335142174951161,0.08364083640836409,0.0017364879531148252,0.0009888334177459422,0.002074138388442708,0.001302365964836119,0.0009405976412705303,0.0005788293177049418,0.001519426958975472,0.0017847237295902372,0.003111207582664062,0.003038853917950944,0.00265296770614765,0.0074283095772134195,0.0014953090707377661,0.0007476545353688831,0.0,0.0017606058413525312,0.018016062513566314,0.0021706099413935317,0.01220365144827919,0.009044208089139714,0.02037961556086149,0.014591322383812073,0.022309046619877964,0.016110749342787545,0.01261365554832019,0.028772640667583147,0.03533270626823915,0.04666811373996093,0.0420615970865591,0.028434990232255264,0.031353254709017675,0.023129054819959964,0.013891903624918602,0.013819549960205485,0.004582398765164122,0.010201866724549598,0.010129513059836481,0.00771772423606589,0.011263053807008658,0.010322456165738129,0.01367484263077925,0.03159443359139474,0.04317101994549357,0.062296505317994355,0.05824470009405976,0.042158068639509924,0.04046981646287051,0.040735113233485276,0.008031256783156067,0.020451969225574608,0.010322456165738129,0.007862431565492125,0.012179533560041483,0.00359356534741818,0.00996068784217254,0.007259484359549478,0.002580614041434532,0.014205436172008779,0.018305477172418785,0.02544437209077973,0.010177748836311893,0.011455996912910306,0.011528350577623423,0.018016062513566314
06,5918,05918,0605918,66183.0,3202,0.03043077527461735,0.3523865645256335,0.37718145143012555,0.2400012087696236,0.03960231479382923,0.023132828672015472,0.020473535500052882,0.025595696780139916,0.027484399317045164,0.024205611712977654,0.029040690207455085,0.018055996252814167,0.03540184035175196,0.04529864164513546,0.08036807035039209,0.13556351328891106,0.10738407143828475,0.0808364685795446,0.11593611652539172,0.1916202045842588,0.006920206095220827,0.0016318389918861338,0.0003324116464953236,0.0016167293715908919,0.0,0.0008159194959430669,0.001646948612181376,0.000831029116238309,0.001662058232476618,0.0025535258298958947,0.002311771905172023,0.004155145581191544,0.0034298838070199295,0.0011332215221431486,0.000740371394466857,0.0006497136726954051,0.01464122206608948,0.003913391656467673,0.004155145581191544,0.003958720517353399,0.007192179260535183,0.006693561790792197,0.008249852681202121,0.006542465587839778,0.005590559509239533,0.015759333967937387,0.0335433570554372,0.04795793481709805,0.03455570161521841,0.03248568363477026,0.04685493253554538,0.08029252224891588,0.008642702808878413,0.0054847921671728386,0.005726546091896711,0.0056509979904205004,0.007237508121420909,0.0075245909070305065,0.011075351676412371,0.005258147862744209,0.01435413928047988,0.012631642566822296,0.02898025172627412,0.053261411540727985,0.046265657344030944,0.03534140187057099,0.04977108925252709,0.0799752202227158,0.009398183823640513,0.012102805856488827,0.010259432180469305,0.014369248900775124,0.01305471193508907,0.009171539519211883,0.008068537237659218,0.005424353685991871,0.013795083329555929,0.01435413928047988,0.015532689663508755,0.03018902134989348,0.023132828672015472,0.011876161552060198,0.018569723342852396,0.030702748439931704
06,5919,05919,0605919,59645.0,2613,0.035627462486377735,0.38449157515298854,0.38900159275714646,0.1908793696034873,0.04610612792354766,0.035325676921787244,0.022851873585380166,0.02996060021795624,0.028820521418392153,0.024209908626037387,0.024964372537513622,0.031335401123312935,0.028954648335987928,0.05762427697208484,0.09261463659988264,0.12973426104451338,0.11462821695028921,0.09048537178304972,0.11414200687400453,0.12824209908626039,0.0053147791097325845,0.002296923463827647,0.0013077374465588062,0.0010730153407662,0.001207142258361975,0.0024813479755218374,0.000938888423170425,0.0011568446642635595,0.0007544639114762344,0.0015592254170508843,0.005566267080224663,0.00402380752787325,0.0029843239165059936,0.004157934445469025,0.0005532735350825719,0.00025148797049207814,0.014955151311928913,0.004157934445469025,0.007846424679352837,0.011585212507335066,0.011166065889848269,0.006806941067985581,0.009858328443289462,0.011769637019029257,0.011736105289630313,0.021695028921116608,0.04105960264900662,0.05427110403219046,0.04603906446474977,0.03442032022801576,0.04855394416967055,0.048570710034370024,0.01644731327018191,0.009556542878698969,0.004929164221644731,0.009858328443289462,0.0055830329449241345,0.006371028585799313,0.009556542878698969,0.009791264984491576,0.011015173107553022,0.023706932685053233,0.03203956744069075,0.05018023304551932,0.050716740715902424,0.03654958504484869,0.0524603906446475,0.060239751865202446,0.00938888423170425,0.0193142761337916,0.00876854723782379,0.007444043926565513,0.010864280325257774,0.008550590996730657,0.004610612792354766,0.008617654455528544,0.005448906027328359,0.010663089948864113,0.0139491994299606,0.021259116438930338,0.014888087853131025,0.015357532064716238,0.012574398524603906,0.019180149216195826
06,5920,05920,0605920,47547.0,2425,0.030033440595621175,0.3046669611121627,0.38845773655540833,0.2768418617368078,0.03484972763791617,0.02162071213746398,0.011609565272256924,0.0257639809031064,0.023408416934822388,0.018234588933055712,0.028498117652007486,0.021347298462573876,0.03308305466170316,0.050981134456432584,0.0886491261278314,0.12257345363535029,0.09723010915515175,0.0832649799146108,0.13308936420804676,0.2057963699076703,0.0052579552863482445,0.0025238185374471577,0.0014511956590321155,0.0018718320819399751,0.0008623046669611121,0.0021873093991208697,0.0003785727806170736,0.00014722274801775087,0.0,0.0015353229436136876,0.007234946474015185,0.003154773171808947,0.0014091320167413297,0.00098849559383347,0.0008202410246703262,0.0002103182114539298,0.010200433255515595,0.0045849370096956695,0.0005888909920710035,0.002229373041411656,0.00515279618062128,0.005026605253748922,0.011672660735693103,0.005236923465202852,0.00973773319031695,0.017982207079311,0.017267125160367637,0.04006561928197363,0.03495488674364313,0.02942351778240478,0.046985088438807915,0.06355816350137758,0.0070246282625612555,0.006519864555071824,0.0038277914484615224,0.004563905188550277,0.007781773823795402,0.004143268765642417,0.005888909920710035,0.010515910572696489,0.009569478621153807,0.024018339748038783,0.02984415420531264,0.047174374829116454,0.04078070120091699,0.034429091215008305,0.05983553115864303,0.09254001303972911,0.012366710833491073,0.007992092035249332,0.005741687172692284,0.017098870591204494,0.009611542263444591,0.006877405514543505,0.010557974214987276,0.005447241676656782,0.013775842850232402,0.007445264685469115,0.03430290028813595,0.03217868635245126,0.020085389193850296,0.01842387532336425,0.025448503585925507,0.04948787515510968
06,5921,05921,0605921,47213.0,1972,0.015419481922351895,0.3427869442738229,0.4537733251434986,0.1880202486603266,0.042382394679431515,0.012687183614682396,0.013682672145383686,0.018914282083324508,0.014889966746446954,0.019041365725541694,0.024209433842373923,0.01618198377565501,0.01855421176370915,0.0406879461165357,0.07258594031304937,0.10139156588227818,0.09419015948997098,0.08334568868743779,0.13326837947175565,0.2939868256624235,0.0017579903840044056,0.0,0.0,0.0005295151759049415,0.0,0.0,0.0007201406392307203,0.0019274352402939869,0.00046597335479634845,0.0,0.002096880096583568,0.00235104738101794,0.0,0.0008260436744117086,0.0017156291699320103,0.003028826806176265,0.010251413805519666,0.001186113994027069,0.004469108084637706,0.003918412301696567,0.003770148052443183,0.006989600321945227,0.004342024442420519,0.005655222078664775,0.005803486327918158,0.016563234702306567,0.018427128121491963,0.03158028509097071,0.042445936500540106,0.03236396755131002,0.04928727257323195,0.1057335903246987,0.01584309406307585,0.0038760510876241715,0.004320843835384322,0.00533751297312181,0.006227098468642112,0.007646199140067355,0.008239256137080889,0.005083345688687438,0.006904877893800437,0.014254548535361023,0.0361552962107894,0.05195602905979285,0.03598585135449982,0.032342786944273824,0.06701544066252939,0.15258509308876791,0.014529896426831593,0.0076250185330311564,0.004892720225361659,0.00912884163260119,0.004892720225361659,0.004405566263529113,0.010908012623641794,0.003515980768008811,0.005379874187194205,0.009870162878868109,0.01590663588418444,0.015504204350496686,0.015758371634931056,0.01781289051744223,0.015250037066062313,0.03263931544278059
06,5922,05922,0605922,48053.0,1888,0.04209934863588122,0.4132728445674568,0.3636817680477806,0.18094603874888143,0.04894595550746051,0.0212265623374191,0.015753438911202216,0.017230974132728446,0.035398414250931265,0.03015420473227478,0.014546438307701913,0.019790647826358396,0.028114789919463926,0.06555261898320604,0.06236863463259318,0.1326035835431711,0.10827627827607017,0.08082741972405469,0.12122031923084928,0.197989719684515,0.01050922939254573,0.0,0.004058019270388945,0.003912346783759599,0.0002705346180259297,0.0007491727883794976,0.0002705346180259297,0.0023099494308367846,0.0005618795912846232,0.0026637254697937695,0.0022683287203712566,0.003787484652363016,0.0035793811000353775,0.003641812165733669,0.0030175015087507543,0.0004994485255863317,0.0202484756414792,0.005452313070984122,0.0038082950075957796,0.002934260087819699,0.01562857677980563,0.011008677918132063,0.004869623124466735,0.006035003017501509,0.009510332341373067,0.02792749672236905,0.02455621917466131,0.06738393024368926,0.05325369904064262,0.02961313549622292,0.061515410068049864,0.06952739683266393,0.008428193869269348,0.006305537635527439,0.003683432876199197,0.0032464154163111564,0.008677918132062513,0.012423782073960003,0.005722847689010052,0.0056604166233117596,0.013797265519322414,0.02135142446881568,0.02257923542754875,0.0424531246748382,0.030487170415999,0.03806213972072503,0.041558279399829354,0.09924458410505067,0.009760056604166232,0.00946871163090754,0.0042036917570182925,0.007137951844837991,0.010821384721037188,0.005972571951803217,0.003683432876199197,0.005785278754708343,0.00424531246748382,0.013609972322227541,0.012964851310011861,0.018979043972280608,0.02095602771939317,0.009510332341373067,0.015129128254219299,0.028718290221214075
06,5923,05923,0605923,51271.0,2265,0.034288389147861364,0.3618029685397203,0.401825593415381,0.20208304889703732,0.06438337461723001,0.025394472508825653,0.025765052368785474,0.018509488794835285,0.02256636305123754,0.019874783015739892,0.024243724522634628,0.012658227848101266,0.0220202453628757,0.04421602855415342,0.05437771839831484,0.11511380702541398,0.09730646954418677,0.09108462873749293,0.1313217998478672,0.23116381580230538,0.015076749039417995,0.0020089329250453473,0.0014043026272161651,0.0020479413313569074,0.001345790017748825,0.0010337227672563437,0.001111739579879464,0.0006826471104523025,0.0012482690019699244,0.00276959684812077,0.0001365294220904605,0.0020479413313569074,0.0020674455345126874,0.00011702521893468043,0.0007801681262312028,0.00040958826627138147,0.016188488619297458,0.0037838154122213337,0.004076378459558035,0.004602991944764097,0.007314076183417526,0.0028281094575881103,0.009713093171578474,0.004056874256402255,0.006182832400382282,0.016149480212985897,0.0224103294259913,0.05092547443974176,0.039808078640947125,0.03664839772971075,0.05032084414191258,0.08679370404322131,0.0228979345048858,0.009557059546332234,0.01119541261141776,0.003920344834311794,0.004056874256402255,0.007080025745548166,0.0076846560433773475,0.0058512609467340215,0.006104815587759162,0.015622866727779837,0.01622749702560902,0.038754851670535,0.03530260771196193,0.03873534746737922,0.06490998810243608,0.11392405063291139,0.010220202453628757,0.010044664625226737,0.009088958670593512,0.007938210684402489,0.009849622593668936,0.008932925045347272,0.005734235727799341,0.0020674455345126874,0.008484328372764331,0.009674084765266915,0.015603362524624057,0.023385539583780306,0.020128337656765034,0.015583858321468276,0.015310799477287355,0.030036472859901308
06,5924,05924,0605924,37788.0,1534,0.07454747538901238,0.43098338096750294,0.3102836879432624,0.1841854557002223,0.06787869164814227,0.018286228432306553,0.023367206520588546,0.021991108288345506,0.022123425426061185,0.023393669948131683,0.026225256695247168,0.022520376839208215,0.02564306128929819,0.03810733566211496,0.0699163755689637,0.11072298084047846,0.1073885889700434,0.07968138033238065,0.11651847147242511,0.22623584206626443,0.024319889912141422,0.004948660950566317,0.009659151053244417,0.002672806181856674,0.0009791468190960093,0.00103207367418228,0.0023552450513390495,0.002672806181856674,0.0016936593627606647,0.0006086588334921139,0.006457076320525034,0.0050280512331957235,0.005319148936170213,0.006165978617550545,0.0001852439928019477,0.0004498782682333016,0.016830739917434105,0.0014554885148724463,0.004551709537419286,0.00682756430612893,0.00923573621255425,0.008071345400656293,0.010453053879538477,0.009950248756218905,0.006430612892981899,0.016724886207261563,0.02686037895628242,0.05335026992696094,0.06721710595956389,0.03413782153064465,0.0588546628559331,0.10003175611305176,0.017015983910236055,0.006218905472636816,0.005848417487032921,0.005239758653540806,0.0014819519424155816,0.005001587805652588,0.005821954059489785,0.0035990261458664127,0.007356832856991637,0.012305493807557955,0.02042976606330052,0.02868635545675876,0.024531597332486502,0.022811474542182703,0.03900709219858156,0.10492749020853182,0.009712077908330686,0.005663173494230973,0.0033079284428919236,0.007250979146819096,0.010426590451995342,0.00928866306764052,0.007595003704879856,0.006298295755266222,0.010161956176563989,0.008468296813803323,0.01616915422885572,0.023658304223563034,0.010320736741822802,0.01656610564200275,0.0184714724251085,0.02082671747644755
06,5925,05925,0605925,79677.0,3657,0.015675791006187483,0.246319515041982,0.3690148976492589,0.3689897963025716,0.05103103781517879,0.023934134066292658,0.01837418577506683,0.023858830026230907,0.024574218406817526,0.019051922135622575,0.020181482736548816,0.01947864502930582,0.027498525295882124,0.05138245666880028,0.06809995356250863,0.12343587233455075,0.08353728177516724,0.07334613502014382,0.11546619476134895,0.2567491245905343,0.004606097117110333,0.0,0.0010040538674899908,8.78547134053742e-05,0.0002761148135597475,0.0,0.0,0.0009538511741154913,0.0002635641402161226,0.0008910978073973668,0.002284222548539729,0.0023720772619451034,0.0002761148135597475,0.0004518242403704959,0.001531182147922236,0.0006777363605557439,0.008998832787379042,0.0017068915747329844,0.001844948981512858,0.0019077023482309825,0.0024975839953813523,0.0014433274345168618,0.0031502190092498462,0.002058310428354481,0.002949408235751848,0.011948241023130891,0.020131280043174316,0.03442649698156306,0.027473423949194876,0.026394066041643134,0.028828896670306362,0.07055988553785911,0.018738155302031954,0.007492751986144057,0.0019453543682618573,0.0072040864992406846,0.00978952520802741,0.0034263338228095936,0.0036522459429948416,0.0053842388644150755,0.01101949119570265,0.014960402625600864,0.01582639908631098,0.04278524542841723,0.029732545151047354,0.022076634411436175,0.0523990612096339,0.12258242654718425,0.018687952608657455,0.014734490505415615,0.013579828557802126,0.014659186465353866,0.012010994389849015,0.01418226087829612,0.013379017784304129,0.011082244562420775,0.013266061724211504,0.02358271521267116,0.0298580518844836,0.04385205266262535,0.026055197861365263,0.024423610326694028,0.03270705473348645,0.06292907614493518
06,5926,05926,0605926,41515.0,2184,0.013970853908225942,0.2456943273515597,0.41045405275201735,0.32988076598819704,0.035095748524629655,0.015175237865831626,0.020065036733710708,0.016475972540045767,0.016090569673611946,0.01695772612308804,0.028254847645429362,0.018282548476454295,0.016837287727327472,0.03097675538961821,0.06400096350716608,0.1206792725520896,0.10755148741418764,0.08970251716247139,0.15151150186679513,0.25234252679754304,0.0034204504396001447,0.0,0.0012284716367577985,0.00019270143321690954,0.00024087679152113694,0.0,0.0,0.0010839455618451162,0.00033722750812959174,0.001180296278453571,0.0008430687703239793,0.0012284716367577985,0.0003613151872817054,0.00016861375406479587,0.0005058412621943876,0.0031795736480790078,0.0060219197880284235,0.0016138745031916174,0.0021678911236902325,0.0013970853908225943,0.005130675659400217,0.004094905455859328,0.004480308322293147,0.0009875948452366615,0.0018306636155606408,0.007274479103938336,0.01233289172588221,0.037191376610863545,0.034782608695652174,0.023509574852462967,0.04022642418402987,0.06265205347464772,0.00840660002408768,0.0017824882572564133,0.003396362760448031,0.006889076237504516,0.0023124171986029147,0.003878116343490305,0.008743827532217271,0.0032518366855353487,0.0053233770926171264,0.008310249307479225,0.021534385161989644,0.0406359147296158,0.04159942189570035,0.04234613994941588,0.07886306154402023,0.13318077803203662,0.017246778272913404,0.011778875105383597,0.013272311212814645,0.007997109478501746,0.00840660002408768,0.008984704323738407,0.015030711790918945,0.012959171383837167,0.009346019511020114,0.014211730699747079,0.029290617848970253,0.04162350957485246,0.030808141635553416,0.02367818860652776,0.03191617487655064,0.05333012164277972
06,5927,05927,0605927,37319.0,1734,0.0037246442830729657,0.31236099573943565,0.477585144296471,0.2063292156810204,0.029020070205525335,0.00809239261502184,0.0076636565824379005,0.012138588922532757,0.016559929258554623,0.008440740641496289,0.02025777753959109,0.013424797020284573,0.017792545352233447,0.03721964682869316,0.05308288003429888,0.09986869959002116,0.07639540180605053,0.09525978723974383,0.15139741150620328,0.3533856748573113,0.002920764221978081,0.0,0.0,0.0,0.0,0.0,0.0,0.0,0.00048232803665693077,0.0,0.00032155202443795384,0.0,0.0,0.0,0.0,0.0,0.002599212197540127,0.0,0.0,0.0006163080468394116,0.00243843618532115,0.0005895120448029154,0.0024920281893941426,0.0041801763176934,0.0035102762667809963,0.0097537447412846,0.016265173236153167,0.03922934698143037,0.020525737559956056,0.034379270612824565,0.058870816474182054,0.11691095688523272,0.015434497173021785,0.005868324445992658,0.0035102762667809963,0.003939012299364935,0.0034834802647445,0.004233768321766393,0.006859776521343015,0.0005895120448029154,0.003295908250489027,0.01789972936037943,0.02363407379618961,0.03947051099975884,0.03705887081647418,0.04777727163107264,0.07044668935394839,0.19408344275034164,0.008065596612985343,0.002224068169029181,0.004153380315656904,0.007583268576328412,0.010638012808488974,0.0036174602749269808,0.010905972828853935,0.008655108657788258,0.010504032798306492,0.009566172727029127,0.012862080977518155,0.02116884160883196,0.0188107934296203,0.01310324499584662,0.02207990567807283,0.04239127522173692
06,5928,05928,0605928,72180.0,3179,0.015475200886672208,0.21881407592130783,0.4451648656137434,0.3205458575782765,0.03557772236076476,0.020213355500138544,0.02226378498198947,0.01686062621224716,0.02798559157661402,0.02166805209199224,0.01681906345247991,0.018509282349681352,0.022069825436408976,0.04506788584095317,0.07086450540315876,0.11540592962039346,0.10383762815184261,0.0756303685231366,0.1115544472152951,0.27567193128290385,0.0029648101967303963,0.00016625103906899418,0.0007065669160432253,0.0015101136048766971,0.00022166805209199224,0.0,0.0001801052923247437,0.0,0.0005126073704627321,0.0009559434746467166,0.0025491825990579106,0.0031310612357993905,0.0010252147409254642,0.0004017733444167359,0.00041562759767248546,0.0007342754225547243,0.00658077029648102,0.0027292878913826543,0.00228595178719867,0.003685231366029371,0.00543086727625381,0.003463563313937379,0.005264616237184816,0.0034081463009143806,0.005403158769742311,0.008908284843446938,0.015018010529232474,0.028733721252424495,0.021280133000831255,0.019340537545026324,0.025117761152673872,0.06216403435854807,0.017539484621778886,0.006663895816015517,0.007273482959268496,0.004308672762538099,0.00881130507065669,0.006650041562759767,0.003934607924632862,0.008464948739262955,0.007093377666943752,0.016694375173178167,0.02629537267941258,0.0385286783042394,0.0470906068162926,0.033527292878913824,0.05669160432252702,0.1555971183153228,0.008492657245774454,0.010653920753671378,0.01199778331947908,0.007356608478802993,0.013521751177611526,0.011554447215295095,0.0074397339983374895,0.006636187309504018,0.009060681629260183,0.018509282349681352,0.027001939595455805,0.045012468827930176,0.03444167359379329,0.022360764754779716,0.029329454142421725,0.057176503186478246
06,6101,06101,0606101,60213.0,2850,0.019696743228206533,0.33241990932190724,0.3715144570109445,0.27636889043894175,0.03192001727201767,0.018185441682028798,0.02288542341354857,0.019896035739790412,0.023948316808662582,0.030043346121269493,0.02587481108730673,0.03306594921362496,0.028083636424028034,0.04925846577981499,0.07762443326192019,0.13958779665520735,0.10723597894142461,0.0834537392257486,0.1378439871788484,0.1710926211947586,0.00038197731386909806,0.0010795011044126683,0.0002491156394798465,0.001179147360204607,0.002009532825137429,0.0015279092554763922,0.000498231278959693,0.00038197731386909806,0.0018434557321508644,0.0028897414179662197,0.0016109478019696744,0.002291863883214588,0.0014448707089831099,0.0001328616743892515,0.0011957550695032633,0.0009798548486207297,0.009200670951455665,0.0020759636623320543,0.0010795011044126683,0.005380897812764685,0.005646621161543189,0.007490076893694053,0.006892199358942421,0.0067261222659558565,0.0110939498115025,0.012239881753109794,0.01994585886768638,0.05035457459352632,0.042764851444040325,0.03617159085247372,0.0504376131400196,0.064919535648448,0.0067261222659558565,0.00787205420756315,0.006327537242788102,0.0031388570574460667,0.0077225848238752426,0.00699184561473436,0.004783020278013053,0.010961088137113249,0.004367827545546643,0.011143772939398468,0.024762094564296747,0.0462026472688622,0.04120372676996662,0.03333167256240347,0.06960290967066912,0.08637669606231213,0.01561124674073705,0.007157922707720924,0.015229269426867953,0.010197133509375051,0.00856957799810672,0.014033514357364689,0.01370136017139156,0.014996761496686762,0.010778403334828027,0.022985069669340507,0.03130553202796738,0.04073871090960424,0.021822530018434556,0.013817614136482154,0.016607709298656435,0.018816534635377743
06,6102,06102,0606102,50068.0,2618,0.017975553247583285,0.29206279459934487,0.35875209714787887,0.33120955500519295,0.04467923623871535,0.016677318846368937,0.027682352001278263,0.025365502916034195,0.016497563313893106,0.01791563473675801,0.018834385236078933,0.02246944155947911,0.022848925461372533,0.052069185907166256,0.08792042821762402,0.13134137572900856,0.10403850762962372,0.09644882959175521,0.12554925301589837,0.18966205959894544,0.0,0.00035951106495166576,0.0014180714228649038,0.0018974195094671248,0.0012183430534473117,0.0017576096508748102,0.00125828872733083,0.0012183430534473117,0.002896061356555085,0.000579212271311017,0.0023567947591275865,0.0006790764560198131,0.0015778541183989773,0.0007589678037868498,0.0,0.0,0.008348645841655348,0.002975952704322122,0.0017975553247583287,0.008867939602141089,0.002396740433011105,0.0026364144763122155,0.006171606615003595,0.00327554525844851,0.0024966046177199008,0.009187504993209236,0.01535911160821283,0.045198529999201084,0.03551170408244787,0.03832787409123592,0.04360070304386035,0.06591036190780539,0.020072701126468005,0.004653671007429895,0.00880802109131581,0.0024766317807781418,0.002676360150195734,0.004134377246944156,0.0016976911400495326,0.005652312854517855,0.007050411440441,0.012542941599424783,0.029779499880162978,0.03407365982264121,0.035451785571622596,0.038048254374051294,0.053207637612846526,0.09842614044898937,0.016257889270591994,0.008688184069665256,0.015658704162339217,0.012123512023647838,0.010206119677238955,0.009387233362626828,0.009706798753694975,0.012323240393065432,0.010405848046656547,0.02975952704322122,0.040425021970120635,0.05139010945114644,0.03149716385715427,0.019313733322681152,0.0287409123591915,0.025325557242150677
06,6103,06103,0606103,45141.0,2393,0.01408918721339802,0.2275979708025963,0.3850822976894619,0.3732305442945438,0.043973328016658916,0.03300768702509913,0.02979552956292506,0.02919740369065816,0.030039210473848606,0.0370394984603797,0.023038922487317516,0.022352185374714784,0.024944064154538002,0.05498327462838661,0.07684809818125429,0.1271128242617576,0.09091513258456835,0.07383531600983585,0.11255842803659644,0.19035909705146098,0.0,0.0011519461243658757,0.0015063910857092222,0.0,0.0012184045546177532,0.0,0.002990629361334485,0.000443056201679183,0.0004873618218471013,0.00037659777142730555,0.0006645843025187745,0.0030349349815024036,0.0011962517445337942,0.0008196539731064886,0.00019937529075563236,0.0,0.010810571320972065,0.004829312598303095,0.001351321415121508,0.007952858820141335,0.009193416184843047,0.009813694867193903,0.0052059103697304,0.004873618218471013,0.00416472829578432,0.015750647969694956,0.013491061341131122,0.027491637314193306,0.02139961454110454,0.022706630336058128,0.02474468886378237,0.0438182583460712,0.02372565959992025,0.007975011630225294,0.011696683724330432,0.004541326067211626,0.004186881105868279,0.007487649808378192,0.0028134068806628123,0.007443344188210275,0.004607784497463503,0.016592454752885403,0.028532819388139386,0.044748676369597486,0.02786823508562061,0.02813406880662812,0.06488558073591635,0.09984271504840389,0.009437097095766598,0.01905141667220487,0.015241133337763895,0.0167032188033052,0.015440508628519528,0.019738153784807602,0.012028975875589818,0.009592166766354313,0.015684189539443078,0.022263574134378947,0.03415963314946501,0.05183757559646441,0.04045103121330941,0.02217496289404311,0.022728783146142087,0.04669812365698589
06,6501,06501,0606501,59204.0,2790,0.023917302884940206,0.3138808188635903,0.3743159245996892,0.28788595365178027,0.043510573609891225,0.044878724410512806,0.05253023444361867,0.04994594959800013,0.06050266873859874,0.04438889264238903,0.04481116140801297,0.04339233835551652,0.04112897777177218,0.08832173501790419,0.08744341598540639,0.13517667725153706,0.09306803594351733,0.05423620025673941,0.05872913992297818,0.057935274643605164,0.0030910073643672727,0.0018410918181203974,0.0006925207756232687,0.001553949057496115,0.00447604891561381,0.0018410918181203974,0.001857982568745355,0.0005405040199986487,0.00033781501249915546,0.0010810080399972974,0.0020606715762448483,0.001401932301871495,0.0016046213093709885,0.0008614282818728465,0.0006756300249983109,0.0,0.008462266063103845,0.00986419836497534,0.014728734544963179,0.017059658131207352,0.013917978514965205,0.009999324369975002,0.0191203297074522,0.01677251537058307,0.014137558273089657,0.026754948989933112,0.03413620701303966,0.04947300858050132,0.0360786433349098,0.0168400783730829,0.01729612863995676,0.009239240591851902,0.02023511924869941,0.00986419836497534,0.016586717113708533,0.013225457739341936,0.02168772380244578,0.019323018714951692,0.012532936963718667,0.014509154786838728,0.0160799945949598,0.040064860482399836,0.030200662117424497,0.04986149584487535,0.03454158502803865,0.024170664144314572,0.02516721843118708,0.026265117221809336,0.011722180933720695,0.023309235862441727,0.020522262009323694,0.018106884669954734,0.020420917505573948,0.013225457739341936,0.01129991216809675,0.011570164178096075,0.010573609891223567,0.020420917505573948,0.021045875278697387,0.0344402405242889,0.020843186271197894,0.01236402945746909,0.015590162826836024,0.02243091682994392
06,6502,06502,0606502,59168.0,5924,0.014872904272579772,0.18733098972417522,0.37155219037317466,0.4262439156300703,0.07230259599783667,0.04333423472147106,0.04194835045970795,0.048083423472147106,0.0511763115197404,0.03730056787452677,0.03997093023255814,0.03586398053001622,0.03363304488912926,0.05753109789075176,0.08369388858842618,0.12185640886965927,0.08212209302325581,0.057598702001081664,0.07335045970795025,0.12023391022174149,0.0009464575446187128,0.00037182260681449433,0.0002366143861546782,0.0007943482963764197,0.0032111952406706328,0.0008957544618712818,0.0009464575446187128,0.0009295565170362358,0.001149269875608437,0.0017239048134126554,0.0020788263926446726,0.001030962682531098,0.0003042184964845863,0.0,0.0,0.0002535154137371552,0.012557463493780422,0.005543537047052461,0.004309762033531638,0.007199837750135208,0.007199837750135208,0.008687128177393186,0.0086026230394808,0.006828015143320714,0.0059322606814494324,0.011222282314764737,0.01997701460248783,0.02893455922120065,0.016664413196322336,0.01325040562466198,0.012658869659275283,0.01776297998918334,0.029035965386695513,0.011103975121687398,0.012692671714440239,0.016681314223904814,0.01884464575446187,0.009430773391022175,0.012692671714440239,0.011137777176852352,0.011813818280151434,0.01727285018929151,0.02342482422931314,0.0408835857220119,0.03312601406165495,0.02540224445646295,0.03789210383991347,0.06011695511087074,0.029762709572742022,0.026314899945916712,0.024709302325581394,0.023407923201730664,0.021920632774472686,0.01828691184424013,0.01772917793401839,0.016968631692806924,0.014737696051919956,0.027312060573282854,0.03821322336398053,0.05100730124391563,0.032027447268793946,0.018946051919956734,0.02279948620876149,0.04210045970795025
06,6507,06507,0606507,56627.0,2500,0.008229289914705,0.31477916894767516,0.35099864022462784,0.32599290091299205,0.0482455365814894,0.042983029296978476,0.031663340809154644,0.04262984088862203,0.03983965246260618,0.04261218146820421,0.04815723947940029,0.03839157998834478,0.03738499302452893,0.07240362371306974,0.09430130503116887,0.143465131474385,0.0986808412947887,0.062196478711568685,0.08956858035919261,0.06747664541649744,0.00187189856428912,0.0001412753633425751,0.0008123333392198068,0.0011302029067406009,0.00010595652250693132,0.0006004202942059442,0.0,0.0007240362371306974,0.0,0.0019248768255425857,0.0001236159429247532,0.00035318840835643774,0.00017659420417821887,0.0,0.0,0.0002648913062673283,0.006657601497518852,0.006481007293340633,0.0034082681406396244,0.008458862380136684,0.012379253712893144,0.012608826178324827,0.01365073198297632,0.00842354353930104,0.008741413106821834,0.022409804510215976,0.031292492980380386,0.05659844243911915,0.03839157998834478,0.024087449449909055,0.04232963074151906,0.018860261006233777,0.018595369699966446,0.01282073922333869,0.00777014498384163,0.009818637752308968,0.006781217440443604,0.014392427640524837,0.013897963868825825,0.009959913115651545,0.015045826195984248,0.02723082628428135,0.024581913221608066,0.049605311953661683,0.03660797852614477,0.029438253836509085,0.04051071043848341,0.033941406043053665,0.021120666819714976,0.023540007416956575,0.01967259434545358,0.023222137849435782,0.0205732247867625,0.015010507355148604,0.020608543627598144,0.0192840870962615,0.013597753721722852,0.020838116093029827,0.038303282886255674,0.036908188673247744,0.02350468857612093,0.008670775425150547,0.006728239179190139,0.01441008706094266
06,6509,06509,0606509,35764.0,1309,0.026423218879319987,0.3654233307236327,0.402471759311039,0.20568169108600828,0.05905379711441673,0.02650710211385751,0.02516497036125713,0.03159601834246729,0.03237892853148418,0.02393468292137345,0.03414047645677217,0.03221116206240913,0.037831338776423216,0.08005256682697685,0.10373560004473772,0.15434515154904374,0.1015546359467621,0.07236327032770383,0.09537523766916452,0.08975506095515043,0.0,0.0006990269544793647,0.0,0.0015378592998546024,0.0003355329381500951,0.002180964097975618,0.0011464042053461582,0.0034112515378592998,0.0016497036125713007,0.0,0.003355329381500951,0.003355329381500951,0.003914550945084442,0.0031596018342467287,0.0,0.0016776646907504754,0.017811206800134212,0.003467173694217649,0.009115311486410916,0.006990269544793647,0.019181299630913768,0.009646571971815234,0.01906945531819707,0.012163069007940947,0.013141706744212056,0.03218320098422995,0.04168996756514931,0.05888603064534168,0.03134436863885472,0.025640308690303096,0.03433620400402639,0.030757185997092047,0.021530030197964435,0.010709092942623868,0.004585616821384633,0.009982104909965329,0.009087350408231741,0.007577452186556314,0.007968907281064757,0.007409685717481266,0.015154904373112628,0.022900123028743988,0.03934123699809865,0.06609998881556872,0.04898780896991388,0.03626551839838944,0.04851247064086791,0.046359467621071467,0.019712560116318084,0.011631808522536629,0.011464042053461581,0.013085784587853708,0.0037747455541885695,0.004529694665026283,0.005955709652164187,0.009227155799127614,0.007885024046527234,0.02496924281400291,0.019349066099988814,0.026003802706632367,0.01730790739290907,0.007297841404764568,0.012526563024270215,0.010960742646236438
06,6511,06511,0606511,48946.0,2478,0.024312507661504515,0.40136068320189594,0.3657704408940465,0.20855636824255303,0.04680668491807298,0.03289339271850611,0.027867445756548034,0.038613982756507174,0.03726555796183549,0.028521227475176724,0.042250643566379274,0.04472275568994402,0.04408940465002247,0.07222244922976341,0.09624892738936787,0.14808155926939892,0.11651616066685735,0.08143668532668655,0.08317329301679402,0.05928982960813958,0.0034936460589220773,0.0007150737547501328,0.0005720590038001063,0.0029624484125362646,0.002410820087443305,0.0014505781882074122,0.0004903362889715196,0.001164548686307359,0.0010011032566501858,0.0014097168307931189,0.003861398275650717,0.0010215339353573326,0.002165651942957545,0.0005311976463858129,0.0010623952927716258,0.0,0.017856413190046175,0.010072324602623299,0.007538920442937114,0.012953050300330978,0.011808932292730764,0.008703469129244473,0.016814448575981696,0.022473746577861317,0.024149062231847342,0.03401708004739917,0.04259796510440077,0.06282433702447596,0.04292485596371511,0.03892044293711437,0.030400849916234218,0.017304784864953213,0.010399215461937646,0.006415233114044049,0.007886241980958608,0.011052997180566338,0.011972377722387937,0.0072937522984513545,0.012033669758509377,0.01244228333265231,0.010399215461937646,0.02220814775466841,0.03454827769378499,0.06143505087238998,0.05361010092755281,0.03407837208352062,0.039982838229886,0.030012667020798432,0.015057410207167082,0.01569076124708863,0.011870224328852205,0.011645486863073592,0.011073427859273484,0.011073427859273484,0.012912188942916684,0.008642177093123033,0.0085400236995873,0.014587504596902709,0.015241286315531403,0.022800637437175662,0.01781555183263188,0.007906672659665754,0.011727209577902178,0.011972377722387937
06,6514,06514,0606514,44956.0,1983,0.007785390159266839,0.36028561259898567,0.45471127324495064,0.17721772399679686,0.027337841444968414,0.019441231426283477,0.021509920811460095,0.025313640003559037,0.022288459827386777,0.024423881128214253,0.027871696770175283,0.019174303763680043,0.03401103301005427,0.050071180710027585,0.0783210250022244,0.13539905685559214,0.09224575140137023,0.10356793309013257,0.15041373787703533,0.1686093068778361,0.0005560992970904885,0.0,0.0,0.00042263546578877125,0.0003781475220215322,0.0,0.0,0.0005560992970904885,0.0003559035501379126,0.000289171634487054,0.0007562950440430644,0.0021576652727110955,0.0007118071002758253,0.0,0.0016015659756206068,0.0,0.0055832369427885045,0.002602544710383486,0.0041596227422368535,0.010632618560370139,0.0066064596494350035,0.008385977400124566,0.008297001512590088,0.0048714298425126795,0.01247886822671056,0.015370584571581102,0.026181154907020197,0.05369694812705757,0.031119316665183736,0.04028383308123498,0.05747842334727289,0.07253759231248331,0.01105525402615891,0.0046934780674437225,0.008563929175193523,0.009720615713141739,0.007896610018684936,0.006851143340154818,0.012412136311059703,0.006228312127413471,0.017105614378503425,0.022733339265059167,0.030563217368093247,0.059013257407242635,0.04119583592846339,0.0569223240501824,0.07429486609128926,0.08546133997686627,0.01014325117893051,0.012145208648456269,0.008786368894029718,0.004537770264258386,0.0074072426372453065,0.00918676038793487,0.007162558946525492,0.007518462496663404,0.0040706468547023755,0.011678085238900258,0.020820357683067888,0.020531186048580834,0.01921879170744728,0.006361775958715188,0.017038882462852567,0.01061037458848652
06,6515,06515,0606515,65968.0,3008,0.012778923114237206,0.23763036623817607,0.30296507397526073,0.44662563667232597,0.06707797720106719,0.043369512490904684,0.04570397768615086,0.044961193305845255,0.050130366238176086,0.037381760853747274,0.039443366480717924,0.03547174387581858,0.045097623089983024,0.058482900800388066,0.08678450157652196,0.11651103565365026,0.10048811544991511,0.0640007276255154,0.0677752849866602,0.09731991268493816,0.0027134368178510795,0.0,0.000606354596167839,0.0005154014067426631,0.00045476594712587923,0.0006366723259762309,0.00025770070337133153,0.0,0.0019706524375454767,0.0007276255154014067,0.0015310453553237934,0.001106597138006306,0.0022586708707252002,0.0,0.0,0.0,0.019964225078826097,0.004335435362600048,0.006366723259762309,0.008231263642978414,0.010383822459374243,0.009459131700218287,0.012521222410865875,0.007352049478535047,0.011475260732476351,0.018796992481203006,0.023587193790928936,0.03512308998302207,0.022798932815910746,0.012642493330099442,0.019100169779286927,0.015492359932088286,0.020540261945185545,0.013051782682512733,0.010808270676691729,0.009913897647344167,0.014976958525345621,0.006412199854474897,0.008064516129032258,0.014370603929177782,0.008276740237691002,0.0191911229687121,0.02993875818578705,0.03031772980839195,0.036275163715740966,0.024875697307785594,0.021176934271161775,0.03477443609022556,0.023860053359204464,0.0259822944457919,0.027922629153528982,0.026300630608780014,0.02431481930633034,0.020873756973077855,0.01859992723744846,0.013749090468105749,0.02337496968227019,0.01976715983507155,0.031727504244482174,0.04996361872422993,0.0391553480475382,0.026482536987630367,0.027498180936211498,0.0470531166626243
06,6516,06516,0606516,31599.0,1388,0.01933605493844742,0.3610873761827906,0.4174182727301497,0.2021582961486123,0.041362068419886704,0.025032437735371373,0.035096047343270355,0.019051235798601223,0.03170986423621001,0.026994525143200734,0.029241431690876292,0.02563372258615779,0.03177315737839805,0.06424253932086459,0.09212316845469794,0.14778948700908257,0.11016171397829046,0.09316750530080066,0.13063704547612265,0.09598405012816862,0.001645621696889142,0.0031013639672141523,0.0011392765593847907,0.0,0.00047469856641032946,0.0,0.0012658628437608784,0.0006645779929744612,0.0020253805500174056,0.0014557422703250103,0.003196303680496218,0.00177220798126523,0.0005379917085983734,0.00037975885312826357,0.0006645779929744612,0.0010126902750087028,0.007816703060223425,0.005728029368017975,0.011392765593847906,0.004715339093009273,0.006835659356308744,0.012310516155574543,0.006867305927402766,0.007563530491471249,0.006202727934428305,0.01854489066109687,0.030190828823696954,0.0616791670622488,0.05044463432387101,0.04338744896990411,0.05617266369188898,0.031235165669799676,0.015728345833728917,0.008417987911009842,0.011835817589164214,0.006424253932086459,0.008354694768821799,0.005917908794582107,0.01303838729073705,0.012690275008702807,0.01677268267983164,0.033482072217475234,0.029874363112756732,0.06240703819741131,0.04101395613785246,0.036931548466723634,0.06626791987088199,0.048261020918383496,0.016171397829045222,0.007785056489129403,0.010728187600873445,0.00791164277350549,0.016044811544669135,0.008766100193044083,0.0080698756289756,0.004715339093009273,0.0067723662141207,0.010759834171967467,0.02886167283774803,0.02193107376815722,0.018165131807968606,0.012468749011044652,0.007531883920377227,0.01547517326497674
06,6517,06517,0606517,38879.0,1452,0.01679569947786723,0.32109879369325345,0.35888268731191647,0.3032228195169629,0.04285089637079143,0.02937318346665295,0.023663160060701148,0.03184238277733481,0.0368322230510044,0.029270300162041206,0.029913320815864605,0.03117364129735847,0.029347462640500012,0.07376732940662054,0.10190591321793256,0.1309190051184444,0.0959386815504514,0.1144319555544124,0.11432907224980067,0.084441472260089,0.0012345996553409296,0.0,0.0,0.0011059955245762494,0.0,0.001646132873787906,0.0,0.0003343707399881684,0.0010802746984233133,0.0020833869183878185,0.001594691221482034,0.005118444404434271,0.002366316006070115,0.0,0.00023148743537642429,0.0,0.011445767638056534,0.00771624784588081,0.0018004578307055223,0.0029578950075876435,0.013837804470279585,0.00771624784588081,0.008333547673551274,0.007819131150492554,0.01095707194115075,0.022402839579207284,0.03230535764808766,0.03726947709560431,0.04516577072455567,0.048123665732143314,0.03834975179402762,0.02489775971604208,0.010931351114997814,0.004346819619846189,0.007124668844363281,0.007484760410504386,0.006172998276704648,0.007561922888963193,0.007433318758198513,0.0047069111859872935,0.005427094318269503,0.02294297692841894,0.03742380205252193,0.05908073767329407,0.0330512616065228,0.04789217829676689,0.05920934180405875,0.03809254353249827,0.019239177962396152,0.01731011600092595,0.014738033385632347,0.02029373183466653,0.016821420304020167,0.012345996553409296,0.014146454384114817,0.018313228220890456,0.011883021682656448,0.026338125980606496,0.030582062295840942,0.029450345945111756,0.015355333213302812,0.0184161115255022,0.01653849121633787,0.02145116901154865
06,6518,06518,0606518,28685.0,1465,0.022834233920167334,0.3635698100052292,0.4052292138748475,0.20836674219975598,0.03810353843472198,0.021823252571030155,0.019801289872755794,0.030817500435767822,0.0316193132299111,0.03500087153564581,0.04368136656789263,0.036534774272267735,0.040578699668816456,0.07728778107024577,0.10800069722851664,0.17273836499912845,0.1129510196967056,0.07704375108941956,0.08729301028412062,0.06672476904305386,0.001603625588286561,0.00013944570332926617,0.0019871012724420427,0.0,0.00027889140665853234,0.0021614084016036254,0.0009412584974725466,0.0005926442391493812,0.0033815583057347047,0.0015687641624542443,0.0019522398466097263,0.003974202544884085,0.002440299808262158,0.00024402998082621578,0.0015687641624542443,0.0,0.01300331183545407,0.0019871012724420427,0.004950322468188949,0.00826215792225902,0.013142757538783337,0.021160885480216142,0.015548195921213178,0.010667596304688862,0.021788391145197837,0.02025448840857591,0.04901516472023706,0.06919993027714834,0.0368833885305909,0.02830747777584103,0.03405961303817326,0.015339027366219279,0.009691476381383998,0.006414502353146244,0.003346696879902388,0.010528150601359596,0.007251176573121841,0.005438382429841381,0.015060135959560746,0.0139097089070943,0.00756492940561269,0.04577305211783162,0.03932368833885306,0.06376154784730695,0.05187380163848702,0.039881471152170125,0.04413456510371274,0.04127592818546279,0.01380512462959735,0.013282203242112602,0.009517169252222415,0.012027191912149206,0.010946487711347394,0.006240195223984661,0.012131776189646157,0.011364824821335193,0.007843820812271222,0.009691476381383998,0.017709604322816805,0.035802684329789086,0.021753529719365523,0.008610772180582186,0.007530067979780373,0.010109813491371798
06,6519,06519,0606519,26141.0,1374,0.01748211621590605,0.40063501778814886,0.41742856049883326,0.16445430549711182,0.042997589992731726,0.0312535863203397,0.01950958264794767,0.02249340117057496,0.03098580773497571,0.03274549558165334,0.045828392180865304,0.030182471978883747,0.05225507822960101,0.05833747752572587,0.11908496231972764,0.13951264297463753,0.11181668643127654,0.10079951034772962,0.0977774377414789,0.06441987682185073,0.0027925481045101563,0.00034428675261084123,0.0011858765923262308,0.0031750889407444246,0.0,0.0008798439233388164,0.000573811254351402,0.00275429402088673,0.0,0.00095635209058567,0.002486515435522742,0.0009180980069622432,0.0,0.0,0.0008415898397153896,0.000573811254351402,0.019700853066064804,0.009104471902375578,0.006847480968593398,0.008109865728166481,0.011552733254274894,0.01568417428560499,0.028767070884816955,0.009410504571362993,0.013427183351822808,0.022646417505068666,0.05764890402050419,0.06392257373474619,0.042768065490991165,0.03951646838299989,0.028996595386557515,0.022531655254198386,0.013312421100952527,0.017137829463295208,0.006541448299605983,0.006235415630618569,0.01446004360965533,0.01315940476645882,0.009601774989480127,0.008989709651505298,0.01568417428560499,0.021307524578248728,0.047090776940438395,0.0578019203549979,0.050380628132053094,0.04269155732374431,0.05764890402050419,0.03538502735166979,0.007191767721204239,0.004666998202058069,0.004934776787422057,0.004973030871045484,0.004973030871045484,0.0030220726062507174,0.006885735052216824,0.009027963735128725,0.023143720592173213,0.013427183351822808,0.011858765923262309,0.01687005087793122,0.018667992808232278,0.018591484640985426,0.01029034849470181,0.0059293829616311544
06,6520,06520,0606520,45078.0,2312,0.0465193664315187,0.3649895736279338,0.3645680819912152,0.22392297794933227,0.05202094147921381,0.026820178357513644,0.029060739163228183,0.031833710457429346,0.03103509472469941,0.031545321442832425,0.031500953902125206,0.025777541150894007,0.041505834331603,0.06047295798393895,0.09625537956431075,0.1357203070233817,0.1056834819645947,0.08700474732685567,0.09618882825324993,0.11757398287412929,0.007808687164470474,0.000887350814144372,0.0026842362127867253,0.0019743555614712277,0.0037934247304671903,0.0038821598118816275,0.0011313722880340743,0.0003105727849505302,0.005989617995474511,0.0017525178579351347,0.005989617995474511,0.006876968809618883,0.0009760858955588092,0.0008429832734371534,0.001619415235813479,0.0,0.0202759661031989,0.01016016682195306,0.007853054705177692,0.012422911398021208,0.013731753848884157,0.011890500909534585,0.01109188517680465,0.010315453214428325,0.01583921203247704,0.02442433115932384,0.035005989617995475,0.05173255246461689,0.04097342384311638,0.03826700385997604,0.03425174142597276,0.026753627046452816,0.012800035494032566,0.005679045210523981,0.00634455832113226,0.005989617995474511,0.008074892408713785,0.005191002262744576,0.014175429255956343,0.0033719330937486136,0.014108877944895515,0.017924486445716314,0.029216025555703448,0.051821287546031325,0.043879497759439196,0.03826700385997604,0.04241536891610098,0.06530901992102578,0.011136252717511869,0.010093615510892232,0.012178889924131506,0.011446825502462399,0.0054350237366342785,0.010581658458671636,0.005102267181330139,0.011779582057766538,0.005568126358755934,0.016371622520963663,0.026043746395137318,0.025289498203114602,0.019854474466480324,0.009627756333466436,0.017902302675362705,0.025511335906650695
06,6521,06521,0606521,30828.0,1520,0.006001038017386791,0.266510964058648,0.505741533670689,0.22174646425327624,0.02205786946931361,0.020500843389126767,0.026209939016478525,0.01258596081484365,0.017743609705462567,0.01732191514207863,0.03195147268716751,0.02111716621253406,0.017192162968729725,0.05556636823666796,0.06922278448164007,0.11775009731413001,0.12488646684831971,0.11820422992085118,0.1197288179577008,0.20796029583495523,0.00019462826002335538,0.0,0.0007136369534189698,0.0,0.0,0.0,0.0,9.731413001167769e-05,0.0005190086933956144,0.0005514467367328402,0.0006163228234072921,0.0011677695601401323,0.0015245880368496172,0.0,0.0,0.0006163228234072921,0.00703905540417802,0.002627481510315298,0.005287401063967821,0.004184507590502141,0.003827689113792656,0.00434669780718827,0.008012196704294797,0.007395873880887505,0.006065914104061243,0.016186583625275724,0.01122356299468016,0.03960685091475282,0.030978331387050733,0.03480602050084339,0.0341896976774361,0.0507330997794213,0.006292980407421825,0.009309718437783833,0.008823147787725444,0.004281821720513819,0.0045737641105488515,0.006714674970805761,0.008401453224341507,0.007558064097573635,0.004638640197223303,0.019560140132347217,0.04109900090826522,0.05624756714674971,0.07103931490852472,0.06010769430387959,0.06915790839496562,0.12793564292201895,0.008531205397690412,0.008563643441027637,0.011385753211366291,0.004119631503827689,0.009342156481121059,0.006260542364084598,0.015537822758531205,0.006065914104061243,0.005968599974049566,0.019268197742312185,0.0162838977552874,0.020727909692487348,0.02134423251589464,0.023290515116128195,0.01638121188529908,0.028675230310107696
06,6522,06522,0606522,40943.0,2184,0.021444447158244388,0.3321446889578194,0.4268861588061451,0.21952470507779107,0.041276897149695915,0.02559656107271084,0.020174388784407592,0.025034804484283028,0.031727035146423076,0.02520577388076106,0.04069071636177124,0.039738172581393644,0.022714505532081188,0.05712820262315903,0.0884156021786386,0.14278387025865227,0.1224140878782698,0.09657328481059033,0.11071489631927313,0.10981120093788926,0.001392179371321105,0.0,0.0,0.0018073907627677503,0.0006838775859121217,0.002491268348679872,0.0017585423637740273,0.0009525437803775981,0.002076056957233227,0.0028820555406296557,0.0009281195808807367,0.0034193879295606085,0.0018318149622646117,0.0002686661944654764,0.0009525437803775981,0.0,0.00639914026817771,0.0028576313411327946,0.001196785775346213,0.007131866253083556,0.015143003688054124,0.007083017854089832,0.016266516864909753,0.010673375180128472,0.006912048457611801,0.018318149622646118,0.0360256942578707,0.049629973377622545,0.05429499548152309,0.03275285152529126,0.03841926580856313,0.02904037320176831,0.017609847837237135,0.007986713235473708,0.0031507217350951323,0.0075470776445302,0.00901252961434189,0.0061060498742153725,0.011601494761009207,0.016339789463400336,0.007522653445033339,0.020760569572332268,0.029797523386171018,0.06626285323498522,0.04872627799623867,0.05092445595095621,0.05671299123171238,0.06682460982341304,0.015875729672959967,0.01475221649610434,0.015826881273966246,0.008548469823901521,0.00688762425811494,0.009525437803775981,0.011064162372078254,0.011772464157487238,0.006203746672202818,0.015167427887550985,0.021664264953716143,0.02347165571648389,0.01756099943824341,0.012627311139877391,0.014630095498620033,0.013946217912707911
06,6523,06523,0606523,45292.0,2064,0.016426742029497482,0.3437251611763667,0.41391415702552325,0.22593393976861256,0.03669522211428067,0.021019164532367747,0.013975978097677293,0.01967234831758368,0.019186611322087786,0.020886690806323414,0.02130619093879714,0.016647531572904706,0.02667137684359269,0.05786893932703347,0.07566457652565574,0.146515941005034,0.13015543583855868,0.11348582531131325,0.1330256999028526,0.1472224675439371,0.0007727634019252848,0.0,0.0,0.0,0.0018325532102799612,0.0018987900733021285,0.000574052812858783,0.0003753422237922812,0.0011922635343990108,0.002980658835997527,0.0015013688951691247,0.0036209485118784772,0.0013909741234655127,6.623686302216727e-05,0.00022078954340722424,0.0,0.009074450234036916,0.006756160028261062,0.0005298949041773382,0.0073964497041420114,0.0029585798816568047,0.003532632694515588,0.009869292590302923,0.0032456062880861962,0.00792634460831935,0.02066590126291619,0.030380641172834056,0.058376755276870085,0.04925814713415173,0.05113485825311313,0.044312461361829904,0.03830698578115341,0.012872030380641173,0.0054535017221584384,0.002207895434072242,0.005254791133091937,0.004769054137596043,0.00655744943919456,0.0033118431511083633,0.005806764991609997,0.010421266448820984,0.01730990020312638,0.022586770290559038,0.04758014660425682,0.05914951867879537,0.04764638346727899,0.07367747063499072,0.0893093703082222,0.013975978097677293,0.008809502781948248,0.011238187759427714,0.007021107480349731,0.009626424092554977,0.008897818599311137,0.007551002384527068,0.0072198180694162326,0.007131502252053343,0.016912479024993377,0.021195796167093526,0.036938090612028615,0.020356795902146074,0.014638346727898967,0.014814978362624746,0.019606111454561512
06,6524,06524,0606524,58029.0,2504,0.012855641144944769,0.36285305623050546,0.40764100708266554,0.21665029554188422,0.032449292595081766,0.019817677368212445,0.016319426493649727,0.022437057333402264,0.017008737010804943,0.015905840183356598,0.024263730203863586,0.02000723776043013,0.027210532664702133,0.06570852504782092,0.08942080683796033,0.15749022040703786,0.12859087697530544,0.09915731789277775,0.1270571610746351,0.137155560150959,0.0002929569697909666,0.0002584914439332058,0.00024125868100432541,0.0012062934050216271,0.0014820176118837134,0.00036188802150648815,0.0008271726205862586,0.0,0.0007237760430129763,0.0007065432800840959,0.0008616381464440194,0.002050698788536766,0.0026021472022609384,0.0004997501249375312,0.0007410088059418567,0.0,0.008512984886866911,0.00534215650795292,0.0022402591807544506,0.006496751624187906,0.003911837184855848,0.0014992503748125937,0.005600647951886126,0.006289958469041341,0.010098399076323906,0.02893380895759017,0.03749849213324372,0.06793155146564649,0.04739009805442106,0.04099674300780644,0.04985438315325096,0.04025573420186458,0.01023626117975495,0.005411087559668442,0.004463285598580021,0.005204294404521877,0.004618380464939944,0.007237760430129763,0.007186062141343121,0.007685812266280653,0.006634613727618949,0.02128246221716728,0.02753795516035086,0.054093642833755534,0.056764721087732,0.04807940857157628,0.06298574850505781,0.07821951093418808,0.013407089558668941,0.008805941856657878,0.00937462303331093,0.009529717899670853,0.0069965017491254375,0.006806941356907753,0.010649847490048079,0.006031467025108136,0.0097537438177463,0.014785710592979373,0.02352272139792173,0.033414327319099074,0.02183391063089145,0.009581416188457495,0.013476020610384463,0.01868031501490634
06,6525,06525,0606525,46125.0,1895,0.01994579945799458,0.32474796747967477,0.3297560975609756,0.32555013550135503,0.06124661246612466,0.05289972899728997,0.04160433604336043,0.05506775067750678,0.04275338753387534,0.04680758807588076,0.04362059620596206,0.04275338753387534,0.04808672086720867,0.07657452574525746,0.09760433604336044,0.12112737127371273,0.08626558265582655,0.05643360433604336,0.06070460704607046,0.06644986449864498,0.0011924119241192412,0.0,0.0008455284552845528,0.0,0.001149051490514905,0.002233062330623306,0.001951219512195122,0.0,0.0,0.004422764227642277,0.0014092140921409214,0.0008455284552845528,0.0034688346883468835,0.0016910569105691056,0.0,0.0007371273712737127,0.011338753387533875,0.014157181571815718,0.005246612466124661,0.010449864498644986,0.009604336043360433,0.017669376693766937,0.012032520325203253,0.008672086720867209,0.01818970189701897,0.03429810298102981,0.04008672086720867,0.049149051490514906,0.030178861788617888,0.02621138211382114,0.020769647696476965,0.01669376693766938,0.02202710027100271,0.015284552845528456,0.009344173441734417,0.010471544715447154,0.013051490514905149,0.006287262872628726,0.011317073170731707,0.013268292682926829,0.013506775067750677,0.017582655826558265,0.03219512195121951,0.04253658536585366,0.03514363143631436,0.020531165311653117,0.03176151761517615,0.035447154471544715,0.026688346883468834,0.0234579945799458,0.026168021680216803,0.03414634146341464,0.018948509485094852,0.02061788617886179,0.01831978319783198,0.0208130081300813,0.016390243902439025,0.0202710027100271,0.02391327913279133,0.02859620596205962,0.017474254742547424,0.008,0.008173441734417345,0.013571815718157182
06,6701,06701,0606701,42767.0,2184,0.0397035097154348,0.3400986742114247,0.33684850468819416,0.28334931138494635,0.04281338415133164,0.02399045993406131,0.028386372670516986,0.03324993569808497,0.03825379381298665,0.0337409685037529,0.04807444992634508,0.034442443940421355,0.03736525825987327,0.08822222741833657,0.11557976944840648,0.14955456309771553,0.11859611382608086,0.08207262609020974,0.08225968620665466,0.04339794701522202,0.004699885425678677,0.00025720766011176843,0.0010755956695583044,0.0017069235625599177,0.004582972852900601,0.0,0.004910328056679215,0.0006547104075572287,0.004699885425678677,0.0014964809315593799,0.007225196997685131,0.005003858114901677,0.00339046461056422,0.0,0.0,0.0,0.01611055252881895,0.003320317066897374,0.008511235298243974,0.007996819978020436,0.008207262609020974,0.007178431968573901,0.013328033296700728,0.009937568686136508,0.008300792667243435,0.035822012299202656,0.04187808356910702,0.060701007786377346,0.04844857015923493,0.027006804311735685,0.03201066242663736,0.011340519559473426,0.013538475927701264,0.007014754366684593,0.0044192952510112935,0.00972712605513597,0.009095798162134357,0.00528444828956906,0.01136390207402904,0.00867491290013328,0.012439497743587345,0.02787195735029345,0.0336006734164192,0.052774335352023756,0.046694881567563774,0.037084668085205885,0.0352842144644235,0.02197956368227839,0.008464470269132742,0.013398180840367573,0.014380246451703417,0.013819066102368648,0.016367760188930717,0.021278088245609932,0.018472186498936095,0.015175251946594337,0.01192508242336381,0.02303177683728108,0.03287581546519513,0.031075361844412747,0.020062197488717938,0.017981153693268175,0.014964809315593798,0.010077863773470199
06,6703,06703,0606703,47857.0,2320,0.018241845498046264,0.2926008734354431,0.3507950770002298,0.3383622040662808,0.04872850366717513,0.0357314499446267,0.030465762584365924,0.01987170110955555,0.03585682345320434,0.03178218442443112,0.03890757882859352,0.02294335206970767,0.03823892011617945,0.055310612867501094,0.08721817080050985,0.1399795223269323,0.09722715590195792,0.07200618509308983,0.11070480807405396,0.13502726873811563,0.0023194099086862948,0.000814927805754644,0.0002089558476293959,0.00029253818668115427,0.0012537350857763755,0.0,0.0022358275696345363,0.0017552291200869257,0.0013164218400651942,0.002465679002026872,0.0022358275696345363,0.0017761247048498651,0.00029253818668115427,0.0005641807885993689,0.0005014940343105502,0.0002089558476293959,0.017092588336084586,0.01025973211860334,0.007020916480347703,0.00509852268215726,0.009549282236663393,0.011534362789142653,0.010656748229099192,0.004555237478320831,0.01385377269782895,0.01481496959692417,0.02601500302985979,0.048247905217627514,0.028752324633804876,0.023716488705936435,0.026244854462252127,0.03518816474079027,0.011889587730112627,0.006811960632718306,0.008003008964205863,0.006477631276511273,0.012140334747267903,0.007376141421317675,0.009904507177633366,0.008379129489938776,0.012474664103474935,0.013561234511147794,0.025910525106045093,0.04049564327057693,0.036588168919907224,0.029170236329063667,0.058925549031489645,0.06268675428881877,0.01742691769229162,0.01784482938755041,0.015232881292182962,0.008003008964205863,0.012913471383496668,0.012871680213970787,0.016110495852226424,0.008253755981361138,0.010594061474810373,0.02446872975740226,0.03305681509497043,0.04945984913387801,0.03159412416156466,0.018555279269490358,0.02503291054600163,0.036943393860877194
06,6704,06704,0606704,50083.0,2172,0.04456602040612583,0.4150709821695985,0.32865443364015734,0.21170856378411837,0.06575085358305213,0.052932132659784754,0.041451191022901984,0.04784058462951501,0.0575045424595172,0.043148373699658564,0.050116806101870894,0.038875466725236105,0.05381067428069405,0.09190743366012419,0.10460635345326758,0.13130203861589762,0.0844597967374159,0.05157438651837949,0.04891879480063095,0.035800571052053594,0.005011680610187089,0.0017970169518599125,0.002815326557913863,0.0021763871972525608,0.0015374478365912585,0.003094862528203183,0.0016173152566739213,0.0008585747658886248,0.002356088892438552,0.005430984565621069,0.00473214463989777,0.008366112253658926,0.0024958568775832117,0.0008386079108679592,0.00013976798514465986,0.0012978455763432701,0.025437773296328094,0.02036619212107901,0.007287902082542978,0.019447716790128387,0.029610845995647225,0.01265898608310205,0.020745562366471657,0.017151528462751833,0.027614160493580658,0.03677894694806621,0.045783998562386435,0.06397380348621289,0.03785715711918216,0.02082542978655432,0.018988479124653075,0.010542499450911487,0.019088313399756404,0.013817063674300661,0.01405666593454865,0.010402731465766826,0.014635704730147954,0.014675638440189286,0.01623305313180121,0.011261306231655452,0.016213086276780544,0.025058403050935447,0.036898748078190206,0.041630892718087974,0.03046942076153585,0.026496016612423377,0.020565860671285664,0.017151528462751833,0.016213086276780544,0.016951859912545175,0.017291296447896492,0.015813749176367232,0.011720543897130764,0.012718886648164047,0.011520875346924106,0.0096040572649402,0.007627338617894296,0.02463909909550147,0.017191462172793163,0.017331230157937822,0.01363736197911467,0.003414332208533834,0.009224687019547552,0.006808697562047002
06,6705,06705,0606705,45458.0,1899,0.02468212415856395,0.4124246557261648,0.38252892780148706,0.18036429231378415,0.03792511769105548,0.026683972018126622,0.02701394694003256,0.023340226142813145,0.02065643011131154,0.028421839940164548,0.025958027189933564,0.025408068986757005,0.041972810066434954,0.0546218487394958,0.09272295305556778,0.16758326367196094,0.13148400721545161,0.08788332086761406,0.08772933257072463,0.12059483479255577,0.0022218311408332965,0.0,0.0003079765937788728,0.0,0.0009459281094636808,0.0006159531875577456,0.002749791015882793,0.0011439130626072417,0.0014518896563861146,0.00043996656254124684,0.004531655594174843,0.0047296405473184035,0.0018918562189273616,0.0009899247657178055,0.0,0.0026617977033745435,0.014012935016938713,0.004531655594174843,0.008513352985173127,0.0055215803598926486,0.008887324563333186,0.010449205860354614,0.0073474415944388225,0.008205376391394254,0.02301025122090721,0.03130362092480971,0.035483303268951556,0.07035065335034538,0.05677768489594791,0.043974657925997626,0.04287474151964451,0.041180870253860705,0.012187073782392538,0.008205376391394254,0.007457433235074134,0.0037837124378547232,0.005983545250560957,0.013111003563729157,0.005917550266179771,0.009041312860222623,0.011307140657310045,0.013924941704430463,0.03508733336266444,0.07303444938184699,0.05464384706762286,0.03466936512825025,0.03623124642527168,0.05794359628668221,0.009503277750890932,0.013946940032557526,0.010735184126006424,0.014034933345065776,0.004839632187953716,0.004245677328523032,0.00994324431343218,0.007017466672532888,0.006203528531831581,0.008953319547714373,0.017620660829776938,0.019468520392450173,0.018170619032953497,0.008249373047648379,0.008623344625808438,0.018808570548638305
06,6706,06706,0606706,38715.0,1698,0.027715355805243445,0.36820353868009814,0.4059408497998192,0.1981402557148392,0.054139222523569674,0.03851220457187137,0.038925481079684875,0.030814929613844765,0.04403977786387705,0.03636833268758879,0.02750871755133669,0.04127599121787421,0.043703990701278575,0.06656334753971328,0.11246286968875113,0.1494511171380602,0.10078780834301951,0.08237117396358001,0.07191011235955057,0.06116492315639933,0.0026862973007878085,0.000413276507813509,0.0006457445434586077,0.0,0.001575616686039003,0.0034353609711997935,0.0,0.004261913986826811,0.0027637866460028413,0.0028154462094795297,0.0012656593051788712,0.004055275732920057,0.0021438718842825776,0.0,0.00033578716259847607,0.0013173188686555599,0.01815833656205605,0.009479529897972362,0.012682422833527057,0.008497998191915278,0.021774506005424254,0.015601188169959963,0.008007232338886736,0.010951827457057988,0.016556890094278704,0.026914632571354773,0.050600542425416506,0.05586981790003875,0.03887382151620819,0.03409531189461449,0.02115459124370399,0.01898488957768307,0.02211029316802273,0.018674932196822938,0.013457316285677387,0.006819062378922898,0.013276507813508975,0.006534934779801111,0.012656593051788713,0.015678677515175,0.013999741702182617,0.02270437814800465,0.04104352318222911,0.06227560377114814,0.04595118171251453,0.03703990701278574,0.040165310603125406,0.03355288647810926,0.011184295492703087,0.00994446596926256,0.012139997417021826,0.015497869043006587,0.0074131473589048175,0.010796848766627922,0.006844892160661242,0.010383572258814413,0.010383572258814413,0.014128890610874339,0.019553144775926644,0.027250419733953247,0.013818933230014206,0.011235955056179775,0.010254423350122692,0.00730982823195144
06,6707,06707,0606707,61932.0,3259,0.04937673577472066,0.41566556868823873,0.29244978363366275,0.2425079119033779,0.061519085448556485,0.056917264096105404,0.02722340631660531,0.031502292837305435,0.027126525867080024,0.03581347284118065,0.03944648969837887,0.028224504295033263,0.031841374410643934,0.05507653555512498,0.08305883872634502,0.12368404056061487,0.10642317380352645,0.06844603758961441,0.08966285603565201,0.1340341019182329,0.014806562035781179,0.0018407285409804302,0.0009042175289026675,0.003293935283859717,0.0037621907898985987,0.0028256797778208357,0.0009203642704902151,0.0015016469676419298,0.0037621907898985987,0.002987147193696312,0.004214299554349932,0.003293935283859717,0.004311180003875218,0.0005328424723890719,0.00041981528127623844,0.0,0.016130594845960085,0.010689142930956533,0.0047471420267390044,0.008832267648388556,0.007944196861073435,0.014838855518956275,0.015533165407220823,0.012917393270038106,0.013014273719563391,0.026997351934379642,0.0439675773428922,0.05735322611896919,0.04529161015307111,0.037072918685009365,0.03926887554091584,0.06106697668410515,0.017438480914551444,0.020635535748885873,0.007217593489633792,0.0071045662985209585,0.006587870567719434,0.008412452367112317,0.014015371697991346,0.005812826971517148,0.0073467674223341725,0.012465284505586772,0.017309306981851062,0.03704062520183427,0.030921010140153717,0.017906736420590326,0.03043660789252729,0.05179874701285281,0.013143447652263773,0.023751856875282567,0.014354453271329845,0.012271523606536201,0.008832267648388556,0.009736485177291223,0.008977588322676484,0.007992637085836078,0.007718142478847769,0.012626751921462249,0.017567654847251826,0.02599625395595169,0.025899373506426404,0.012933540011625654,0.019537557320932635,0.021168378221274948
06,6709,06709,0606709,51732.0,2387,0.03487203278435011,0.35477074151395654,0.3401569628083198,0.27020026289337357,0.05773989020335576,0.033692878682440267,0.03266836774143664,0.037732931261114974,0.03454341606742442,0.02617335498337586,0.04318410268305884,0.029749478079331943,0.03937601484574345,0.07803680507229568,0.10857882935127194,0.14200108250212634,0.10165854790071908,0.0680623211938452,0.08399056676718472,0.08281141266527488,0.005296528261037656,0.00046392948271862676,0.0019523699064408876,0.003846748627541947,0.001159823706796567,0.0005412510631717313,0.0041367045542410885,0.001681744374855022,0.0004059382973787984,0.0004059382973787984,0.008254078713368902,0.0005412510631717313,0.003170184798577283,0.0010631717312301863,0.000985850150777082,0.0009665197556638057,0.017841954689553855,0.00771282765019717,0.012429444057836542,0.010921673239001005,0.012062166550684296,0.008331400293822006,0.017957937060233513,0.00910461609835305,0.01587025438799969,0.0285703239774221,0.04121240238150468,0.05955694734400371,0.03060001546431609,0.02915023583082038,0.02447228021340756,0.028976262274800896,0.017146060465475916,0.008350730688935281,0.005141885100131447,0.012216809711590506,0.008331400293822006,0.009317250444599088,0.010129127039356685,0.007925461996443207,0.012081496945797573,0.02971081728910539,0.031585865615093175,0.04915719477306116,0.04486584705791386,0.02203665042913477,0.038718781411892056,0.03344158354596768,0.017455346787288332,0.01716539086058919,0.013144668677027758,0.01074769968298152,0.012990025516121549,0.007983453181783036,0.010960334029227558,0.011037655609680662,0.011018325214567385,0.01934972550838939,0.027526482641305187,0.03274568932188974,0.023022500579911852,0.01581226320265986,0.01981365499110802,0.019427047088842495
06,6712,06712,0606712,43645.0,2245,0.015717722534081796,0.293504410585405,0.4165196471531676,0.27425821972734565,0.03370374613357773,0.015282392026578074,0.022637186390193607,0.01658838354908924,0.023164165425592853,0.02577614847061519,0.023416198877305533,0.021720701111238402,0.024790926795738345,0.047863443693435676,0.07643487226486424,0.12569595600870662,0.10523542215603161,0.08543934013059916,0.14251346087753466,0.20973765608889908,0.0007331882231641654,0.0011456065986940084,0.0002978577156604422,0.0,0.0012830793905372895,0.0017184098980410128,0.0005040669034253638,0.0,0.0004582426394776034,0.0014434643143544507,0.0020850040096230954,0.004674074922671555,0.00032076984763432237,0.0004582426394776034,0.0005957154313208844,0.0,0.007950509794936418,0.0033222591362126247,0.004124183755298431,0.0008248367510596861,0.0010768702027723679,0.005659296597548402,0.005063581166227517,0.004124183755298431,0.004765723450567075,0.011822660098522168,0.021308282735708558,0.0452972849123611,0.03533050750372322,0.02428685989231298,0.05288120059571543,0.06566617023714057,0.01216634207813037,0.0023370374613357774,0.007011112384007332,0.00272654370489174,0.009966777408637873,0.009050292129682667,0.004536602130828273,0.005521823805705121,0.01365563065643258,0.015328216290525833,0.021354106999656317,0.042570741207469356,0.04073777064955894,0.03372665826555161,0.0704777179516554,0.1253522740290984,0.012853706037346774,0.008477488830335663,0.011204032535227403,0.013037003093137817,0.01083743842364532,0.00934814984534311,0.013311948676824378,0.01207469355023485,0.005911330049261084,0.019269102990033222,0.03168747851987627,0.033153854966204606,0.028846374155115134,0.02696757933325696,0.018558826898842938,0.0187192118226601
06,6713,06713,0606713,39476.0,2052,0.02994224338838788,0.38071233154321615,0.34874354037896443,0.24060188468943156,0.052335596311683046,0.035287263147228694,0.02102543317458709,0.030347552943560646,0.032627419191407436,0.0231533083392441,0.03885905360218867,0.024293241463167494,0.030980849123518086,0.08331644543520113,0.11607052386260006,0.15242172459215725,0.12146620731583747,0.06545749316040125,0.08673624480697133,0.08562164353024622,0.001773229303880839,0.0004559732495693586,0.0007092917215523356,0.0026345121086229608,0.0009372783463370149,0.0009372783463370149,0.005902320397203364,0.0,0.0,0.003115817205390617,0.0061049751747897455,0.002938494275002533,0.001266592359914885,0.0,0.0018998885398723276,0.001266592359914885,0.01664302360928159,0.005902320397203364,0.008638159894619515,0.005573006383625494,0.01737764717803222,0.009575438240956531,0.011829972641605025,0.010538048434491843,0.013932515959063734,0.03437531664808998,0.04572398419292735,0.0572753065153511,0.06251899888539872,0.02289998986726112,0.035388590536021884,0.022520012159286656,0.02026547775863816,0.015959063734927552,0.005015705745262945,0.01167798155841524,0.004534400648495288,0.0049143783564697535,0.012767250987942041,0.007700881548282501,0.004179754787719121,0.022317357381700275,0.03977100010132739,0.053247542810821766,0.033412706454554665,0.029714256763603203,0.03782044786705847,0.04544533387374607,0.01365386563988246,0.012969905765528422,0.006662275813152295,0.01046205289289695,0.009778093018542912,0.007726213395480798,0.008359509575438242,0.00605431148039315,0.012868578376735232,0.023507954200020265,0.024470564393555577,0.03896038099098186,0.024267909615969196,0.012843246529536934,0.011627317864018645,0.01638970513729861
06,6714,06714,0606714,48221.0,2211,0.04091578357976815,0.3948901930694096,0.3371560108666349,0.2270380124841874,0.06864229277700587,0.05885402625412165,0.0478422264158769,0.04319694738806744,0.04319694738806744,0.04477302420107422,0.04429605358661164,0.041579394869455215,0.05095290433628502,0.09066589245349536,0.09294705626179466,0.1379481968436988,0.06901557412745485,0.060243462391903944,0.05831484208125091,0.04753115862383609,0.006656850749673379,0.00014516496961904565,0.0033595321540407707,0.0016797660770203854,0.0028203479811700297,0.0015968146658095022,0.0011820576097550859,0.001078368345741482,0.003525434976462537,0.006760540013686983,0.00539184172870741,0.004251259824557765,0.0005806598784761826,0.0002695920864353705,0.0002695920864353705,0.0013479604321768525,0.024035171398353414,0.01287820659048962,0.011882789655959023,0.01032745069575496,0.014765351195537214,0.010928848427033865,0.01673544721179569,0.014184691317061031,0.018622591816843285,0.04242964683436677,0.036146077435142365,0.0630845482258767,0.03336720515957778,0.03307687522033968,0.032081458285809085,0.020343833599469112,0.026088218825822775,0.021484415503618754,0.012815993032081458,0.016299952302938552,0.011447294747101886,0.018456688994421516,0.019825387279401092,0.014475021256299122,0.013085585118516829,0.021629580473237802,0.03612533958233964,0.04510482984591775,0.023765579311918045,0.01827004831919703,0.019535057340163,0.01874701893365961,0.0118620518031563,0.024346239190394227,0.019783911573795648,0.014889778312353538,0.01416395346425831,0.013790672113809336,0.006553161485659775,0.01184131395035358,0.01571929242446237,0.019846125132203813,0.015283797515605234,0.025507558947346593,0.01130212977748284,0.008626946765931856,0.00642873436884345,0.007092345658530516
06,6715,06715,0606715,33394.0,1635,0.012966401149907169,0.29951488291309813,0.49023776726358026,0.1972809486734144,0.03168233814457687,0.011558962687908007,0.02045277594777505,0.02320776187339043,0.023147870875007488,0.018865664490627057,0.02144097742109361,0.023686889860453975,0.027370186261004972,0.05048811163682099,0.08318859675390788,0.13996526322093789,0.14835000299454992,0.08324848775229084,0.1353237108462598,0.15802239923339523,0.0005689644846379589,0.0005090734862550158,0.00023956399353177216,0.0006588009822123735,0.0,0.00491106186740133,0.000748637479786788,0.0,0.0,0.0007785829789782596,0.0009283104749356172,0.0,0.0014373839611906331,0.0,0.0010780379708929747,0.0011079834700844463,0.009223213750973229,0.0017667844522968198,0.004431933880337785,0.006468227825357849,0.004342097382763371,0.004401988381146314,0.007037192309995808,0.0040426423908486555,0.0062286638318260765,0.014104330119183087,0.013146074145055997,0.04240282685512368,0.051506258609331015,0.03644367251602084,0.045127867281547586,0.04884110918129005,0.01476313110139546,0.0025154219320836077,0.009133377253398814,0.0029646044199556805,0.010660597712163862,0.007156974306761694,0.005989099838294304,0.013295801641013356,0.013056237647481584,0.022608851889561,0.04366053782116548,0.06737737318081093,0.07231838054740372,0.038030783973168836,0.07746900640833683,0.08923758759058513,0.007127028807570222,0.0067676828172725636,0.006647900820506678,0.013116128645864526,0.008145175780080253,0.002395639935317722,0.007666047793016709,0.006348445828591963,0.008085284781697311,0.01299634664909864,0.025453674312750793,0.030185063185003295,0.023087979876624542,0.008774031263101155,0.011648799185482422,0.018835718991435588
06,6716,06716,0606716,31749.0,1693,0.007590790261110586,0.32590002834734955,0.44086427918989574,0.22564490220164415,0.03924533056159249,0.022142429682824656,0.020189612271252638,0.026300040946171534,0.047308576648083404,0.02916627295347885,0.028284355412768906,0.02522914107530946,0.018646256575010237,0.05408044347853476,0.09893224983464047,0.12904343443887997,0.1254527701659895,0.08727833947525906,0.13776811868090333,0.11093262779930077,0.001448864531166336,0.0008819175407099436,0.0,0.0,0.0,0.00122838514598885,0.00012598822010142052,0.0,0.0018898233015213078,0.00025197644020284103,0.0,0.0015118586412170463,0.00025197644020284103,0.0,0.0,0.0,0.01442565120161265,0.0025197644020284104,0.003905634823144036,0.009323128287505119,0.02346530599388957,0.010236542883240418,0.010110554663138996,0.00853570191187124,0.00362216132791584,0.018331286024756685,0.024882673470030554,0.03688305143469086,0.04825348829884406,0.03045765220951841,0.04608019150209455,0.03486723991306813,0.012882295505370248,0.009228637122429053,0.0054804875744117925,0.00963809883775867,0.010771992818671455,0.006677375665375287,0.010331034048316482,0.012472833790040631,0.005260008189234306,0.021606979747393618,0.04100916564301238,0.05735613720117169,0.0610727896941636,0.041639106743519484,0.07631736432643547,0.059119972282591575,0.010488519323443258,0.009512110617657249,0.010803489873696809,0.007338813820907745,0.013071277835522378,0.011023969258874295,0.0077167784812120065,0.004220605373397588,0.007874263756338783,0.013890201266181613,0.03304041072159753,0.03329238716180037,0.015874515732778986,0.015181580522221173,0.015370562852373303,0.01694541560364106
06,6717,06717,0606717,33195.0,1711,0.011959632474770297,0.3045338153336346,0.407712004820003,0.2757945473715921,0.047597529748456095,0.017502635939147464,0.018346136466335292,0.023527639704774814,0.01882813676758548,0.021177888236180147,0.02693176683235427,0.02647989154993222,0.027263142039463773,0.055189034493146556,0.0898026811266757,0.14234071396294623,0.11607169754481096,0.08615755384847115,0.13646633529145955,0.1463172164482603,0.0020485012803133002,0.00042175026359391474,0.0,0.001295375809609881,0.0,0.0010543756589847869,0.0,0.0,0.0010543756589847869,0.0007531254707034192,0.003765627353517096,0.001295375809609881,0.0002711251694532309,0.0,0.0,0.0,0.004157252598282874,0.005302003313752071,0.006356378972736858,0.006657629161018226,0.0029221268263292664,0.004307877692423558,0.005693628558517849,0.014851634282271426,0.010453381533363459,0.016147010091881308,0.01918963699352312,0.040457900286187676,0.03434252146407592,0.030757644223527638,0.04949540593462871,0.05344178340111463,0.021539388462117788,0.00391625244765778,0.0039765024853140535,0.0032233770146106342,0.007290254556409098,0.00391625244765778,0.009067630667269167,0.00400662750414219,0.0068986293116433195,0.01807501129688206,0.03196264497665311,0.06190691369182106,0.05549028468142793,0.04027715017321886,0.063654164783853,0.0725109203193252,0.01985238740774213,0.007862629914143696,0.00801325500828438,0.012351257719536074,0.008615755384847115,0.011899382437114024,0.012170507606567254,0.007621629763518602,0.008856755535472209,0.02021388763367977,0.03488477180298238,0.03868052417532761,0.025967766229853893,0.015122759451724657,0.02331676457297786,0.020364512727820454
06,7101,07101,0607101,54035.0,2357,0.0684371240862404,0.35460349773295086,0.3117608957157398,0.26519848246506894,0.07702415101323216,0.06205237346164523,0.052651059498473214,0.05154066808550014,0.06134912556676228,0.039789025631535115,0.06980660682890719,0.04750624595169797,0.034607199037660775,0.07896733598593504,0.09801054871842324,0.11736837235125382,0.07933746645692606,0.04983806791894143,0.051374109373554175,0.02877764411955214,0.003516239474414731,0.007291570278523179,0.0031276024798741558,0.004034422133802165,0.009049690015730544,0.005126307023225687,0.01110391412973073,0.0005551957064865365,0.001795132784306468,0.008087350791153882,0.0072360507078745254,0.002998056815027297,0.0019801980198019802,0.00136948274266679,0.0011659109836217266,0.0,0.023854908855371518,0.007384102896270935,0.012528916443046174,0.017174053853983528,0.018802627926344035,0.00819838993245119,0.025946146016470807,0.016470805959100582,0.015027297122235588,0.026852965670398816,0.03914129730730082,0.05444619228277968,0.03864162117146294,0.021078930322938835,0.018413990931803462,0.01064125104099195,0.03364485981308411,0.026260756916813177,0.016766910335893403,0.013158138243730915,0.014657166651244564,0.009512353104469325,0.015101323216433793,0.012602942537244378,0.011011381511982974,0.018802627926344035,0.027500693994633108,0.03699454057555288,0.02448413065605626,0.01582307763486629,0.023096141389839918,0.012343851207550662,0.016008142870361803,0.02111594337003794,0.02022763023965948,0.017174053853983528,0.01883964097344314,0.016951975571388913,0.017655223466271863,0.017877301748866474,0.006773387619135746,0.02522439159803831,0.024132506708614786,0.022929582677893957,0.014231516609604885,0.011566577218469511,0.008698066068289071,0.005792541871009531
06,7102,07102,0607102,51392.0,1753,0.02280510585305106,0.3972602739726027,0.3796699875466999,0.20026463262764632,0.050435865504358655,0.04113480697384807,0.052556818181818184,0.04210772104607721,0.04852895392278954,0.03669831880448319,0.04263309464508094,0.037204234122042344,0.03722369240348693,0.07561488169364881,0.11439523661270237,0.14667652552926524,0.10340130759651307,0.05938667496886675,0.06417341220423413,0.047828455790784555,0.00400840597758406,0.0005642901618929016,0.0012453300124533001,0.0015372042341220424,0.0025684931506849314,0.0002918742216687422,0.0,0.00138153798256538,0.0011091220423412205,0.0010312889165628892,0.0015372042341220424,0.004845112079701121,0.0014204545454545455,0.0008172478206724782,0.00023349937733499379,0.00021404109589041095,0.01611145703611457,0.014204545454545454,0.017298412204234122,0.017395703611457036,0.019302615193026153,0.013445672478206725,0.0136986301369863,0.011577677459526774,0.01237546699875467,0.03035491905354919,0.054230230386052306,0.06312266500622665,0.03821606475716065,0.026949719800747198,0.03333203611457036,0.015644458281444583,0.017862702366127022,0.01500233499377335,0.01570283312577833,0.013932129514321295,0.01175280199252802,0.0112079701120797,0.01375700498132005,0.016150373599003735,0.015449875466998754,0.025217932752179328,0.04432596513075965,0.05454156288916563,0.052984900373599,0.023252646326276463,0.025704389788293897,0.022824564134495642,0.012453300124533,0.011363636363636364,0.01831024283935243,0.009242683686176837,0.014905043586550436,0.01175280199252802,0.015177459526774595,0.00809464508094645,0.008289227895392279,0.01901074097135741,0.014301836861768369,0.024167185554171855,0.010779887920298879,0.00836706102117061,0.004903486924034869,0.009145392278953923
06,7103,07103,0607103,56099.0,2267,0.02713060838874133,0.3393108611561703,0.37401736216331843,0.25954116829176993,0.051391290397333284,0.04431451541025687,0.038057719388937414,0.04647141660279149,0.056008128487138806,0.04991176313303267,0.051961710547425086,0.04231804488493556,0.04786181571864026,0.0728176972851566,0.09477887306369097,0.14410239041694148,0.08563432503253178,0.06542006096365355,0.05376209914615234,0.055188149521381846,0.0031907877145760173,0.0020677730440827823,0.0021390755628442576,0.0018182142284176189,0.003885987272500401,0.001408224745539136,0.0020499474143924135,0.0009269327438991783,0.0,0.0031016595661241732,0.003422520900550812,0.0020321217847020447,0.0007130251876147525,0.0,0.0,0.00037433822349774504,0.01620349738854525,0.01588263605411861,0.010160608923510223,0.011016239148647926,0.013137489081801814,0.01622132301823562,0.017914757838820655,0.013458350416228454,0.014955703310219434,0.023779390006951995,0.03363696322572595,0.06242535517567158,0.037326868571632296,0.021782919481630688,0.017344337688728853,0.014064421825700993,0.011533182409668621,0.014028770566320256,0.008502825362305923,0.017379988948109593,0.01969732080785754,0.01636392805575857,0.017166081391825166,0.015330041533717179,0.01484874953207722,0.02631062942298437,0.03645341271680422,0.05577639530116402,0.03000053476889071,0.032799158630278616,0.02748712098254871,0.03033922173300772,0.020463822884543396,0.012335335745735218,0.01725520954027701,0.016256974277616357,0.019287331324979055,0.015918287313499348,0.014830923902386852,0.01260272019109075,0.018057362876343606,0.01962601828909606,0.021265976220609994,0.02386851815540384,0.017593896504394017,0.010837982851744237,0.008930640474874775,0.010410167739175386
06,7104,07104,0607104,42787.0,1659,0.020543623063079906,0.32243438427559773,0.3835744501834669,0.2734475424778554,0.06574426811882114,0.024937481010587327,0.032042442798046133,0.03608572697314605,0.04405543739921004,0.037371164138640244,0.0386098581344801,0.030476546614625937,0.032276158646317804,0.05863930633136233,0.1161801481758478,0.1471241264870171,0.09589361254586673,0.06920326267324187,0.08511931194054269,0.08624114801224671,0.0006076612055063453,0.0008180054689508495,0.0010283497323953538,0.0007946338841236825,0.0022203005585808774,0.0010984644868768552,0.001612639353074532,0.001963213125482039,0.0,0.0006310327903335125,0.0020800710496178747,0.0023839016523710473,0.002313786897889546,0.0021034426344450417,0.0008881202234323509,0.0,0.013508776030102601,0.0027344754247785544,0.003739453572346741,0.005889639376446117,0.01409306565078178,0.013999579311473111,0.010774300605324047,0.011779278752892234,0.013088087503213592,0.016336737794189825,0.050646224320471174,0.04837918059223596,0.034543202374553016,0.023955874447846307,0.03816579802276392,0.020800710496178747,0.036670016593825225,0.010306868908780704,0.012877743239769089,0.013321803351485265,0.014186551990090447,0.007852852501928156,0.009979666721200365,0.0077359945777923204,0.009442120270175521,0.018837497370696708,0.0301493444270456,0.06146726809544955,0.03615584172762755,0.02947156846705775,0.031785355364947296,0.05333395657559539,0.014957814289386964,0.01107813120807722,0.014396896253534953,0.016079650361090984,0.013555519199756935,0.01442026783836212,0.016243251454881154,0.008998060158459345,0.009745950872928693,0.022834038376142285,0.03330450837871316,0.03489377614696053,0.02288078154579662,0.01367237712389277,0.014280038329399116,0.012106480940472574
06,7105,07105,0607105,50233.0,2099,0.022495172496167858,0.3288475703222981,0.38387116039257063,0.2647860967889634,0.044552385881790856,0.026396990026476618,0.0318117572113949,0.037306153325503154,0.028805765134473353,0.02197758445643302,0.020703521589393425,0.02466506081659467,0.04128759978500189,0.07479147174168375,0.0885075547946569,0.14020663707124797,0.10737961101268091,0.08830848247168196,0.103955567057512,0.1193438576234746,0.0018115581390719248,0.0,0.0002986084844624052,0.00248840403718671,0.004180518782473673,0.0014134134931220513,0.001293970099337089,0.0007763820596022535,0.0009555471502796966,0.0020703521589393427,0.003045806541516533,0.0011546194732546334,0.0011347122409571398,0.0,0.0008361037564947345,0.0010351760794696714,0.008699460514004737,0.0021300738558318235,0.006430036032090459,0.009774451058069396,0.0075249338084526106,0.0034041367228714193,0.005116158700455876,0.0042999621762586345,0.019648438277626263,0.030975653454900165,0.030258993092190392,0.05914438715585372,0.03702745207333824,0.04176537336014174,0.03899826807079012,0.02364979196942249,0.011506380267951347,0.006131427547628053,0.006350407102900484,0.011386936874166385,0.007624469969940079,0.009097605159954612,0.006290685406008003,0.00887862560468218,0.01055083311767165,0.02526227778551948,0.032309438018832244,0.05363008380944797,0.04256166265204148,0.03330479963370692,0.050703720661716405,0.06828180678040333,0.022534986960762844,0.01813548862301674,0.018732705591941554,0.013656361356080664,0.009475842573606992,0.00806242908048494,0.00800270738359246,0.0107100909760516,0.010132781239424283,0.016483188342324765,0.02289331714211773,0.02627754663269166,0.026655784046344038,0.013238309477833297,0.01341747456851074,0.026377082794179125
06,7107,07107,0607107,32325.0,1383,0.03273008507347255,0.3659087393658159,0.39560711523588554,0.205754060324826,0.052652745552977574,0.04900232018561485,0.021593194122196444,0.06892498066511987,0.051817478731631866,0.05645784996133024,0.04838360402165506,0.04897138437741686,0.04640371229698376,0.08049497293116782,0.09218870843000773,0.13664346481051817,0.08040216550657386,0.04643464810518175,0.06920340293890177,0.05042536736272235,0.001979891724671307,0.0013921113689095127,0.0004331013147718484,0.003959783449342614,0.0009899458623356535,0.003557617942768755,0.0003712296983758701,0.003557617942768755,0.0033410672853828307,0.0016395978344934262,0.0048569218870843,0.003402938901778809,0.0009280742459396752,0.002320185614849188,0.0,0.0,0.017633410672853827,0.015901005413766434,0.0030935808197989174,0.02740912606341841,0.023294663573085846,0.021778808971384376,0.02357308584686775,0.011477184841453983,0.026697602474864655,0.03901005413766435,0.03935034802784223,0.04748646558391338,0.025707656612529002,0.01639597834493426,0.01639597834493426,0.010703789636504254,0.022583139984532097,0.017509667440061872,0.00782675947409126,0.01952049497293117,0.014787316318638824,0.022706883217324052,0.01531322505800464,0.024996133023975253,0.01048723897911833,0.026264501160092806,0.029698375870069606,0.060757927300850736,0.03706109822119103,0.018561484918793503,0.03668986852281516,0.030843000773395204,0.01045630317092034,0.01419953596287703,0.010239752513534416,0.01803557617942769,0.01274555297757154,0.008414539829853055,0.009126063418406806,0.00894044856921887,0.005877803557617943,0.013580819798917248,0.018283062645011602,0.024996133023975253,0.016705336426914155,0.009156999226604795,0.01611755607115236,0.008878576952822893
06,7108,07108,0607108,48634.0,2176,0.025270386972077147,0.40771887979602744,0.37282559526257353,0.19418513796932188,0.06283669860591355,0.05872434922070979,0.045297528478019496,0.046448986305876544,0.05343998026072295,0.060040301023975,0.045133034502611344,0.04124686433359378,0.049307069128593166,0.08302833408726405,0.10013570752971172,0.1472426697372209,0.0835218160134885,0.04706583871365711,0.04632561582432043,0.030205206234321668,0.0018916807171937328,0.001480445778673356,0.0030431385450507874,8.224698770407533e-05,0.001973927704897808,0.00028786445696426366,0.0018094337294896575,0.00123370481556113,0.002241230414936053,0.0027963975819385615,0.0024057243903442037,0.0016655015010075256,0.001973927704897808,0.0003495496977423202,0.0012953900563391866,0.000740222889336678,0.01992433277131225,0.010692108401529794,0.011308960809310358,0.015195130978327918,0.030883743882880288,0.03123329358062261,0.020006579759016326,0.021219722827651437,0.017703664103302215,0.0359213718797549,0.044084385409384384,0.06372085372373237,0.033289468273224494,0.017251305670929803,0.022823539087880908,0.012460418637167413,0.021980507463914133,0.017970966813340462,0.014249290619731052,0.014681087305177448,0.013550191224246413,0.013303450261134185,0.018423325245712874,0.013714685199654563,0.022165563186248304,0.03148003454373484,0.03863552247398939,0.06117119710490603,0.037771929103096596,0.024201176131924167,0.019163548135049554,0.010363120450713493,0.019040177653493442,0.02858082822716618,0.016696138503927295,0.016490521034667107,0.007032117448698441,0.015215692725253938,0.0048936957683924824,0.005078751490726652,0.007196611424106592,0.012830530081835753,0.01501007525599375,0.02068511740757495,0.010486490932269606,0.005263807213060821,0.0030431385450507874,0.0066414442571040835
06,7110,07110,0607110,30278.0,1304,0.03187132571504062,0.4208336085606711,0.37403395204438866,0.1732611136798996,0.041581346191954555,0.03021996168835458,0.048880375189906865,0.04587489266133826,0.046205165466675475,0.04706387476055222,0.034711671840940615,0.037585045247374334,0.04032630953167316,0.08653147499834864,0.10770196182046371,0.16001717418587755,0.0934341766298963,0.061265605390052186,0.071107734989101,0.04749322940749059,0.0,0.0,0.0032697007728383644,0.0,0.002477046040029064,0.0,0.0013210912213488342,0.0016843913072197634,0.001354118501882555,0.004722901116322082,0.005185283043794174,0.007166919875817425,0.0037320827003104566,0.0009577911354779048,0.0,0.0,0.02008058656450228,0.007497192681154633,0.022227359799194133,0.016513640266860426,0.021930114274390646,0.022293414360261575,0.014862276240174385,0.015390712728713918,0.012880639408151134,0.03950062751833014,0.05148953035207081,0.07087654402536495,0.03636303586762666,0.02860162494220226,0.0270823700376511,0.013243939494022063,0.01354118501882555,0.007959574608626726,0.006803619789946496,0.014664112556972059,0.011130193539863928,0.014862276240174385,0.012253121078010437,0.010700838892925557,0.015787040095118568,0.02823832485633133,0.0418125371556906,0.06308210581940683,0.04032630953167316,0.02704934275711738,0.036296981306559215,0.029526388797146443,0.007959574608626726,0.014763194398573222,0.016579694827927868,0.01469713983750578,0.010667811612391836,0.009908184160116256,0.006275183301406962,0.009809102318515093,0.010304511526520906,0.014069621507365083,0.009214611268908117,0.018891604465288328,0.013012748530286016,0.00465684655525464,0.00772838364489068,0.004722901116322082
06,7111,07111,0607111,57942.0,2623,0.012288150219184703,0.33700942321631977,0.42944668806737774,0.2212557384971178,0.04604604604604605,0.021469745607676644,0.01808705256981119,0.024955990473231854,0.02250526388457423,0.034430982706844776,0.023264643954299127,0.02776914845880363,0.03270511891201546,0.05458907183045114,0.08713886300093196,0.1417106761934348,0.10850505678091885,0.09668288978633806,0.11464913189051121,0.14549031790411102,0.002537019778399089,0.000431465948707328,0.0,0.0006385696040868455,0.0,0.0,0.0,0.0,0.0010355182768975871,0.002140071105588347,0.00031065548306927616,0.002675088881985434,0.0006730868799834318,8.62931897414656e-05,0.0016740878809844326,8.62931897414656e-05,0.013858686272479376,0.0076973525249387316,0.0032101066583825203,0.0065237651444548,0.005074039556798178,0.009630319975147562,0.009975492734113424,0.010096303199751475,0.006834420627524076,0.019053536294915605,0.02904628766697732,0.05170687929308619,0.03431017224120672,0.04457906182044113,0.03881467674571123,0.046598322460391424,0.019933726830278553,0.003607055331193262,0.005246625936281109,0.009285147216181698,0.010631320976148563,0.015843429636533086,0.006644575610092852,0.00619585102343723,0.015688101894998446,0.01891546719132926,0.036432984708846775,0.05500327914121018,0.0521901211556384,0.03786545165855511,0.056642849746298025,0.07932070001035518,0.009716613164889027,0.00973387180283732,0.009630319975147562,0.00850850850850851,0.00679990335162749,0.00895723309516413,0.006644575610092852,0.011476994235614926,0.009147078112595354,0.014479997238617929,0.02134893514203859,0.03232542887715301,0.021331676504090298,0.01415208311760036,0.017517517517517518,0.019485002243622932
06,7112,07112,0607112,40622.0,2055,0.021466200580965978,0.3447639210280144,0.3869578061149131,0.24681207227610655,0.03739353059918271,0.026857367928708582,0.029614494608832653,0.04303086997193639,0.032125449263945643,0.03466102112155975,0.024371030476096695,0.03382403623652208,0.03160848801142238,0.06390625769287578,0.08766185810644478,0.14127812515385751,0.10546009551474571,0.08158140908867116,0.11983654177539264,0.10678942444980552,0.0013539461375609277,0.0006400472650288021,0.0,0.002092462212594161,0.002289399832603023,0.0010831569100487421,0.00029540643001329327,0.0003938752400177244,0.00029540643001329327,0.004234158830190537,0.0011323913150509577,0.0029786815026340407,0.0,0.002190931022598592,0.0019939934025897297,0.0004923440500221555,0.008837575697897691,0.006203535030279159,0.010683865885480774,0.006794347890305746,0.009379154152922061,0.012087046428043917,0.0078036531928511645,0.017847471813303137,0.011003889517995176,0.027226625966225198,0.028875978533799418,0.05147457042981635,0.03884594554674807,0.029688346216335974,0.04694500516961252,0.03106690955639801,0.013908719413125893,0.006178917827778051,0.0095022401654276,0.01954605878587957,0.008320614445374427,0.008689872482891044,0.007902122002855595,0.008616020875387721,0.009822263797942002,0.020506129683422775,0.032002363251440104,0.051991531682339616,0.041110728176849985,0.04044606370932007,0.049899069469745455,0.05851509034513318,0.013293289350598198,0.01383486780562257,0.009428388557924277,0.01459800108315691,0.012136280833046133,0.012800945300576043,0.008369848850376643,0.0069666683078135,0.010486928265471911,0.01193934321303727,0.0256511250061543,0.0348333415390675,0.025503421791147653,0.009256068140416523,0.02099847373344493,0.01671508049825218
06,7115,07115,0607115,32140.0,1423,0.006596141879278158,0.36238332296204107,0.45528935905413814,0.1757311761045426,0.026197884256378343,0.011729931549471065,0.02174859987554449,0.02881144990665837,0.025171126322339765,0.013378967019290604,0.02429993777224642,0.012414436838830117,0.028842563783447416,0.04906658369632856,0.11524579962663348,0.15143123833229621,0.13624766645924083,0.10202240199128812,0.1429993777224642,0.11039203484754201,0.0,0.0,0.001835718730553827,0.0,0.0005600497822028624,0.0,0.0008400746733042937,0.0,0.0,0.0003422526446795271,0.0009956440572495332,0.0010889856876166771,0.0,0.0003422526446795271,0.0005911636589919104,0.0,0.0023646546359676417,0.0004355942750466708,0.0038270068450528935,0.013907902924704419,0.009334163036714374,0.005662725575606721,0.012321095208462975,0.005538270068450529,0.013752333540759179,0.013814561294337275,0.035998755444928435,0.05528935905413815,0.05914747977598009,0.030927193528313628,0.05034225264467953,0.04971997510889857,0.020037336652146857,0.003266957062850031,0.00880522713130056,0.007716241443683883,0.008991910392034848,0.004200373366521469,0.007654013690105787,0.004387056627255756,0.008369632856253889,0.027349097697573117,0.05118232731798382,0.07237087741132545,0.05986309894212819,0.05189794648413192,0.06901057871810827,0.050186683260734284,0.0037958929682638458,0.008027380211574363,0.007280647168637212,0.007187305538270069,0.0062850031113876785,0.0035158680771624146,0.0034847542003733664,0.002489110143123833,0.00672059738643435,0.007560672059738644,0.027069072806471688,0.02268201617921593,0.017237087741132546,0.018855009334163036,0.023055382700684506,0.010485376477909147
06,7116,07116,0607116,36319.0,1457,0.024973154547206698,0.40144277100140424,0.35884798590269557,0.21473608854869353,0.051460667969933094,0.030534981690024506,0.029213359398661858,0.031195792835705827,0.042429582312288334,0.0449076241085933,0.047110327927531045,0.04454968473801591,0.037170626944574466,0.07913213469533853,0.1169360389878576,0.14031223326633444,0.11597235606707233,0.05129546518351276,0.08786034857787935,0.04991877529667667,0.0010738181117321511,0.00046807456152427106,0.0017621630551501969,0.0026707783804620173,0.002092568627990859,0.0004956083592609928,0.0012390208981524823,0.0,0.0009361491230485421,0.003496792312563672,0.005258955367713869,0.0013491560890993694,0.00286351496461907,0.0008535477298383767,0.0,0.0004130069660508274,0.020430077920647594,0.010352707949007407,0.008563011096120487,0.00815000413006966,0.012142404801894326,0.017869434731132464,0.013491560890993695,0.016520278642033096,0.02175170021201024,0.03827197885404334,0.05440678432776233,0.05691235992180402,0.05732536688785484,0.02274291693053223,0.030259643712657287,0.012252539992841212,0.015887001294088494,0.00663564525454996,0.007736997164018833,0.007434125388914893,0.016052204080508826,0.01610727167598227,0.020044604752333488,0.013243756711363198,0.006745780445496848,0.018282441697183294,0.044219279165175256,0.060409152234367686,0.03901539139293483,0.020402544122910874,0.041823838762080456,0.024807951760786366,0.014069770643464853,0.013078553924942867,0.01115118808337234,0.012940884936259259,0.012142404801894326,0.010435309342217572,0.012335141386051377,0.01478564938461962,0.007736997164018833,0.019080921831548227,0.013051020127206145,0.021641565021063354,0.01676808282166359,0.007296456400231284,0.015776866103141607,0.012445276576998265
06,7117,07117,0607117,28787.0,1369,0.011046653003091673,0.36707541598638277,0.41181783443915654,0.210060096571369,0.039913850001736896,0.03852433390071908,0.020182721367283843,0.02601868899155869,0.04700038211692778,0.02414284225518463,0.029214576023899676,0.028311390558238093,0.044707680550248374,0.07228957515545212,0.08833848612220795,0.15816167019835342,0.12095737659360128,0.08760899016917359,0.1052558446520999,0.06937159134331469,0.0,0.0,0.0,0.0,0.001424254003543266,0.0,0.0007989717580852468,0.00038211692777990065,0.0,0.0009379233681870288,0.0011810886858651475,0.0023969152742557404,0.00041685483030534616,0.001215826588390593,0.0012505644909160385,0.0010421370757633655,0.013408830374821969,0.005314899086393164,0.005349636988918609,0.005592802306596728,0.012957237641991177,0.008753951436412269,0.010977177198040783,0.01254038281168583,0.02438600757286275,0.03157675339562997,0.04140757981033105,0.060374474589224306,0.046409837773995204,0.03543266057595442,0.03407788237746205,0.01851530204606246,0.01556258033139959,0.014450967450585333,0.002084274151526731,0.00944870948692118,0.015597318233925036,0.00844131031368326,0.01222774168895682,0.008892903046514052,0.014972035988467016,0.0267134470420676,0.02501128981832077,0.07072636954180707,0.05679647062910342,0.043179212839128775,0.057873345607392226,0.029839858269357696,0.010942439295515336,0.018758467363740577,0.012748810226838504,0.010977177198040783,0.0170215722374683,0.0069475805050891026,0.005210685378816827,0.006495987772258311,0.005349636988918609,0.013061451349567514,0.020738527807690973,0.024663910793066315,0.01733421336019731,0.007781290165699795,0.012054052176329592,0.01997429395213117
06,7118,07118,0607118,54528.0,2517,0.029599471830985914,0.3980523767605634,0.39315580985915494,0.17919234154929578,0.04219850352112676,0.03216696009389671,0.031194982394366196,0.031158303990610328,0.03931924882629108,0.03447769953051643,0.03662338615023474,0.02763717723004695,0.04722344483568075,0.07253154342723005,0.10528535798122066,0.1505281690140845,0.11449163732394366,0.08348004694835681,0.09094410211267606,0.06073943661971831,0.0028609154929577466,0.003631161971830986,0.0021090082159624414,0.0012837441314553992,0.004823210093896714,0.0012103873239436619,0.000403462441314554,0.0007152288732394366,0.0,0.0012287265258215962,0.002622505868544601,0.004731514084507042,0.00188893779342723,0.0012470657276995305,0.0005134976525821597,0.0003301056338028169,0.015643339201877934,0.009389671361502348,0.01034330985915493,0.008839495305164318,0.01786238262910798,0.01472637910798122,0.014322916666666666,0.008160944835680752,0.02154856220657277,0.02855413732394366,0.042822036384976524,0.06875366784037559,0.04722344483568075,0.030498092723004695,0.036935152582159625,0.022428843896713613,0.012727406103286385,0.012195569248826291,0.00982981220657277,0.011828785211267605,0.011370305164319248,0.010233274647887324,0.01472637910798122,0.010233274647887324,0.016798708920187793,0.03035137910798122,0.03997946009389671,0.05267018779342723,0.049479166666666664,0.038310592723004695,0.04203345070422535,0.03038805751173709,0.010966842723004695,0.006950557511737089,0.008912852112676057,0.009206279342723004,0.005263350938967136,0.008307658450704225,0.007170627934272301,0.008527728873239437,0.008876173708920188,0.012397300469483568,0.019861355633802816,0.02437279929577465,0.015900088028169015,0.013424295774647887,0.01146200117370892,0.007592429577464789
06,7119,07119,0607119,51879.0,2458,0.01015825285761098,0.33103953430096955,0.4556757069334413,0.20312650590797818,0.04067156267468532,0.01480367778870063,0.015478324562925269,0.021183908710653638,0.019179244010100426,0.01983461516220436,0.037452533780527764,0.027930376452900016,0.03695136760538947,0.05601495788276566,0.08672102392104705,0.13410050309373736,0.12590836369243819,0.0937373503729833,0.12498313383064438,0.1450490564582972,0.002235972166001658,0.00042406368665548683,0.0008095761290695657,0.0,0.001060159216638717,0.0,0.00040478806453478285,0.0,0.0,0.00023130746544844735,0.0019275622120703945,0.0009830567281559012,0.0015034985254149078,0.00032768557605196706,0.0,0.0002505830875691513,0.012220744424526302,0.0042984637329169795,0.0032383045162782628,0.0019468378341910984,0.004163534378072052,0.003874400046261493,0.015960215115942866,0.01225929566876771,0.012027988203319262,0.015401222074442453,0.026985870968985522,0.05591857977216215,0.04782281848146649,0.033288999402455714,0.04822760654600127,0.033404653135179936,0.013685691705699802,0.0028142408296227763,0.00219742092176025,0.006418782166194414,0.00713198018466046,0.011199136452128992,0.013011044931475164,0.009657086682472676,0.017193854931667918,0.025771506775381176,0.028258062028951984,0.05582220166155863,0.05724859769849072,0.05125387921895179,0.06324331617802964,0.09076890456639489,0.012529154378457565,0.007266909539505388,0.00923302299581719,0.012818288710268124,0.006823570230729197,0.004761078663813875,0.008076485668574954,0.006013994101659631,0.007729524470402282,0.014610921567493591,0.02954952871103915,0.021376664931860676,0.019333448987066057,0.008866786175523816,0.013512211106613466,0.020624915669153223
06,7301,07301,0607301,61788.0,2936,0.06352366155240499,0.3852689842687901,0.3400660322392698,0.2111413219395352,0.03868064996439438,0.02631578947368421,0.03138149802550657,0.039586974817116594,0.02419563669320904,0.028452126626529423,0.03617207224703826,0.030944519971515504,0.034699294361364666,0.08249174597009128,0.10945491033857707,0.1486534602188127,0.0986923027125008,0.08260503657668156,0.09579530005826374,0.09187868194471419,0.003269243218747977,0.00011329060659027643,0.0,0.002443840227875963,0.005243736647892795,0.005891111542694374,0.0027513433029067134,0.0027189745581666343,0.004256489933320386,0.009613517187803457,0.012235385511749854,0.0082378455363501,0.0025247620897261604,0.002508577717356121,0.001715543471224186,0.0,0.010552210785265748,0.003900433741179517,0.010228523337864958,0.011701301223538551,0.0037385900174791223,0.011393798148507802,0.011782223085388748,0.01458211950540558,0.01108629507347705,0.029682138926652425,0.04716126108629507,0.06188903994303101,0.043956755357027255,0.04194989318314236,0.033161778986210914,0.03850262186832395,0.013287369715802421,0.006797436395416585,0.009079432899592154,0.010374182689195313,0.0058101896808441765,0.005114261668932479,0.00857771735612093,0.006069139638764809,0.012882760406551433,0.026202498867093933,0.032562957208519455,0.05264776331973846,0.03581601605489739,0.028662523467339936,0.05078656049718392,0.035395222373276365,0.011571826244578235,0.015504628730497832,0.01207354178804946,0.015067650676506766,0.009403120346992944,0.00605295526639477,0.013060788502621868,0.007574286269178481,0.006473748948015796,0.016993590988541463,0.01749530653201269,0.025878811419693143,0.016394769210850004,0.00948404220884314,0.010131417103644721,0.017980837703113872
06,7302,07302,0607302,42864.0,2449,0.020600037327360956,0.2604516610675625,0.3596724524076148,0.35927584919746175,0.03870380739081747,0.025359275849197463,0.02463605823068309,0.028485442329227322,0.027948861515490853,0.040336879432624116,0.03455113848450914,0.029745240761478164,0.027458939902948863,0.06961552818215752,0.08261011571481897,0.14357036207540128,0.09511478163493842,0.0851063829787234,0.12159387831280329,0.12516330720418067,0.003919372900335946,0.0,0.0010031728256812244,0.0,0.0014464352370287422,0.002472937663307204,0.001656401642403882,0.0002566256065696155,2.3329600597237775e-05,0.002076334453154162,0.0038727136991414707,0.003336132885405002,4.665920119447555e-05,0.00032661440836132883,0.00016330720418066441,0.0,0.007068868980963046,0.004782568122433744,0.0028928704740574843,0.006952220977976857,0.004805897723030981,0.010568309070548712,0.007488801791713326,0.006998880179171333,0.005902388951101157,0.02160321015304218,0.02244307577454274,0.03219484882418813,0.028952034341172078,0.028998693542366553,0.03728070175438596,0.03151829040686823,0.011571481896229937,0.005085852930197835,0.00492254572601717,0.008258678611422172,0.007348824188129899,0.010941582680104516,0.012761291526689063,0.005902388951101157,0.009705113848450915,0.01425438596491228,0.023119634191862637,0.059910414333706606,0.0404535274356103,0.03660414333706607,0.05232829413960433,0.05650429264650989,0.01614408361328854,0.015490854796565883,0.01581746920492721,0.013274542739828294,0.014347704367301232,0.01635405001866368,0.012644643523702875,0.01658734602463606,0.011828107502799553,0.0316815976110489,0.03317469204927212,0.04812896603210153,0.025662560656961552,0.01917693169092945,0.031821575214632324,0.03714072415080254
06,7306,07306,0607306,45521.0,2341,0.026427363195008897,0.357944684870719,0.38597570352145166,0.22965224841282045,0.0790624107554755,0.039498253553305065,0.031523912040596645,0.03664242876913952,0.03020583906328947,0.024406317963137893,0.03890512071351684,0.028338569012104305,0.0402012258078689,0.060016256233386786,0.10032732145603128,0.10918037828694449,0.09123261791261177,0.0703191933393379,0.10487467322774104,0.11526548186551262,0.005382131324004306,0.0009885547329803828,0.001076426264800861,0.0009885547329803828,0.000966586850025263,0.0012082335625315788,0.002152852529601722,0.0009446189670701434,0.0024823707739285166,0.000966586850025263,0.0038443795171459326,0.0024823707739285166,0.0003514861272819138,0.000856747435249665,0.001362008743217416,0.00037345401023703345,0.02471386832450957,0.012917115177610334,0.008809121065002966,0.006216910876298851,0.006875947364952439,0.00801827727861866,0.02062784209485732,0.011203620307111004,0.020298323850530525,0.024252542782452056,0.04305705059203445,0.039805803914676745,0.03574174556797961,0.028646119373475977,0.03657652512027416,0.030183871180334353,0.025372904813163157,0.011884624678719712,0.014520770633334066,0.018738604160717032,0.014498802750378946,0.008875024713868324,0.010149161925265262,0.008896992596823444,0.0103029371059511,0.023703345708574065,0.02499945080292612,0.04004745062718306,0.029898288701917797,0.029327123745084685,0.049317897234243534,0.06544232332330133,0.023593506293798465,0.01370795896399464,0.007117594077458755,0.010698358999143252,0.007864502097932822,0.006304782408119329,0.005975264163792535,0.007293337141099712,0.007117594077458755,0.011093780892335406,0.02842644054392478,0.02684475297115617,0.025241097515432437,0.011489202785527558,0.017618242130005932,0.0192658333516399
06,7307,07307,0607307,37825.0,1819,0.02699272967614012,0.2808460013218771,0.40777263714474554,0.2843886318572373,0.022736285525446133,0.01787177792465301,0.027204230006609386,0.04560475875743556,0.021916721744877726,0.023767349636483807,0.039709187045604756,0.029847984137475216,0.02511566424322538,0.07003304692663583,0.0677594183740912,0.11881031064111038,0.12182419035029743,0.09829477858559155,0.13335095836087243,0.1361533377395902,0.0025644415069398544,0.0,0.0023793787177792463,0.0017448777263714475,0.0013747521480502313,0.0026437541308658294,0.0,0.0,0.0005287508261731659,0.0018506278916060807,0.0,0.004996695307336417,0.005816259087904825,0.0008460013218770655,0.0022471910112359553,0.0,0.006239259748843358,0.0014805023132848645,0.0032782551222736286,0.011209517514871117,0.0014540647719762062,0.007164573694646398,0.010284203569068076,0.003489755452742895,0.006397884996695307,0.015228023793787179,0.018268341044282883,0.0396827495042961,0.034527428949107736,0.03918043621943159,0.04901520158625248,0.03394580304031725,0.00697951090548579,0.0037805684071381363,0.011447455386649041,0.009411764705882352,0.006027759418374091,0.0051817580964970255,0.007481824190350298,0.014249834765366821,0.011262392597488433,0.024111037673496365,0.02482485128883014,0.04237937871777925,0.052980832782551224,0.04568407138136153,0.06426966292134831,0.07769993390614673,0.006953073364177132,0.012610707204230007,0.010099140779907468,0.02323859881031064,0.013060145406477198,0.008777263714474555,0.021943159286186384,0.012108393919365499,0.0069266358228684734,0.0288433575677462,0.02466622604097819,0.03175148711169861,0.028499669530733643,0.012584269662921348,0.017818902842035692,0.02450760079312624
06,7308,07308,0607308,47802.0,2596,0.009832224593113259,0.28735199364043346,0.39184552947575413,0.31097025229069913,0.02382745491820426,0.01014601899502113,0.018534789339358187,0.016840299569055688,0.016024434124095228,0.01284465085142881,0.01932973515752479,0.023471821262708675,0.02006192209530982,0.03930797874565918,0.06416049537676248,0.11974394376804318,0.11056022760553952,0.09346889251495753,0.14468013890632192,0.2669971967700096,0.0008995439521358939,0.00010459813396928998,0.0,0.0,0.00027195514832015395,0.0,0.00039747290908330197,0.00033471402870172796,0.000251035521526296,0.00029287477511401197,0.004727835655411908,0.0018618467846533617,0.00023011589473243796,0.0,0.00018827664114472197,0.00027195514832015395,0.006547843186477553,0.0007531065645788879,0.000606669177021882,0.0012970168612191958,0.0031379440190786997,0.0038492113300698716,0.0037027739425128654,0.0021756411865612316,0.0033680599138111375,0.00794945818166604,0.011714991004560478,0.02646332789423037,0.03303209070750178,0.036985900171540936,0.05110664825739509,0.09466131124220743,0.007531065645788879,0.002426676708087528,0.007363708631438015,0.006296807664951257,0.0059620936362495295,0.002426676708087528,0.005229906698464499,0.005104388937701351,0.007049914229530145,0.012405338688757792,0.018764905234090624,0.04493535835320698,0.03206978787498431,0.03765532822894439,0.06656625245805615,0.13005731977741516,0.008849002133801933,0.006861637588385423,0.010564411530898288,0.009246475042885234,0.006652441320446843,0.006568762813271411,0.009999581607464123,0.015857077109744364,0.00939291243044224,0.018660307100121332,0.02895276348269947,0.04648341073595247,0.04522823312832099,0.018827664114472197,0.026818961549725955,0.04200661060206686
06,7310,07310,0607310,70707.0,3638,0.03346203346203346,0.4134668420382706,0.2913431484860056,0.2617279760136903,0.0425841854413283,0.016632016632016633,0.01637744494887352,0.023166023166023165,0.021836593265164694,0.022119450690879262,0.033320604749176176,0.020804163661306517,0.029190886333743477,0.05030619316333602,0.07413693127978842,0.11758383186954616,0.10595839167267739,0.08543708543708543,0.11500982929554358,0.22553636839351124,0.0035215749501463786,0.002347716633430919,0.0002828574257145686,0.0005515719801434088,0.0016405730691444976,0.0014991443562872135,0.003267003267003267,0.00011314297028582743,0.0028568599997171426,0.0015981444552873125,0.0032104317818603535,0.00495000495000495,0.0022204307918593635,0.0030548601977173407,0.001753716039430325,0.000594000594000594,0.01674515960230246,0.002842717128431414,0.004030718316432602,0.004992433563862135,0.004059004059004059,0.006576435147863719,0.013294299008584722,0.008938294652580368,0.011130439701868272,0.01909287623573338,0.036036036036036036,0.054945054945054944,0.05696748553891411,0.04217404217404217,0.05112647969790827,0.08051536622965194,0.012445726731441018,0.0033518604947176374,0.005204576633148062,0.00639257782114925,0.006604720890435176,0.00441257584114727,0.00827357970215113,0.006194577623149052,0.006873435444864016,0.013619585048156477,0.01657544514687372,0.029473743759458045,0.021921450492879066,0.022982165839308698,0.035937035937035934,0.09108009108009107,0.009871724157438443,0.008089722375436662,0.006859292573578288,0.011229439800868372,0.00953229524658096,0.00963129534558106,0.008485722771437058,0.0055581484152912725,0.008330151187294044,0.015995587424158852,0.018315018315018316,0.028215028215028214,0.024849024849024848,0.017226017226017225,0.026192597621169048,0.053346910489767634
06,7311,07311,0607311,42687.0,2014,0.010049898095438893,0.31939466348068496,0.47103333567596695,0.19952210274790919,0.03345280764635603,0.012205120997024855,0.012837632065968562,0.007871248857966126,0.017358914892121723,0.0053177782463044955,0.014641459929252466,0.012111415653477639,0.022184740084803336,0.019045611075971608,0.04713378780424954,0.09597769812823577,0.08934804507227025,0.08107854850422845,0.14955372830135638,0.3798814627404128,0.0,0.0,0.0002576896947548434,0.00032796870241525523,0.0022255019092463748,0.00032796870241525523,0.00016398435120762762,0.0003513950383020592,0.00028111603064164735,0.00011713167943401972,0.0008667744278117459,0.0013353011455478248,0.0013587274814346288,0.0016632698479630802,0.0,0.0007730690842645302,0.010307587790193735,0.0009604797713589617,0.0022255019092463748,0.0006793637407173144,0.0018038278632839038,0.0003045423665284513,0.00032796870241525523,0.0035373767189073955,0.005528615269285731,0.005786304964040575,0.012369105348232483,0.029540609553259774,0.024855342375898985,0.018202262984046664,0.06264202216131375,0.14032375196195562,0.015789350387705858,0.00754328015555087,0.004263593131398318,0.005247499238644084,0.006653079391852321,0.0026706022910956495,0.009159697331740343,0.004732119849134397,0.0100967507672125,0.008574038934570243,0.02108370229812355,0.03289057558507274,0.03830205917492445,0.0445568908567011,0.06629653055965516,0.19317356572258534,0.007355869468456439,0.0037013610701150234,0.006090847330569026,0.0016164171761894723,0.006676505727739124,0.002014664886265139,0.0049898095438892405,0.003490524047133788,0.006278258017663458,0.004568135497926769,0.012814205730081758,0.03221121184435542,0.02483191604001218,0.016656124815517606,0.02061517558038747,0.04561107597160728
06,7312,07312,0607312,41345.0,2067,0.12463417583746524,0.4356754141976055,0.24474543475631877,0.19494497520861048,0.07747006893215624,0.02984641431853912,0.024331841818841456,0.017680493409118394,0.02851614463659451,0.019470310799371147,0.028104970371266174,0.022517837707098802,0.023630426895634295,0.048905550852581935,0.08390373684847019,0.13302696819446125,0.09964929253839643,0.09531986939170395,0.10458338372233644,0.16304268956342968,0.04118998669730318,0.01148869270770347,0.00994074253234974,0.004184302817753054,0.00805417825613738,0.0030233401862377555,0.00805417825613738,0.003337767565606482,0.005756439714596686,0.003773128552424719,0.0035070746160357964,0.009142580723182973,0.009263514330632482,0.0015479501753537309,0.001668883782803241,0.0007014149232071593,0.013399443705405733,0.008537912685935421,0.005393638892248156,0.00319264723666707,0.00887652678679405,0.004160116096263151,0.0078123110412383606,0.008296045471036401,0.008005804813157576,0.02297738541540694,0.03741685814487846,0.06453017293505865,0.05016326037005684,0.05456524368121901,0.05930584109323981,0.07904220582899987,0.010859837948966018,0.0037489418309348166,0.002587979199419519,0.005659692828637078,0.003361954287096384,0.005925746765026001,0.004087555931793445,0.003990809045833837,0.002878219857298343,0.010908211391945822,0.016833958156971824,0.03683637682912081,0.02544443100737695,0.024089974603942434,0.027016567904220582,0.06051517716773491,0.012020800580481316,0.006070867093965413,0.006409481194824041,0.004643850526061193,0.008223485306566695,0.0063611077518442374,0.008150925142096989,0.006893215624622083,0.00698996251058169,0.01124682549280445,0.02614584593058411,0.022517837707098802,0.01477808683033015,0.015116700931188777,0.016592090942072802,0.022783891643487725
06,7313,07313,0607313,62839.0,3051,0.025255016788936806,0.3576282245102564,0.3617021276595745,0.25541463104123235,0.05378825251834052,0.04158245675456325,0.04435143780136539,0.03726984834258979,0.02730788204777288,0.03060201467241681,0.03539203360970098,0.042059867279873965,0.03750855360524515,0.05636626935501838,0.09099444612422222,0.13455019971673643,0.10008115978930282,0.07773834720476137,0.09226754085838412,0.09813969031970592,0.0030076863094575025,0.0,0.0029281178885723833,0.00015913684177023822,0.0003978421044255956,0.0018300736803577395,0.0008752526297363103,0.0019414694695969064,0.003294132624643931,0.0014004042075780965,0.0048855010423463135,0.002609844205031907,0.0008911663139133341,0.00017505052594726206,0.0001273094734161906,0.0007320294721430958,0.011266888397332867,0.015722719966899536,0.013144703130221678,0.013065134709336559,0.009420901032798103,0.01319244418275275,0.011187319976447747,0.016279698913095372,0.01427457470679037,0.01865083785547192,0.03333916835086491,0.051560336733557185,0.03690383360651824,0.03508967361033753,0.034819140979328124,0.02971084835850348,0.022517863110488708,0.009038972612549531,0.011935263132767868,0.010916787345438342,0.011091837871385605,0.007304381037253935,0.013224271551106797,0.010582599977720842,0.010980442082146437,0.017091296806123587,0.03037922309393848,0.0476296567418323,0.04067537675647289,0.026814557838285142,0.042696414646954915,0.04882318305510909,0.016995814701061443,0.016820764175114182,0.016343353649803466,0.013128789446044654,0.006397301039163577,0.008275115772052389,0.010105189452410127,0.013256098919460845,0.008959404191664412,0.01922373048584478,0.02239055363707252,0.032750362036315026,0.021610783112398353,0.015659065230191442,0.014624675758684893,0.018873629433950254
06,7314,07314,0607314,63399.0,2974,0.03914888247448698,0.3734128298553605,0.323601318632786,0.26383696903736653,0.040174135238726164,0.023328443666303884,0.024653385700089906,0.029543052729538322,0.022413602738213537,0.02905408602659348,0.03055253237432767,0.024700705058439406,0.03571034243442325,0.06509566396946324,0.08697298064638244,0.13684758434675626,0.09922869445890314,0.08052177479140049,0.11356646003880187,0.15763655578163693,0.0032334894872158865,0.0018139087367308633,0.0002365967917475039,0.004448019684853074,0.0010410258836890173,0.00014195807504850235,0.003754002429060395,0.0014826732282843579,0.0017508162589315289,0.007823467247117463,0.003328128203914888,0.0028864808593195477,0.0022713292007760376,0.000930614047540182,0.003296581965015221,0.0007097903752425117,0.009779334058896827,0.005457499329642424,0.004936986387797914,0.007239861827473619,0.00421142289310557,0.01378570639915456,0.008375526427861638,0.005631003643590593,0.016656414139024276,0.02321803183015505,0.038896512563289645,0.05784002902253979,0.03946434486348365,0.032997365889051875,0.049701099386425654,0.05522169119386741,0.0160570355999306,0.004637297118251077,0.007981198441615798,0.007571097335920125,0.006388113377182605,0.005804507957538762,0.0070032650357261155,0.008123156516664301,0.006955945677376615,0.015236833388539251,0.021214845660026183,0.04394391078723639,0.03011088502973233,0.03077335604662534,0.04149907727251218,0.07030079338790833,0.01110427609268285,0.011419738481679521,0.011498604078928689,0.010284073881291503,0.010773040584236344,0.009321913594851653,0.011419738481679521,0.009463871669900157,0.010347166359090837,0.018817331503651478,0.023533494219151723,0.032177163677660534,0.027382135364911117,0.015820438808183096,0.019069701414848813,0.031404280824618686
06,7315,07315,0607315,67007.0,2670,0.051233453221305236,0.411315235721641,0.32193651409554225,0.2155147969615115,0.05050218633874073,0.026161445819093528,0.02505708358828182,0.02369901652066202,0.026012207679794647,0.018923396063097887,0.030369961347321922,0.02405718805497933,0.026773322190218933,0.0614114943214888,0.09090095064694734,0.1386422314086588,0.13037443849150088,0.0902144552061725,0.10486964048532244,0.13203098183771844,0.011207784261345829,0.0007909621382840599,0.0016117719044278955,0.0005521811154058532,0.003671258226752429,0.0005671049293357411,0.002895219902398257,0.0007312668825645082,0.002537048368080947,0.004850239527213575,0.005909830316235617,0.004118972644649066,0.006626173384870237,0.0024325816705717315,0.0019848672526750935,0.0007461906964943961,0.01207336546927933,0.008461802498246452,0.004014505947139851,0.005984449385885057,0.006327697106272479,0.005805363618726402,0.012371841747877088,0.008014088080349814,0.0084021072425269,0.018192129180533378,0.035876848687450565,0.06835106779888668,0.0633963615741639,0.041144955004701,0.05135284373274434,0.06154580864685779,0.013565746862268122,0.007417135523154298,0.006432163803781694,0.00947662184547883,0.005223334875460773,0.00574566836300685,0.006297849478412703,0.005805363618726402,0.005790439804796514,0.022743892429149194,0.02757920814243288,0.03775724924261644,0.04010028802960885,0.030698285253779455,0.0371901443132807,0.06011312250958855,0.013655289745847449,0.00949154565940872,0.01299864193293238,0.00768576417389228,0.010789917471308967,0.006805259152028892,0.008805050218633875,0.009506469473338606,0.010043726774814571,0.015625233184592656,0.02153506350082827,0.028414941722506602,0.02025161550285791,0.0159386332771203,0.014341785186622293,0.00962585998477771
06,7316,07316,0607316,89555.0,3562,0.03443693819440567,0.5348445089609737,0.2581430405895818,0.1725755122550388,0.05623359946401653,0.0445871252303054,0.03662553737926414,0.0350287532801072,0.031422031154039416,0.02188599184858467,0.03455976774049467,0.024454245994081848,0.03535257662888728,0.06304505611076992,0.0971581709563955,0.13660878789570655,0.09783931662107086,0.08257495393892021,0.08629333928870526,0.11633074646865055,0.004455362626319022,0.002333761375690916,0.0011947964937747753,0.0008598068226229692,0.002166266540115013,0.0032605661325442467,0.0023784266651778237,0.0009491374015967841,0.0022109318296019208,0.0027804142705599912,0.0035285578694656916,0.004645190106638378,0.001563285132041762,0.0013846239740941322,0.0006141477304449779,0.00011166322371726871,0.020579532131092624,0.007782926693093629,0.013835073418569594,0.011434314108648317,0.01481770978728156,0.00674445871252303,0.01652615711015577,0.012908268661716264,0.016928144715537937,0.034314108648316674,0.05750656021439339,0.08746580313773658,0.06082295795879627,0.056311763720618614,0.058131874267210094,0.058734855675283346,0.017140304840600747,0.012338786220758194,0.00888839260789459,0.008117916364245435,0.008631567193344871,0.0068561219362402994,0.009413209759365753,0.005784154988554519,0.009089386410585673,0.016961643682653117,0.022578303835631735,0.02715649600803975,0.024242085869019037,0.019261906091228853,0.01839093294623416,0.043291831835185084,0.014058399866004132,0.02213165094076266,0.01270727485902518,0.014616715984590476,0.005806487633297973,0.005024845067277092,0.006241974205795322,0.004812684942214282,0.007124113673161744,0.008988889509240133,0.013544749036904695,0.01734129864329183,0.011210987661213779,0.005616660152978617,0.009156384344816035,0.014192395734464854
06,7317,07317,0607317,60211.0,2443,0.06434040291641062,0.43133314510637594,0.3171015262991812,0.18722492567803226,0.059341316370762814,0.04846290544917042,0.039428011492916575,0.04152065237249008,0.04230124063709289,0.039112454534885654,0.04047433193270333,0.027602929697231403,0.0405905897593463,0.0803175499493448,0.11120891531447742,0.13397884107555097,0.09151151782896813,0.06472239291823753,0.06839281858796566,0.07103353207885603,0.012124030492767102,0.003105744797462258,0.003886333062065071,0.0029396621879722975,0.0042683230638919795,0.002906445666074305,0.0017272591386955872,0.0029894869708192856,0.0046004882828719,0.003288435667901214,0.006211489594924516,0.006510438292006444,0.004218498281044992,0.0025078474032984004,0.0025078474032984004,0.000548072611316869,0.016159837903373137,0.00715816046901729,0.009433492219029746,0.011326833967215294,0.017006859211771936,0.016724518775639,0.015047084419790404,0.011260400923419308,0.0200793874873362,0.033116872332298083,0.054408662868910995,0.061284482901795355,0.052814269817807374,0.04132135324110212,0.036521565826842274,0.027669362741027388,0.016458786600455067,0.012688711365032967,0.013801464848615701,0.013203567454451844,0.010994668748235372,0.01330321702014582,0.0104632043978675,0.010513029180714487,0.00928401787048878,0.029795220142498878,0.03715267974290412,0.04555645978309611,0.026290877082260716,0.012987660062114896,0.021939512713623755,0.03266844928667519,0.01459866137416751,0.025510288817657902,0.012306721363206059,0.014050588762850641,0.010031389613193602,0.006178273073026524,0.013236783976349836,0.002840012622278321,0.006626696118649416,0.014117021806646627,0.013436083107737789,0.02062746009865307,0.008187872647855043,0.00790553221172211,0.007423892644201226,0.010147647439836574
06,7322,07322,0607322,40199.0,1902,0.036891464961814974,0.345729993283415,0.3921988109156944,0.2251797308390756,0.055921789099231324,0.04211547550934103,0.024055324759322372,0.034602850817184505,0.03669245503619493,0.04082191099281077,0.04059802482648822,0.043334411303763774,0.03646856886987238,0.07714122241846812,0.09644518520361203,0.14122241846812109,0.09721634866538968,0.08109654469016642,0.08378317868603696,0.06848429065399637,0.0006965347396701411,0.00047264857334759574,0.001268688275827757,0.0035821786611607252,0.0040050747531033114,0.0018657180526878779,0.0028607676807880793,0.0022139854225229484,0.0018657180526878779,0.004029950993805816,0.0031344063285156346,0.006741461230378865,0.0036070549018632305,0.00014925744421503024,0.0,0.0003980198512400806,0.016020299012413246,0.005522525435956118,0.005174258066121048,0.01042314485434961,0.00972661011467947,0.01654270006716585,0.01758750217667106,0.018035274509316152,0.015224259309933083,0.03027438493494863,0.03646856886987238,0.059031319187044455,0.035871539093012265,0.026169805219035298,0.02587129033060524,0.0177865121022911,0.02094579467150924,0.009900743799597005,0.008507674320256722,0.008880817930794298,0.011293813278937286,0.009950496281002015,0.009850991318191995,0.014278962163237891,0.012189357944227468,0.02681658747730043,0.03806064827483271,0.05733973481927411,0.04169257941739844,0.04124480708475335,0.04365780243289634,0.03758799970148511,0.018259160675638698,0.02621955770044031,0.009104704097116844,0.011716709370879872,0.011666956889474863,0.012462996591955024,0.010298763650837086,0.008806189208686784,0.007189233563023956,0.016020299012413246,0.0187815617303913,0.01810990323142367,0.01604517525311575,0.01353267494216274,0.014254085922535386,0.012711758998980074
06,7323,07323,0607323,36711.0,1824,0.037863310724306064,0.38476206041785843,0.3448285255100651,0.23254610334777043,0.03740023426221024,0.014028492822314838,0.017433466808313584,0.03949769823758546,0.03268775026558797,0.03582032633270682,0.03162539838195636,0.027757347933861785,0.039579417613249436,0.07836888126174717,0.09642886328348452,0.13818746424777315,0.10509111710386533,0.08972787447903897,0.09482171556209311,0.12154395140421127,0.0013892293862874888,0.0011713110511835689,0.0,0.005475198169485985,0.0003541172945438697,0.0026967393969110076,0.0017433466808313585,0.0006809947971997494,0.0006809947971997494,0.0065920296368935745,0.005556917545149955,0.007136825474653373,0.0023426221023671377,0.0008989131323036692,0.0,0.001144071259295579,0.014464329492522677,0.0041404483669744765,0.005175560458718096,0.006401351093677644,0.0125030644765874,0.01255754406036338,0.01084143717142001,0.007409223393533273,0.020266405164664544,0.027675628558197815,0.03816294843507396,0.05175560458718095,0.05096565062242924,0.0394159788619215,0.040832448040096975,0.04219443763449647,0.013374737817003077,0.0028874179401269374,0.003132576067118847,0.013538176568331018,0.006673749012557544,0.013238538857563127,0.012312385933371469,0.008035738606957043,0.01067799842009207,0.02214595080493585,0.03192503609272425,0.04486393723951949,0.03650132112990657,0.03138024025496445,0.03895290239982566,0.05518781836506769,0.008171937566396992,0.005829315464029855,0.009125330282476642,0.014082972406090818,0.013156819481899158,0.007327504017869304,0.006728228596333524,0.01163139113617172,0.007954019231293073,0.02195527226171992,0.020783961210536352,0.034431096946419326,0.015281523249162376,0.018032742229849363,0.015036365122170466,0.02301762414535153
06,7324,07324,0607324,50363.0,2236,0.014931596608621409,0.29982328296566924,0.3889363223001013,0.29630879812560806,0.03462859639020709,0.01800925282449417,0.026964239620356215,0.021225899966245063,0.02690467208069416,0.017790838512399976,0.03198776879852273,0.019796279014355777,0.02315191708198479,0.04437781704822985,0.07265254254115124,0.09975577308738558,0.08486388817187221,0.09884240414590076,0.13533745011218554,0.24371066060401486,0.0003971169310803566,0.0011317832535790164,0.0016877469570915156,0.0,0.0003574052379723209,0.0002581260052022318,0.003315926374520978,0.00013899092587812482,0.0015487560312133907,0.00021841431209419614,0.002084863888171872,0.003256358834858924,0.0,0.0002581260052022318,0.0,0.00027798185175624963,0.004963961638504458,0.002481980819252229,0.008478446478565613,0.006572285209379902,0.005420646109246868,0.003395349760737049,0.006115600738637492,0.004427853781545976,0.004963961638504458,0.014812461529297301,0.013482119810178108,0.025673609594345056,0.027381212397990587,0.04106189067370887,0.046065564005321365,0.0845263387804539,0.018287234676250423,0.005639060421341064,0.008160752933701328,0.0025614042054683,0.006790699521474098,0.003971169310803566,0.011754661159978556,0.00494410579195044,0.006810555368028116,0.015487560312133908,0.02654726684272184,0.030716994619065584,0.03083612969838969,0.035025713321287455,0.062208367253737865,0.11919464686376904,0.01098028314437186,0.008756428330321864,0.008637293250997756,0.01209221055139686,0.014335921212000873,0.010166193435657129,0.0108015805253857,0.010285328514981236,0.009828644044238825,0.013859380894704445,0.030538292000079424,0.04010881003911602,0.02664654607549193,0.0224966741457022,0.027063518853126304,0.03971169310803566
06,7325,07325,0607325,43960.0,1920,0.03230209281164695,0.3477934485896269,0.3494085532302093,0.2704959053685168,0.05941765241128298,0.02859417652411283,0.030664240218380347,0.027934485896269335,0.0318926296633303,0.029504094631483166,0.02113284804367607,0.03239308462238399,0.02843494085532302,0.05580072793448589,0.08303002729754322,0.12047315741583257,0.11021383075523203,0.08043676069153777,0.11737943585077343,0.14269790718835304,0.0050272975432211105,0.0004094631483166515,0.0007051865332120109,0.0010691537761601457,0.0015696087352138307,0.002570518653321201,0.001637852593266606,0.0005686988171064604,0.0010009099181073704,0.006141947224749773,0.0031619654231119197,0.0025932666060054597,0.003980891719745223,0.0,0.00186533212010919,0.0,0.014535941765241128,0.0022975432211101003,0.003935395814376706,0.005823475887170155,0.007051865332120109,0.013239308462238399,0.004549590536851683,0.005982711555959964,0.010987261146496815,0.012465878070973612,0.028116469517743402,0.04936305732484077,0.04988626023657871,0.02970882620564149,0.05509554140127389,0.05475432211101001,0.014899909008189263,0.006278434940855323,0.008553230209281166,0.007256596906278435,0.012170154686078252,0.006278434940855323,0.006278434940855323,0.01105550500454959,0.006210191082802548,0.01692447679708826,0.02902638762511374,0.03569153776160146,0.04010464058234759,0.0373066424021838,0.0399909008189263,0.07138307552320292,0.024954504094631482,0.019608735213830754,0.017470427661510465,0.0137852593266606,0.011101000909918108,0.007415832575068244,0.008666969972702457,0.014786169244767972,0.010236578707916288,0.02026842584167425,0.022725204731574158,0.0328252957233849,0.01624203821656051,0.013421292083712465,0.02042766151046406,0.016560509554140127
06,7326,07326,0607326,62058.0,2944,0.014003029424087144,0.30848561023558607,0.3940346127815914,0.28347674755873536,0.026829739920719325,0.01105417512649457,0.021512133810306488,0.014260852750652616,0.022430629411195977,0.016436237068548777,0.01563053917303168,0.020722549872699732,0.019594572818975798,0.03733604047826227,0.05038834638563924,0.10983273711689065,0.09060878532985271,0.08089206870991653,0.13161880821167296,0.3308517838151407,0.0024332076444616327,0.0004189629056688904,0.00011279770537239356,0.00011279770537239356,0.0009507235167101743,0.0005801024847723097,0.0,0.0,0.0,0.0007251281059653872,0.0007251281059653872,0.000257823326565471,0.0004673047793999162,0.0012246608011859874,0.00019336749492410325,0.0058010248477230976,0.004350768635792323,0.0027554868026684713,0.004125173225047536,0.0014663701698411165,0.006800090238164298,0.0013858003802894067,0.0034161590769924907,0.0061071900480195946,0.0027554868026684713,0.008620967482032936,0.013938573592445776,0.034806149086338584,0.026894195752360694,0.02552450932998163,0.04592478004447453,0.11961390956846821,0.007718585839053788,0.00423797093041993,0.007074027522640111,0.0032711334557994133,0.005752682973992072,0.006348899416674723,0.003947919688033775,0.005301492152502497,0.0059460504689161755,0.01421251087692159,0.018418253891520835,0.0375777498469174,0.027667665732057107,0.03712655902542782,0.06100744464855458,0.1484256663121596,0.012327177801411583,0.003641754487737278,0.010200135357246447,0.009410551419639692,0.008927132682329433,0.008121434786812336,0.008266460408005414,0.00931386767217764,0.01089303554739115,0.013777434013342357,0.01730639079570724,0.037191014857069195,0.035579619066035,0.017016339553321085,0.024493216023719747,0.05701118308678978
06,7327,07327,0607327,41592.0,2181,0.027457203308328525,0.36168013079438355,0.3666089632621658,0.24425370263512214,0.05325543373725716,0.033972879399884595,0.0271686862858242,0.03310732833237161,0.041257934218118866,0.03500673206385843,0.0343575687632237,0.03380457780342373,0.037675514522023466,0.07131179072898634,0.10648682438930564,0.16349297941911906,0.10850644354683593,0.07876514714368148,0.07205712637045586,0.06977303327562993,0.0013944989421042508,0.0005770340450086555,0.0006010771302173495,0.0029572994806693594,0.002500480861704174,0.0009376803231390652,0.0028851702250432777,0.0005289478745912676,0.002524523946912868,0.003366031929217157,0.0022119638391998463,0.004736487786112714,0.0,0.001130025004808617,0.0002404308520869398,0.0008655510675129833,0.020460665512598578,0.01014618195806886,0.004856703212156184,0.008318907482208118,0.014329678784381612,0.010675129832660127,0.009713406424312367,0.009737449509521061,0.013632429313329487,0.02695229851894595,0.043109251779188305,0.06962877476437776,0.037290825158684364,0.03130409694171956,0.029500865551067512,0.022023466051163686,0.016902288901711866,0.011997499519138297,0.006275245239469129,0.012237930371225236,0.012286016541642623,0.014185420273129449,0.010651086747451433,0.00906424312367763,0.015676091556068476,0.025966532025389497,0.03856510867474514,0.05183689170994422,0.047340834775918446,0.03649740334679746,0.028755529909598,0.028370840546258897,0.01449798038084247,0.011252163877668782,0.015435660703981535,0.009593190998268898,0.01214175803039046,0.009208501634929794,0.011107905366416619,0.014473937295633775,0.005842469705712637,0.015026928255433737,0.02260050009617234,0.037290825158684364,0.023874783612233122,0.009833621850355837,0.013560300057703404,0.018513175610694363
06,7328,07328,0607328,42768.0,2035,0.02462121212121212,0.31691919191919193,0.3999485596707819,0.25851103628881406,0.035166479610924055,0.028058361391694726,0.033412832023943136,0.02335858585858586,0.02604751215862327,0.030606995884773662,0.025416199027310137,0.024831649831649833,0.03680321735877291,0.07140852974186307,0.10886644219977554,0.14038533482977927,0.11281799476243921,0.07613168724279835,0.10963804713804713,0.11705013093901982,0.0017068836513280958,0.0017068836513280958,0.0,0.0022680508791619904,0.0,0.0009820426487093155,0.002922745978301534,0.0005845491956603068,0.003647586980920314,0.0021745230078563413,0.0025486344930789376,0.001964085297418631,0.0012626262626262627,0.0024083426861204638,0.00044425738870183313,0.0,0.011667601945379724,0.0057519640852974185,0.009072203516647961,0.005050505050505051,0.004302282080059858,0.010592031425364759,0.00834736251402918,0.006055929667040778,0.008838383838383838,0.020225402169846616,0.031963150018705574,0.05209502431724654,0.04409839132061354,0.02441077441077441,0.041783576505798725,0.03266460905349794,0.014426674148896371,0.008885147774036662,0.009867190422745978,0.004723157500935279,0.013070520014964459,0.009282641227085671,0.005471380471380472,0.007505611672278339,0.014356528245417135,0.02471473999251777,0.04723157500935279,0.05310044893378227,0.04816685372240928,0.03289842873176207,0.046880845491956605,0.059366816311260756,0.007365319865319866,0.011714365881032548,0.014473438084549196,0.01131687242798354,0.008674710063598953,0.009750280583613918,0.008674710063598953,0.010685559296670408,0.009960718294051627,0.02429386457164235,0.027123082678638236,0.03322577628133184,0.019290123456790122,0.016414141414141416,0.020529367751589974,0.02501870557426113
06,7329,07329,0607329,52507.0,1926,0.014226674538632944,0.32856571504751747,0.453425257584703,0.20378235282914658,0.02894852114956101,0.01626449806692441,0.015502694878778067,0.011579408459824404,0.026396480469270765,0.02393966518749881,0.017235797131810997,0.012722113242043918,0.016188317748109776,0.03668082350924639,0.06041099282000495,0.11948883006075381,0.12611651779762698,0.14129544632144286,0.1580932066200697,0.18913668653703317,0.0007618031881463424,0.0005903974708134154,0.0003428114346658541,0.00020949587674024415,0.0,0.0,0.001771192412440246,0.001085569543108538,0.0004380368331841469,0.0003618565143695126,0.0007427581084426838,0.0040375568971756145,0.0007237130287390252,0.001771192412440246,0.0013902908183670748,0.0,0.007713257279981717,0.0059420648675414705,0.0019235530500695144,0.004666044527396347,0.007294265526501228,0.0038661511798426876,0.00820842935227684,0.0019806882891804903,0.008132249033462205,0.01295065419848782,0.022111337535947587,0.03769021273354029,0.041499228674272,0.05187879711276592,0.07056202030205497,0.042146761384196395,0.013579141828708553,0.0023996800426609784,0.007332355685908546,0.0026663111585121984,0.007503761403241473,0.01096996590930733,0.0025710857599939058,0.004170872455101225,0.004551774049174396,0.00977012588797684,0.026244119831641495,0.05511646066238787,0.05875407088578666,0.0666387338831013,0.06566743481821471,0.11548936332298551,0.006894318852724399,0.007332355685908546,0.005903974708134154,0.0040375568971756145,0.011598453539528063,0.009103548098348792,0.004685089607100006,0.005484982954653665,0.0030662578322890282,0.013598186908412212,0.011312777343973185,0.022644599767650028,0.0251395052088293,0.021006722913135392,0.02047346068143295,0.03150056182985126
06,7330,07330,0607330,56114.0,2753,0.026232312791816658,0.34891470934169727,0.3663435149873472,0.2585094628791389,0.053070534982357344,0.0403820793384895,0.04517589193427665,0.04166518159461097,0.05492390490786613,0.04674412802509178,0.042894821256727375,0.04145133121859072,0.04993406280072709,0.0718002637487971,0.10653312898741847,0.15019424742488505,0.09983248387211748,0.05271411768899027,0.057436646826104006,0.04524717539295007,0.0014434900381366505,0.00017820864668353708,0.0003742381580354279,0.000730655451402502,0.0016038778201518337,0.0024949210535695193,0.0023345332715543356,0.0008019389100759168,0.0006237302633923798,0.002566204512242934,0.0022276080835442135,0.007288733649356667,0.001764265602167017,0.0006593719927290873,0.0006415511280607335,0.0004989842107139039,0.01691200057026767,0.006950137220657946,0.006219481769255444,0.012866664290551378,0.021670171436718108,0.01580710696082974,0.011761770681113448,0.017660476886338525,0.026446163167836902,0.024860106212353423,0.03840396336030224,0.06249777239191646,0.037602024450226326,0.018997041736465055,0.01792778985636383,0.012332038350500766,0.015967494742844923,0.012545888726521012,0.015201197562105714,0.010371743236981859,0.015397227073457604,0.013668603200627294,0.017696118615675233,0.011084577823716007,0.013828990982642477,0.027640161100616602,0.04118401824856542,0.053426952275724415,0.04257404569269701,0.02546601561107745,0.026784759596535625,0.02350572049755854,0.018747549631108102,0.02070784474462701,0.023380974444880066,0.017696118615675233,0.01625262857753858,0.014773496810065224,0.011102398688384361,0.011904337598460277,0.00903517838685533,0.01673379192358413,0.024717539295006592,0.026980789107887513,0.017892148127027125,0.00759168834871868,0.012082546245143815,0.008910432334176854
06,7507,07507,0607507,33464.0,1738,0.012461152283050442,0.2961989003107817,0.4259502749223046,0.26538967248386325,0.0704040162562754,0.04270260578532154,0.03158618216590964,0.023547693043270382,0.02868754482428879,0.02438441310064547,0.026954338991154674,0.017690652641644752,0.04001314845804447,0.05307195792493426,0.08101243126942385,0.09529643796318432,0.10751852737269901,0.0668180731532393,0.10641286158259622,0.18389911546736792,0.0017332058331341142,0.0017332058331341142,0.0012550800860626344,0.0,0.0,0.0,0.0,0.0,0.00035859431030360985,0.0006574229022232848,0.0006275400430313172,0.002330863016973464,0.0004183600286875448,0.0003884771694955773,0.0005080086062634473,0.002450394453741334,0.02342816160650251,0.0063052832895051395,0.002689457327277074,0.010967009323452069,0.009771694955773368,0.006454697585464977,0.010279703562036816,0.003257231651924456,0.007918957685871385,0.01225197226870667,0.020141047095386087,0.02283050442266316,0.03188501075782931,0.018856084150131486,0.03508247669136983,0.0740796079368874,0.026446330384891227,0.01368634950992111,0.011983026535978962,0.0031377002151565863,0.010907243605068133,0.008905092039206312,0.007560363375567774,0.007948840545063353,0.020858235715993306,0.023129333014582837,0.03696509682046378,0.03723404255319149,0.053699497967965575,0.030510399234998806,0.0510100406406885,0.08196868276356682,0.01879631843174755,0.020977767152761177,0.015658618216590963,0.009442983504661726,0.008008606263447286,0.009024623475974181,0.009114272053550084,0.006484580444656945,0.010877360745876165,0.01703322973942147,0.023278747310542674,0.032901027970356204,0.021515658618216593,0.017063112598613435,0.019812335644274443,0.025400430313172365
06,7508,07508,0607508,41265.0,2070,0.026584272385799104,0.3821155943293348,0.33696837513631406,0.254331758148552,0.0438870713679874,0.036205016357688115,0.022173754998182478,0.02372470616745426,0.021761783593844664,0.014855204168181268,0.021349812189506847,0.014346298315763964,0.013255785774869744,0.031818732582091364,0.06618199442626924,0.0870956015994184,0.08932509390524658,0.058524173027989825,0.1346419483824064,0.3208530231430995,0.004628619895795469,0.0015751847812916515,0.0011147461529140918,0.00021810250817884405,0.0012843814370531927,0.00077547558463589,0.00021810250817884405,0.0013570822731128074,0.00014540167211922936,0.0011389797649339634,0.0010662789288743487,0.003659275415000606,0.0008239428086756331,0.0015751847812916515,0.002277959529867927,0.004725554343874954,0.0069065794256633955,0.004071246819338422,0.0010420453168544772,0.003004967890464074,0.002592996486126257,0.0054525627044711015,0.0025687628741063854,0.003489640130861505,0.0037319762510602205,0.009257239791590937,0.015436810856658184,0.024088210347752333,0.04173027989821883,0.020768205501029927,0.06436447352477886,0.17360959651035987,0.010662789288743486,0.007027747485762753,0.006446140797285836,0.007439718890100569,0.010541621228644129,0.005234460196292257,0.007972858354537744,0.002883799830364716,0.005040591300133285,0.008724100327153763,0.024112443959772203,0.037343996122622077,0.02702047740215679,0.02139827941354659,0.04609233006179571,0.10902702047740216,0.02168908275778505,0.023530837271295287,0.013570822731128074,0.013061916878710772,0.007342784442021084,0.0033927056827820186,0.010590088452683872,0.0066157760814249365,0.00433781655155701,0.012698412698412698,0.0255664606809645,0.02200411971404338,0.019750393796195323,0.014782503332121652,0.021907185265963892,0.033490851811462496
06,7509,07509,0607509,58060.0,2432,0.030795728556665517,0.4107130554598691,0.30564932828108854,0.25284188770237687,0.07283844299001034,0.08429211160868068,0.044057871167757494,0.035446090251464,0.028797795384085428,0.027437133999311056,0.032518084739924215,0.020823286255597658,0.022046159145711335,0.03486048914915604,0.057612814330003446,0.09335170513262142,0.05849121598346538,0.06357216672407853,0.08835687220117121,0.23549776093696176,0.0020668274199104374,0.0012228728901136755,0.00024112986565621772,0.0017395797450912849,0.0017740268687564589,0.00015501205649328282,0.0008784016534619359,6.889424733034792e-05,0.0006889424733034792,0.0013262142611091975,0.001532897003100241,0.008697898725456425,0.0038580778504994835,0.002376851532897003,0.0012573200137788495,0.0029107819497071995,0.011574233551498449,0.005890458146744747,0.004460902514640028,0.00957630037891836,0.006906648294867378,0.008163968308646227,0.008422321736135033,0.005976575955907682,0.00838787461246986,0.011436445056837753,0.01875645883568722,0.044832931450223906,0.03132965897347571,0.034653806407165,0.056544953496383055,0.1437995177402687,0.030244574578022734,0.02139166379607303,0.012125387530141233,0.00940406476059249,0.00878401653461936,0.010196348604891492,0.015191181536341716,0.009541853255253186,0.008525663107130555,0.01384774371339993,0.02307957285566655,0.027557698932139166,0.01152256286600069,0.018498105408198417,0.02304512573200138,0.06269376507061661,0.028952807440578713,0.055787116775749226,0.027230451257320015,0.014726145366861867,0.011333103685842233,0.008921805029280055,0.008026179813985531,0.005235962797106442,0.004443678952807441,0.008250086117809164,0.014243885635549432,0.012263176024801929,0.011780916293489494,0.008043403375818119,0.007509472959007923,0.026093696176369273
06,7510,07510,0607510,47825.0,1774,0.04905384213277574,0.5617564035546262,0.24777835859905906,0.14141139571353895,0.0552639832723471,0.05513852587558808,0.02561421850496602,0.025656037637219027,0.021495033978044954,0.01766858337689493,0.024547830632514374,0.01622582331416623,0.021996863565081026,0.02567694720334553,0.050747516989022474,0.08485101934134867,0.057396759017250394,0.07519079979090434,0.10446419236800836,0.3380658651332985,0.007318348144276007,0.0005645582854155776,0.0008572922111866178,0.002509147935180345,0.001359121798222687,0.0012754835337166755,0.0003136434918975431,0.0016518557239937272,0.0005227391531625719,0.004411918452692107,0.0015682174594877157,0.0033873497124934657,0.0024046001045478307,0.004349189754312598,0.005352848928384736,0.011207527443805541,0.01388395190799791,0.007485624673288029,0.007611082070047046,0.009513852587558809,0.004161003659174072,0.007067433350757972,0.009430214323052797,0.003951907997909044,0.013131207527443806,0.007360167276529012,0.020825927861996864,0.049388395190799794,0.03353894406691061,0.04928384736016728,0.07498170412963931,0.2501411395713539,0.0203659174072138,0.018128593831677992,0.00575013068478829,0.008196549921589127,0.009722948248823837,0.006084683742812336,0.006795608991113434,0.004265551489806586,0.007025614218504966,0.007841087297438577,0.017710402509147936,0.021766858337689494,0.013214845791949818,0.01789858860428646,0.018797699947726086,0.06421327757449033,0.013695765812859383,0.02895974908520648,0.011395713538944066,0.005436487192890748,0.00625196027182436,0.0032409827496079455,0.008008363826450602,0.006356508102456874,0.001317302665969681,0.006063774176685834,0.010642969158389963,0.010308416100365918,0.008238369053842133,0.0036591740721380033,0.005331939362258233,0.01250392054364872
06,7511,07511,0607511,58547.0,2902,0.022682631048559276,0.43208020906280425,0.3574734828428442,0.18776367704579228,0.04061694023604967,0.024629784617486807,0.026611098775342887,0.015987155618562864,0.018720002732847116,0.010060293439458896,0.015730951201598717,0.014398688233385144,0.01863460126052573,0.031393581225340327,0.049498693357473485,0.08420585170888346,0.062052709788716756,0.08096059576067091,0.11708541855261585,0.3894136334910414,0.0011956206124993595,0.0,0.0012297812014279126,0.001298102379285019,0.0004099270671426375,6.832117785710625e-05,0.00046116795053546724,0.0006319708951782329,0.0,0.0009906570789280408,0.003911387432319333,0.0007686132508924454,0.0010077373733923174,0.0032452559482125474,0.0010077373733923174,0.006456351307496541,0.00949664372213777,0.0008540147232138282,0.0031086135924983348,0.0024766426973201017,0.0038601465489265037,0.0017763506242847627,0.004680000683211779,0.0015884673851777205,0.006251387773925222,0.01053854168445864,0.009838249611423301,0.03175226740909013,0.025825405229986165,0.03933591815122893,0.06497344014210805,0.215724119083813,0.0185833603771329,0.010470220506601534,0.005294891283925735,0.006610073957675031,0.007293285736246093,0.004748321861068885,0.008318103404102687,0.004714161272140332,0.008232701931781303,0.014091242933028165,0.018822484499632773,0.029070661178198714,0.019010367738739816,0.02555212051855774,0.0376791295881941,0.1389823560558184,0.011341315524279638,0.013305549387671443,0.016977812697490904,0.005602336584282713,0.00715664338053188,0.0034672997762481427,0.002271679163748783,0.007464088680888858,0.004150511554819205,0.005773139528925479,0.016926571814098075,0.02261430987070217,0.01620919944659846,0.0128273011426717,0.01342511144892138,0.028250807043913438
06,7512,07512,0607512,38041.0,1867,0.014458084698088904,0.3311164270129597,0.32010199521568833,0.33432349307326303,0.03625036145211745,0.03493599011592755,0.014589521831707895,0.018926947241134567,0.021187665939381192,0.018269761573039615,0.01621934228858337,0.013301437922241791,0.023422097210904026,0.0343313793012802,0.061591440813858735,0.10893509634341894,0.07468257932231014,0.08932467600746563,0.1175573723088247,0.3164743303278042,0.0011303593491233143,0.0,0.0003417365474093741,0.0,0.0005520359611997581,0.0002628742672379801,0.0007360479482663442,0.00047317368102836415,0.0,0.0014195210430850923,0.0007360479482663442,0.003154491206855761,0.0003680239741331721,0.0005257485344759602,0.002549880392208407,0.0022081438447990325,0.014352934991193712,0.0021292815646276387,0.0021555689913514368,0.0014720958965326885,0.002365868405141821,0.0022870061249704267,0.004810599090455035,0.0005520359611997581,0.003548802607712731,0.006834730948187482,0.01385347388344155,0.023211797797113642,0.023684971478142004,0.03837964301674509,0.03995688862017297,0.1515207276359717,0.0054152099051023896,0.006387844693882916,0.0027076049525511948,0.0018926947241134566,0.007360479482663442,0.0057306590257879654,0.003443652900817539,0.0020241318577324465,0.008149102284377383,0.006492994400778108,0.016403354275649956,0.04198102047790542,0.02833784600825425,0.026708025551378776,0.04539838595199916,0.11166898872269393,0.015351857206698037,0.026418863857416996,0.009384611340395888,0.01556215662048842,0.010909282090376173,0.009989222155043243,0.007229042349044452,0.010252096422281223,0.01172419231881391,0.019584132909229515,0.03059856470650088,0.04058778686154412,0.02229173786178071,0.023711258904865803,0.029652217344444152,0.05107647012433953
06,7513,07513,0607513,35048.0,1817,0.028389637069162293,0.3020143802784752,0.3746861447158183,0.2949098379365442,0.04422506277105684,0.023881533896370693,0.024081259986304497,0.018660123259529787,0.02177014380278475,0.0247945674503538,0.023082629536635473,0.01418055238530016,0.02676329605112988,0.03167085140378909,0.05344099520657384,0.0951837480027391,0.08913490070760101,0.08448413604199954,0.11361561287377311,0.3110305866240584,0.008388495777219812,0.0025108422734535494,0.003195617438940881,0.0012839534352887469,0.0005706459712394431,0.0023111161835197443,0.0013980826295366354,0.0,0.0,0.0010271627482309974,0.0005135813741154987,0.001483679525222552,0.0016548733165943849,0.0008274366582971924,0.000741839762611276,0.0024823099748915774,0.004993152248345126,0.005620862816708514,0.005792056608080347,0.005392604428212737,0.0033382789317507417,0.005820588906642319,0.004879023054097238,0.00265350376626341,0.005849121205204292,0.011213193334855057,0.008188769687286008,0.027505135813741154,0.017147911435745265,0.03087194704405387,0.04482424104085825,0.1179239899566309,0.011584113216160694,0.006904816251997261,0.0066765578635014835,0.0015407441223464961,0.005991782698014152,0.006904816251997261,0.004850490755535266,0.0049360876512211825,0.011041999543483222,0.009158867838393061,0.018089477288290346,0.025251084227345354,0.042056608080346954,0.03249828806208628,0.044767176443734305,0.142433234421365,0.019259301529331203,0.008845012554211367,0.008417028075781785,0.010442821273681808,0.011869436201780416,0.009758046108194475,0.011955033097466332,0.006590960967815567,0.009872175302442365,0.010271627482309975,0.02664916685688199,0.040943848436430036,0.028275507874914403,0.0202864642775622,0.023282355626569277,0.048191052271170966
06,7514,07514,0607514,50402.0,2176,0.03714138327844133,0.5063687948890917,0.24272846315622396,0.21376135867624302,0.045474385937065986,0.03904606960041268,0.027935399388913137,0.02178484980754732,0.017023134002618942,0.017102495932701082,0.02015793024086346,0.014999404785524384,0.01632871711440022,0.03178445299789691,0.052458235784294274,0.08997658823062576,0.06243799849212333,0.07255664457759613,0.12217769136145391,0.34875600174596244,0.0026387841752311416,0.0006944168882187214,0.0013094718463553033,0.0013293123288758383,0.0005356930280544423,0.003353041545970398,0.0,0.0003174477203285584,0.0004166501329312329,0.0012102694337526288,0.0030752747906829096,0.002142772112217769,0.0016070790841633269,0.0034720844410936072,0.0038490536089837704,0.011190032141581683,0.01101146779889687,0.005337089798023888,0.003273679615888258,0.0030355938256418397,0.003174477203285584,0.0029959128606007698,0.008690131343994286,0.0014285147414785128,0.0036903297488194912,0.016130312289194874,0.023253045514066904,0.046724336335859686,0.03444307765564859,0.039303995873179634,0.0877742946708464,0.21610253561366613,0.01851117019165906,0.009384548232213007,0.006170390063886354,0.006190230546406889,0.0038887345740248403,0.00392841553906591,0.005436292210626563,0.01003928415539066,0.006785445022022936,0.00595214475616047,0.011190032141581683,0.017300900757906433,0.012003491924923615,0.0164874409745645,0.017836593785960874,0.09162334827983017,0.013312963771278918,0.023630014681957065,0.01718185786278322,0.011229713106622753,0.009424229197254077,0.006825125987064006,0.0060315066862426095,0.0032141581683266538,0.005436292210626563,0.008491726518788937,0.014939883337962779,0.02380857902464188,0.014384349827387802,0.013293123288758382,0.012717749295662871,0.02984008571088449
06,7705,07705,0607705,63803.0,2875,0.024246508784853377,0.36418350234315,0.3508612447690547,0.26070874410294187,0.05788129084839271,0.0277573154867326,0.03349372286569597,0.03549989812391267,0.04656520853251415,0.03082927135087692,0.03379151450558751,0.03104869676974437,0.04517028979828535,0.06498127047317524,0.10750278200084636,0.15297086343902325,0.08968230333996834,0.07698697553406579,0.07988652571195712,0.08595207121922167,0.0030249361315298653,0.001065780605927621,0.00283685720107205,0.00015673244204817956,0.003197341817782863,0.0012225130479758006,0.0025860852937949624,0.0007993354544457157,0.0007366424776264438,0.0026957980032286883,0.0006739495008071721,0.0033070545272165888,0.00032913812830117706,0.00018807893045781548,0.0012538595363854365,0.0001724056862529975,0.021864175665721047,0.004435528109963481,0.008400858893782424,0.010986944187577386,0.017804805416673196,0.011143676629625567,0.015109007413444508,0.012507248875444727,0.022256006770841497,0.025186903437142454,0.04526432926351426,0.05183141858533298,0.03496700782094886,0.03184803222419009,0.03134648840963591,0.01923107063931163,0.016692005078131122,0.010908577966553297,0.008385185649577607,0.00843220538219206,0.012381862921806184,0.007303731799445167,0.0074918107299029825,0.010391360907794304,0.009545005720734134,0.01609642179834804,0.036628371706659564,0.06484021127533188,0.03664404495086438,0.02968512452392521,0.031095716502358824,0.044339607855429994,0.016300173973010673,0.0113474288042882,0.01387082112126389,0.015924016112095044,0.013181198376251901,0.011159349873830384,0.008604611068445057,0.007350751532059621,0.012632634829083273,0.02100214723445606,0.024936131529865367,0.032992179051141796,0.017742112439853925,0.01526573985549269,0.016190461263576948,0.022208987038227043
06,7706,07706,0607706,48176.0,2243,0.03304549983394221,0.36891813351046165,0.37483394221188976,0.22320242444370642,0.07962470939887081,0.059469445366987714,0.04618482231816672,0.04508468947193623,0.03896130853537031,0.04267685154433743,0.04201262039189638,0.028665725672534042,0.052432746595815344,0.07742444370640983,0.10542593822650283,0.12823812686815012,0.0921828296247094,0.0645549651278645,0.06214712720026569,0.03491364995018267,0.004442045831949518,0.003881600797077383,0.0003736300232480903,0.0004359016937894387,0.0007887744935237463,0.0006642311524410495,0.00014530056459647958,0.0019926934573231483,0.004047658585187646,0.004400531384921953,0.004525074726004649,0.001120890069744271,0.0026361673862504154,0.002615410162736632,0.0009755895051477914,0.0,0.01832862836267021,0.014384755895051478,0.019262703420790436,0.01685486549319163,0.018764530056459647,0.01812105612753238,0.018598472268349386,0.01357522417801395,0.0161698771172368,0.03472683493855862,0.03958402524078379,0.051270342079043504,0.03823480571238791,0.022583859182995682,0.01812105612753238,0.010337097309863832,0.027482563932248422,0.01820408502158751,0.010212553968781136,0.014301727000996347,0.008489704417137164,0.013720524742610428,0.012890235802059117,0.007181999335768847,0.02241780139488542,0.02530305546330123,0.040497343075390234,0.05479907007638658,0.03622135503155098,0.03244354035204251,0.031073563600132845,0.01959481899701096,0.029371471272002656,0.022999003653271337,0.01633593490534706,0.013492195283958818,0.01091829956824975,0.01017103952175357,0.010378611756891398,0.005915808701428097,0.00979740949850548,0.012994021919628031,0.020819495184324143,0.021047824642975756,0.015090501494520092,0.006912155430089671,0.011976917967452674,0.004981733643307871
06,7707,07707,0607707,36821.0,1747,0.015534613399961978,0.38529643410010594,0.44118845224192715,0.15798050025800495,0.028271910051329403,0.01719127671709079,0.018413405393661226,0.01941826674995247,0.0264794546590261,0.020178702370929634,0.021129246897151083,0.016783900491567312,0.036582385052008365,0.041851117568778684,0.08269737378126613,0.15398821324787484,0.11800331332663426,0.0813122946144863,0.14874663914613942,0.16895249993210396,0.0007604356209771597,0.0,0.0020368811276173923,0.0,0.0013579207517449281,0.001059178186361044,0.0,0.0002987425653838842,0.000869069281116754,0.0026072078433502623,0.0032861682192227262,0.001113495016430841,0.0002987425653838842,0.0018467722223731024,0.0,0.0,0.0065723364384454525,0.007088346324108525,0.0019554058825126965,0.0040466038401998855,0.006409385948236061,0.0043453464055837705,0.005323049346840118,0.00529589093180522,0.016349365851008935,0.01719127671709079,0.030743325819505174,0.07229570082289997,0.04665815702995573,0.03332337524782054,0.06479997827326797,0.06289888922082507,0.01735422720730018,0.00472556421607235,0.007903098775155482,0.007522880964666902,0.008799326471307135,0.00662665326851525,0.008093207680399771,0.006898237418864235,0.012547187746123137,0.014203851063251949,0.03389370196355341,0.060183047717335215,0.05931397843621846,0.03546889003557752,0.07093778007115505,0.08671681920643111,0.0035849107846066103,0.005377366176909915,0.006518019608375655,0.007848781945085684,0.009912821487737975,0.008147524510469569,0.007712989869911192,0.004291029575513973,0.006816762173759539,0.007848781945085684,0.014774177778984819,0.020395969691208823,0.01173243529507618,0.010673257108715136,0.013008880801716412,0.019336791504847777
06,7708,07708,0607708,54746.0,2668,0.022229934607094583,0.31357542103532676,0.3809228071457275,0.2832718372118511,0.042907244364885105,0.024166149125050232,0.030650641142731888,0.03998465641325394,0.037135133160413544,0.031216892558360427,0.03616702590143572,0.04263325174441968,0.03925400942534615,0.07050743433310196,0.08893800460307602,0.134365981076243,0.1097431775837504,0.07989624812771709,0.09070982354875241,0.1017243268914624,0.0025572644576772733,0.0,0.0006575822891170131,0.0002191940963723377,0.0011325028312570782,0.0,0.0022284733131187665,0.00239286888539802,0.003360976144375845,0.0017718189456763964,0.0026485953311657473,0.0033975084937712344,0.0016074233733971433,0.0,0.0002557264457677273,0.0,0.007196872830891755,0.003982026084097468,0.0075256639754502615,0.013023782559456399,0.011635553282431594,0.009224418222335879,0.012019142951083184,0.009735871113871333,0.01622036313155299,0.023727760932305556,0.025773572498447375,0.04341869725642056,0.052844043400431084,0.0267416797574252,0.0260292989442151,0.024476674094911045,0.01432068096299273,0.0077631242465202935,0.010685712198151464,0.010101194607825228,0.011690351806524677,0.01139809301136156,0.007726591897124904,0.015562780842435977,0.009260950571731269,0.020037993643371204,0.03198407189566361,0.05673473861104007,0.034961458371387866,0.03726299638329741,0.04555583969605085,0.05587622840024842,0.018832426113323347,0.01242099879443247,0.011781682680013152,0.01664048514959997,0.012676725240200198,0.01059438132466299,0.014192817740108866,0.014941730902714353,0.010411719577686041,0.024969860811748804,0.028531764877799293,0.03081503671501114,0.020330252438534323,0.015891571986994483,0.018868958462718737,0.021371424396302928
06,7709,07709,0607709,37825.0,1551,0.013007270323859881,0.365181758096497,0.4039391936549901,0.217871777924653,0.048274950429610046,0.019907468605419695,0.02030403172504957,0.024375413086582948,0.025168539325842697,0.025988103106411104,0.021784534038334434,0.018664904163912754,0.04666226040978189,0.0677065432914739,0.08779907468605419,0.12497025776602776,0.11606080634500991,0.08835426305353603,0.1594183740912095,0.10456047587574356,0.00015862524785194976,0.0,0.0,0.0,0.001348314606741573,0.0023265036351619297,0.0,0.00026437541308658297,0.0,0.0017977528089887641,0.0013218770654329147,0.00356906807666887,0.0009253139458030404,0.0009517514871116987,0.0003436880370125578,0.0,0.016682088565763385,0.00541969596827495,0.005023132848645076,0.004309319233311302,0.008909451421017846,0.0069266358228684734,0.007481824190350298,0.005340383344348975,0.010707204230006609,0.02807666886979511,0.03997356245869134,0.04264375413086583,0.05113020489094514,0.04124256444150694,0.0514738929279577,0.03984137475214805,0.018612029081295438,0.003992068737607403,0.005472571050892267,0.0057105089226701915,0.004838070059484468,0.005261070720423,0.005948446794448116,0.0059748843357567746,0.018056840713813617,0.01803040317250496,0.025194976867151355,0.0599074686054197,0.04774619960343688,0.03458030403172505,0.08600132187706544,0.05861202908129544,0.012822207534699273,0.010495703899537343,0.009808327825512227,0.014355584930601455,0.01007270323859881,0.0114738929279577,0.008354263053536022,0.007085261070720423,0.017898215465961667,0.01980171844018506,0.021308658294778585,0.018849966953073363,0.016259087904824852,0.011579643093192333,0.021599471249173826,0.006107072042300066
06,7901,07901,0607901,67459.0,3311,0.09795579537200373,0.25299811737499817,0.2839057798069939,0.36514030744600423,0.05793148430898768,0.036600008894291346,0.036318356334959015,0.034702560073526144,0.03353147837946012,0.03068530514831231,0.02865444195733705,0.036051527594538904,0.04064691145732964,0.05738300300923524,0.08323574319216116,0.13400732296654264,0.0896692806000682,0.08442164870513942,0.08615603551787011,0.13000489186024103,0.023747757897389525,0.007293318904816258,0.00867193406365348,0.005810937013593442,0.007871447842393157,0.004358202760195082,0.0029647637824456335,0.004402674216931766,0.0053365748084021405,0.004699150595176329,0.005143865162543174,0.006137061029662462,0.0015416771668717295,0.002016039372063031,0.005217984257104315,0.002742406498762211,0.009813368119895048,0.0014230866155739042,0.006789309061800501,0.005796113194681214,0.007486028550675225,0.0016306200803450986,0.007486028550675225,0.010732444892453194,0.010480439970945315,0.01580219096043523,0.02121288486339851,0.046561615203308676,0.023377162424583823,0.028506203768214767,0.026386397663766138,0.029514223454246282,0.014112275604441216,0.0073674379993773995,0.005588579729910019,0.005929527564891267,0.004328555122370625,0.007649090558709735,0.003809721460442639,0.007352614180465172,0.011562578751537971,0.013889918320757793,0.0184704783646363,0.03476185534917505,0.03123378644806475,0.030477771683541113,0.02669769786092293,0.060673890807749896,0.010258082687261893,0.020516165374523786,0.015268533479595014,0.01716598230036022,0.013845446864021109,0.017047391749062394,0.01439392816377355,0.013563794304688775,0.01326731792644421,0.02299174313286589,0.038408514801583186,0.04654679138439645,0.033516654560547886,0.023421633881320507,0.027853955736076727,0.037074371099482646
06,7902,07902,0607902,41438.0,1897,0.017882137168782276,0.27841594671557507,0.3690573869395241,0.33464452917611853,0.04295574110719629,0.019426613253535403,0.03646411506346831,0.026738742217288478,0.020512573000627442,0.03062406486799556,0.03122737583860225,0.040011583570635646,0.03190308412568174,0.06559196872435928,0.08808340170857668,0.13907524494425408,0.12095178338722912,0.08687677976736329,0.09628843090882765,0.1232684975143588,0.0017375355953472657,0.0,0.0034750711906945315,0.0015444760847531252,0.00045851633766108406,0.0,0.0,0.0008205029200250977,0.0,0.0035957333848158695,0.0006998407259037598,0.0024856411988995607,0.002702833148317969,0.0003619865823640137,0.0,0.0,0.012717795260389015,0.0008929002364979004,0.0043921038660167,0.004150779477774024,0.00448863362131377,0.005478063613108741,0.0052850041025146,0.010521743327380664,0.010401081133259327,0.0184613157005647,0.02584584198079058,0.04329359525073604,0.03417153337516289,0.03011728365268594,0.02922438341618804,0.038973888701192144,0.013586563058062648,0.003282011680100391,0.00987016747912544,0.007287996524928809,0.007167334330807472,0.009146194314397412,0.010014962112071046,0.010545875766204933,0.012186881606255128,0.020874559582991458,0.03011728365268594,0.05535981466286983,0.05082291616390752,0.029200250977363774,0.04411409817076114,0.055480476856991166,0.014913847193397365,0.015251701336937111,0.018726772527631642,0.01375549012983252,0.008398088710845119,0.015999806940489407,0.015927409624016602,0.018123461557024954,0.009315121386167287,0.022660360055987257,0.03142043534919639,0.037936193831748635,0.033254500699840726,0.027197258554949564,0.02294994932187847,0.028814131956175493
06,8101,08101,0608101,46189.0,2241,0.025828660503583106,0.2945723007642512,0.36523847669358506,0.3143605620385806,0.03271341661434541,0.02017796445041027,0.02208317997791682,0.023555391976444608,0.026175063326766113,0.018814003334127173,0.019333607568901685,0.0222996817424062,0.01773149451168027,0.04719738465868497,0.06821970599060383,0.12039663123254454,0.09458962090541038,0.09965576219446189,0.14444997726731473,0.22260711424798113,0.0026629717032193813,0.0015588127043235402,0.0,0.0017536642923639827,0.0015371625278746022,0.0001515512351425664,0.0014289116456299119,0.0,0.0,0.002489770291627877,0.005109441641949382,0.004113533525298231,0.0003031024702851328,0.0,0.002165017644893806,0.002554720820974691,0.008421918638636904,0.0014072614691809737,0.0029877243499534523,0.004416635995583364,0.008898222520513543,0.006451752581783541,0.006603303816926108,0.003702180172768408,0.0055857455238260195,0.01270865357552664,0.020242914979757085,0.03388252614258806,0.02152027539024443,0.03689190066899045,0.05044491112602568,0.07040637381194657,0.007664162462924073,0.0035289787611769035,0.004243434583991859,0.004633137760072744,0.0053259434064387625,0.0036155794669726557,0.00714455822814956,0.008530169520881595,0.0037887808785641605,0.01686548745372275,0.020286215332654962,0.038515663902660806,0.037108402433479834,0.03650219749290957,0.055511052415077186,0.11197471259390764,0.013964363809565047,0.013682911515728853,0.014852021043971509,0.012751953928424516,0.010413734871939206,0.00859512005022841,0.004156833878196107,0.010067332048756197,0.00835696810929009,0.015133473337807703,0.022581134036242394,0.043884907661997444,0.03565784061140098,0.026261664032561867,0.036328996081318066,0.03767130702115222
06,8102,08102,0608102,41777.0,1977,0.015822103071067812,0.3243411446489695,0.39768293558656675,0.2621538166933959,0.037891662876702495,0.016276898772051608,0.011800751609737415,0.021303588098714604,0.018718433587859348,0.02013069392249324,0.024535031237283674,0.02479833401153745,0.01984345453239821,0.048950379395361086,0.07681260023457884,0.10295138473322642,0.09682361107786581,0.09431026641453431,0.14347607535246668,0.24137683414318883,0.0,0.0,0.0,0.0,0.0018670560356176843,0.0006462886277138138,0.001388323718792637,0.0003829858534600378,0.00035904923761878544,0.0,0.0003351126217775331,0.0027287742059027694,0.0031356966752040596,0.00023936615841252363,0.00354261914450535,0.0011968307920626183,0.009670392799865955,0.003973478229647893,0.0017473729564114226,0.005505421643488044,0.004141034540536659,0.004284654235584173,0.006821935514756924,0.00861718170285085,0.003375062833616583,0.009574646336500946,0.02013069392249324,0.027503171601598965,0.02946597410058166,0.03463628312229217,0.050290829882471216,0.10460301122627283,0.014002920267132632,0.003351126217775331,0.0051224357900280055,0.0040452880771716495,0.007061301673169447,0.006271393350408119,0.007779400148407018,0.008018766306819542,0.0057208511860593145,0.01886205328290686,0.025755798645187542,0.04033319769251023,0.037963472724226247,0.046652464274600854,0.06077506762093975,0.10596739832922421,0.014218349809703905,0.008952294324628384,0.004930942863297987,0.01175287837805491,0.005649041338535558,0.008928357708787131,0.008545371855327093,0.007779400148407018,0.010388491275103526,0.020513679775953277,0.03059099504512052,0.03238624123321445,0.026258467577853842,0.012782152859228763,0.02886755870455035,0.029609593795629174
06,8103,08103,0608103,40699.0,2197,0.016118332145752968,0.32681392663210396,0.3840880611317231,0.2729796800904199,0.030492149684267427,0.020319909580087964,0.020885034030320156,0.0253323177473648,0.014103540627533846,0.023784368166294013,0.024939187695029362,0.016978304135236738,0.020000491412565418,0.04186835057372417,0.05086120052089732,0.09776652989016929,0.07255706528415931,0.0829258704145065,0.11816015135507014,0.33902552888277354,0.0009336838742966658,0.0,0.0011548195287353498,0.0035627410992899087,0.0,0.00034398879579350844,0.0019410796334062262,0.000663406963316052,0.0,0.0,0.0008354013612128062,0.00221135654438684,0.0016462320941546475,0.0,0.0008354013612128062,0.001990220889948156,0.008476866753482887,0.0015970908376127177,0.0037101648689156982,0.003955871151625347,0.003906729895083417,0.002874763507702892,0.008059166072876484,0.007174623455121747,0.004889555025922013,0.012555591046463059,0.011548195287353498,0.028428216909506376,0.022383842354849012,0.037617631882847245,0.038330180102705225,0.13130543748003637,0.013956116857908056,0.005946092041573503,0.005749527015405784,0.005651244502321924,0.0025553453401803484,0.011130494606747095,0.009263126858153763,0.0019165090051352614,0.003980441779896312,0.015602348952062705,0.01692916287869481,0.039779847170692155,0.02034448020835893,0.027715668689648393,0.052040590677903634,0.15152706454704046,0.007125482198579817,0.012776726700901742,0.010270522617263323,0.01216246099412762,0.00764146539227008,0.009435121256050517,0.00567581513059289,0.007223764711663677,0.011130494606747095,0.013710410575198407,0.021548440993636207,0.02734710926558392,0.028182510626796727,0.01759256984201086,0.026953979213248484,0.05420280596574854
06,8104,08104,0608104,47916.0,2815,0.02270640287169213,0.33329159362217214,0.37325736705901996,0.27074463644711577,0.03316220051757242,0.012897570748810419,0.012334084648134234,0.015568912263127139,0.014608898906419568,0.013231488438100009,0.021850738792887552,0.01389932381667919,0.016299357208448117,0.03268219383921863,0.06035562233909341,0.0744010351448368,0.07909675265047166,0.07999415644043743,0.1257617497286919,0.3938559145170715,0.0013982803239001587,0.0,0.0,0.0014817597462225562,0.0017948075799315468,0.001419150179480758,0.0,0.0004800066783537858,0.0016487185908673511,0.0008139243676433759,0.004862676350279656,0.001419150179480758,0.002128725269221137,0.0017113281576091493,0.0,0.003547875448701895,0.0035270055931212957,0.0015652391685449538,0.0021704649803823356,0.0019200267134151432,0.0009182736455463728,0.0013356707571583605,0.007408798731112781,0.0036313548710242925,0.0019617664245763417,0.00371483429334669,0.013043659737874615,0.02400033391768929,0.026233408464813424,0.030949995826028885,0.047729359712830786,0.16318140078470658,0.013815844394356791,0.003485265881960097,0.004716587361215461,0.004361799816345271,0.004716587361215461,0.004111361549378079,0.004800066783537858,0.0028174305033809165,0.0054261624509558395,0.013982803239001586,0.012438433926037232,0.01788546623257367,0.02635862759829702,0.028988229401452542,0.0472910927456382,0.17806160781367392,0.014421070206194174,0.007847065698305367,0.005447032306536439,0.007805325987144169,0.007179230319726187,0.006365305952082812,0.009641873278236915,0.006970531763920194,0.007262709742048585,0.01417063193922698,0.030010852324901912,0.03109608481509308,0.02437599131814008,0.018344603055346857,0.03074129727022289,0.04906503046998915
06,8105,08105,0608105,50836.0,2801,0.025985522070973325,0.38238649775749467,0.380242347942403,0.21138563222912896,0.030391848296482806,0.015520497285388308,0.012392792509245416,0.019749783617908568,0.013120623180423322,0.011802659532614683,0.022267684318199702,0.018864584152962466,0.016484381147218508,0.04762373121410025,0.0576363207176017,0.07270438272090644,0.07423872846014636,0.07815327720513023,0.11066960421748367,0.3983791014241876,0.0019277677236603983,0.0,0.00017703989298922023,0.0016523723345660555,0.004307970729404359,0.0007475017703989299,0.0010228971594932726,0.001337634747029664,0.0013769769454717129,0.0015736879376819577,0.00039342198442048943,0.0025965850971752303,0.003009678180816744,0.0013179636478086395,0.0036588244551105514,0.0008851994649461012,0.00800613738295696,0.00334408686757416,0.003481784562121331,0.002340860807301912,0.0023211897080808877,0.0031473758753639155,0.006530804941380124,0.005743960972539146,0.00501613030136124,0.018077740184121487,0.020182547800771108,0.025198678102132346,0.029664017625304902,0.02657565504760406,0.04601070107797624,0.17674482650090487,0.010622393579353214,0.0035998111574474783,0.002006452120544496,0.007416004406326226,0.002478558501849083,0.002871980486269573,0.008615941458808719,0.004878432606814069,0.003462113462900307,0.015028719804862695,0.019828468014792665,0.022425053111967897,0.02230702651664175,0.026713352742151232,0.041997796836887244,0.18599024313478638,0.009835549610512235,0.00857659926036667,0.006727515933590369,0.008340546069714376,0.004012904241088992,0.005035801400582265,0.006098040758517586,0.006904555826579589,0.006629160437485247,0.012943583287434102,0.017231882917617437,0.02248406640963097,0.019258006137382957,0.023546305767566292,0.019002281847509638,0.03475883232355024
06,8106,08106,0608106,37007.0,2079,0.022509255005809713,0.3046450671494582,0.39938390034317833,0.27346177750155376,0.02545464371605372,0.01307860675007431,0.015861863971681035,0.016267192693274247,0.017483178858053883,0.014348636744399708,0.019969195017158915,0.028264922852433323,0.028237900937660442,0.031237333477450214,0.05417893911962602,0.08941551598346259,0.07287810414245953,0.06177209717080552,0.11084389439835707,0.40070797416704945,0.0010538546761423514,0.0,0.0,0.0006485259545491393,0.0,0.0,0.0,0.0025670819034236767,0.0031615640284270545,0.0026751695625152,0.0014862053125084442,0.0023238846704677495,0.0037020023238846706,0.000567460210230497,0.003323695517064339,0.0009998108465965898,0.006160996568216824,0.002648147647742319,0.003080498284108412,0.0016483368011457292,0.006755478693220201,0.004080309130705001,0.006188018482989705,0.011241116545518416,0.009511714000054045,0.010295349528467588,0.016726565244413218,0.02748128732401978,0.019671953954657227,0.021536466073986002,0.041451617261599155,0.11616721160861458,0.006863566352311725,0.003107520198881293,0.009835976977328614,0.006160996568216824,0.0031345421136541735,0.0027021914772880806,0.0035128489204745046,0.006296106142081228,0.006647391034128678,0.011673467181884509,0.021320290755802957,0.03518253303429081,0.023671197341043587,0.024346745210365606,0.04564001405139568,0.18928851298403004,0.01137622611938282,0.007322938903450698,0.002945388710244008,0.0078093333693625535,0.007593158051179507,0.007566136136406626,0.010268327613694707,0.008160618261410003,0.008917231875050667,0.006593347204582917,0.014645877806901396,0.02442781095468425,0.02583295052287405,0.015321425676223417,0.02042856756829789,0.09425243872780825
06,8301,08301,0608301,37853.0,1808,0.03643040181755739,0.3600243045465353,0.34245634427918525,0.26108894935672206,0.03783055504187251,0.030644863022745886,0.034158455076215885,0.02953530763743957,0.03666816368583732,0.03862309460280559,0.048371331202282514,0.03666816368583732,0.0317544184080522,0.0819485906004808,0.0834808337516181,0.16019866324994056,0.10514358175045571,0.08731144162946133,0.08255620426386284,0.07510633239109185,0.0018228409901460915,0.0,0.004332549599767522,0.0026417985364436108,0.000739703590204211,0.004015533775394289,0.0016907510633239109,0.0034343380973766943,0.0002905978390087972,0.005389269014344966,0.003196576229096769,0.0027474704779013553,0.002694634507172483,0.0,0.0034343380973766943,0.0,0.01059361213113888,0.003090904287639025,0.006895094180117824,0.006842258209388952,0.015296013526008507,0.012099437296911738,0.022085435764668586,0.008876443082450532,0.014635563891897603,0.0377513010857792,0.033815021266478215,0.06364092674292658,0.035796370168810925,0.038279660793067924,0.029350381739888517,0.02097588037936227,0.01167674953108076,0.008506591287348427,0.0028267244339946636,0.010144506379943465,0.006340316487464666,0.013446754550497979,0.011808839457902941,0.01202018334081843,0.009695400628748052,0.01859826169656302,0.020817372467175653,0.06068211238210974,0.05056402398753071,0.03481890471032679,0.03186009034950995,0.038649512588170024,0.013737352389506777,0.019047367447758434,0.02010408686233588,0.00990674451166354,0.014292130082159935,0.009061368980001585,0.012786304916387076,0.012337199165191663,0.007132856048397749,0.020209758803793623,0.02565186378886746,0.03312815364700288,0.01608855308694159,0.014212876126066627,0.01791139407708768,0.01548093942355956
06,8302,08302,0608302,35268.0,1943,0.032834297380061245,0.31461948508563004,0.3614041057048883,0.29114211182942046,0.05495066349098333,0.03895882953385505,0.029091527730520584,0.028354315526823184,0.030055574458432575,0.027361914483384372,0.043608937280254056,0.036095043665645914,0.03654871271407508,0.06263468299875241,0.09595100374276964,0.14715889758421233,0.10760462742429398,0.0775490529658614,0.07241692185550641,0.1116592945446297,0.0011341726210729274,0.004593399115345355,0.002523534081887263,0.0031756833390041966,0.0008506294658046955,0.0018146761937166836,0.004848587955086765,0.003884541227174776,0.0,0.002325053873199501,0.0033741635476919585,0.003147329023477373,0.0008222751502778723,0.0003402517863218782,0.0,0.0,0.02109561075195645,0.005132131110354996,0.005784280367471929,0.008874900759895657,0.005755926051945106,0.0031756833390041966,0.01559487353975275,0.010406033798344108,0.015708290801860043,0.02279686968356584,0.03430872178745605,0.047606895769536126,0.03501757967562663,0.03382669842350006,0.019365997504820234,0.030168991720539867,0.017211069524781672,0.01193716683679256,0.0012759441987070432,0.0085630032891006,0.007201996143813089,0.011795395259158443,0.0081943971872519,0.009470341385958944,0.01060451400703187,0.024214585459906998,0.024129522513326528,0.0545537030736078,0.051548145627764545,0.027050017012589318,0.03881705795622094,0.054837246228876035,0.015509810593172281,0.017296132471362143,0.01950776908245435,0.007740728138822729,0.016247022796869685,0.010576159691505048,0.01497107859816264,0.012334127254168084,0.010235907905183169,0.013298173982080073,0.03413859589429511,0.041850969717591016,0.02021662697062493,0.016332085743450152,0.014233866394465238,0.026653056595213793
06,8303,08303,0608303,75840.0,3851,0.08589135021097047,0.2781118143459916,0.3353639240506329,0.30063291139240506,0.05905854430379747,0.030893987341772153,0.02398470464135021,0.023167194092827005,0.028072257383966244,0.026489978902953588,0.03161919831223629,0.031118143459915613,0.02933808016877637,0.05847837552742616,0.0798918776371308,0.10052742616033755,0.07817774261603376,0.07573839662447257,0.10486550632911393,0.2185785864978903,0.023734177215189875,0.006540084388185654,0.006078586497890295,0.006078586497890295,0.0038370253164556963,0.006566455696202532,0.003256856540084388,0.0022943037974683545,0.0013976793248945147,0.006342299578059072,0.007001582278481013,0.0051819620253164556,0.002162447257383966,0.0018987341772151898,0.0027426160337552744,0.0007779535864978902,0.006329113924050633,0.0029667721518987344,0.004272151898734177,0.0038897679324894517,0.004865506329113924,0.006790611814345992,0.006592827004219409,0.01016613924050633,0.010508966244725738,0.014556962025316455,0.027241561181434597,0.03528481012658228,0.02790084388185654,0.02743934599156118,0.03238396624472574,0.05692246835443038,0.012790084388185654,0.00602584388185654,0.0032304852320675106,0.005814873417721519,0.007594936708860759,0.004997362869198312,0.009546413502109705,0.01083860759493671,0.0076740506329113925,0.019277426160337553,0.021031118143459916,0.03256856540084388,0.024406645569620255,0.030524789029535863,0.040585443037974685,0.09845727848101266,0.016205168776371306,0.015361286919831223,0.010403481012658228,0.007383966244725738,0.011774789029535864,0.008135548523206752,0.012223101265822784,0.00781909282700422,0.009757383966244726,0.01830168776371308,0.024617616033755275,0.027492088607594937,0.023707805907172995,0.015875527426160337,0.029153481012658227,0.06242088607594937
06,8505,08505,0608505,28490.0,1742,0.0073008073008073,0.29663039663039664,0.4035100035100035,0.2925587925587926,0.02607932607932608,0.018497718497718498,0.02572832572832573,0.024850824850824852,0.019971919971919973,0.017444717444717445,0.0237978237978238,0.012074412074412075,0.02829062829062829,0.04605124605124605,0.055949455949455947,0.10273780273780274,0.1113022113022113,0.0946998946998947,0.1295893295893296,0.26293436293436295,0.0,0.0,0.0,0.0004914004914004914,0.0,0.0003861003861003861,0.0,0.0,0.0004212004212004212,0.0001755001755001755,0.0,0.002176202176202176,0.0002106002106002106,0.0005967005967005967,0.0017199017199017199,0.0011232011232011232,0.002457002457002457,0.0023166023166023165,0.0032292032292032292,0.004422604422604423,0.004352404352404352,0.0029484029484029483,0.0037557037557037556,0.0025272025272025274,0.010565110565110565,0.01203931203931204,0.012285012285012284,0.029554229554229556,0.040996840996841,0.027202527202527204,0.039031239031239034,0.09894699894699895,0.01267111267111267,0.002808002808002808,0.009617409617409617,0.0085995085995086,0.007441207441207441,0.007546507546507547,0.009336609336609337,0.004633204633204633,0.010143910143910143,0.013618813618813619,0.019234819234819234,0.036433836433836436,0.03615303615303615,0.03797823797823798,0.06591786591786591,0.12137592137592138,0.010951210951210951,0.013373113373113373,0.012881712881712882,0.011337311337311338,0.008178308178308178,0.006563706563706564,0.010705510705510705,0.004914004914004914,0.00716040716040716,0.02021762021762022,0.02442962442962443,0.03457353457353458,0.03394173394173394,0.02892242892242892,0.022920322920322922,0.04148824148824149
06,8506,08506,0608506,38391.0,1968,0.009741866583313797,0.30978614779505614,0.4246047250657706,0.25586726055585945,0.018754395561459716,0.012268500429788231,0.014065796671094788,0.02161965043890495,0.017530150295642206,0.017087338178218853,0.018285535672423223,0.018598108931780887,0.02247922690213852,0.04735484879268578,0.07001641009611628,0.11770987991977286,0.08416035008205049,0.09744471360475111,0.142377119637415,0.2802479747857571,0.0018233440129196948,0.0,0.0005730509754890469,0.00026047771613138494,0.00033862103097080046,0.0005209554322627699,0.0,0.0,0.00018233440129196947,0.0,0.0016410096116277252,0.0027089682477664037,0.0005470032038759085,0.0,0.00023442994451824647,0.0009116720064598474,0.0019535828709853873,0.0011200541793649553,0.002161965043890495,0.005157458779401422,0.004949076606496314,0.005001172149722591,0.004167643458102159,0.004818837748430622,0.008361334687817457,0.018493917845328334,0.022739704618269907,0.03844651090099242,0.02076007397567138,0.03602406814097054,0.0568362376598682,0.07879450912974395,0.005209554322627699,0.0039071657419707745,0.0028131593342189576,0.007345471594905056,0.0047406944335912065,0.005470032038759084,0.006668229532963455,0.007658044854262718,0.007475710452970749,0.014638847646583835,0.019145112135656794,0.03740460003646688,0.04488031048943763,0.04349977859394129,0.060639212315386416,0.15310880154202808,0.009767914354926936,0.007241280508452502,0.008517621317496287,0.008856242348467089,0.007501758224583887,0.006095178557474408,0.00744966268135761,0.006121226329087547,0.006459847360058347,0.01422208330077362,0.02649058373056185,0.03914980073454716,0.017972962413065563,0.017920866869839285,0.024667239717642155,0.047432992107525204
06,8507,08507,0608507,51123.0,2754,0.008978346341177161,0.25712497310408233,0.45590047532421807,0.2779962052305225,0.03378127261702169,0.00993681904426579,0.015981065273947145,0.011169141091094029,0.014279287209279581,0.013242571836551063,0.011325626430373804,0.009095710345636993,0.012773115818711734,0.026485143673102125,0.03413336463040119,0.06486317313146725,0.05537624943763081,0.0660172525086556,0.12246933865383487,0.4990708682980263,0.0023081587543766994,0.0006650626919390489,0.0002738493437396084,0.0003716526807894685,0.0,0.0,0.0,0.0003912133481994406,0.0,0.0006063806897091329,0.000645502024529077,0.0008802300334487412,0.0,0.0006259413571191049,0.0,0.002210355417326839,0.007550417620249203,0.0009975940379085735,0.002190794749916867,0.0011736400445983217,0.000645502024529077,0.0026406901003462237,0.0011736400445983217,0.002718932769986112,0.002973221446315748,0.0016430960624376505,0.005437865539972224,0.013985877198130001,0.014103241202589833,0.017487236664514995,0.034368092639320856,0.1480351309586683,0.01177552178080316,0.0019169454061772587,0.00414686149091407,0.0019560667409972026,0.004674999510983315,0.0047532421806232026,0.004538074839113511,0.001486610723157874,0.00434246816501379,0.009917258376855819,0.0067875515912602935,0.020108366097451244,0.01871955871134323,0.02470512293879467,0.05590438745770006,0.28016743931302934,0.012147174461592629,0.006357216908240909,0.009369559689376602,0.007667781624709035,0.008958785673767188,0.005848639555581636,0.005613911546661972,0.004498953504293566,0.005457426207382196,0.014318408544099525,0.021262445474639596,0.02988869980243726,0.022553449523697748,0.023198951548226824,0.03219685855681396,0.06865794260900182
06,8508,08508,0608508,50458.0,2303,0.01668714574497602,0.3630346030361885,0.4000554916960641,0.22022275952277143,0.037417257917475924,0.02300923540370209,0.018569899718577827,0.01464584406833406,0.017737524277617028,0.012901819334892387,0.02336596773554243,0.01627095802449562,0.01908517975345832,0.03418684846803282,0.06653057988822388,0.11790003567323318,0.0840501010741607,0.0663522137223037,0.126045423916921,0.32193111102302907,0.000713464663680685,0.0004954615720004756,0.0,0.0009909231440009512,0.0006540092750406279,0.00047564310912045663,0.0006540092750406279,0.0002774584803202664,0.0,0.0006341908121606088,0.0020016647508819215,0.0034484125411233103,0.003131317135043006,0.000713464663680685,0.0011494708470411036,0.0013476554758412938,0.007570652820167268,0.0008323754409607991,0.0044789726108843,0.003706052558563558,0.003904237187363748,0.002794403266082683,0.006995917396646716,0.005232074200325023,0.007174283562566887,0.011831622339371359,0.02096793372706013,0.046038289270284194,0.03495976852035356,0.025684727892504658,0.0466724800824448,0.13419081216060882,0.012525268540172024,0.008621031352808277,0.005132981885924928,0.005846446549605613,0.0029133140433627966,0.00509334496016489,0.0035276863926433865,0.0042015141305640335,0.0036465971699235007,0.010246145308969836,0.023524515438582583,0.03769471639779619,0.027825121883546713,0.028816045027547664,0.056205160727733953,0.16423560188671765,0.016607871893455944,0.013060367037932537,0.0089579452217686,0.004102421816163939,0.010265963771849856,0.004538427999524357,0.012188354671211701,0.006559911213286297,0.008264299020967933,0.011474890007531015,0.020036465971699235,0.03071861746402949,0.01813389353521741,0.011137976138570692,0.022018312259701137,0.02215704149986127
06,8510,08510,0608510,54996.0,2764,0.019474143574078114,0.35009818895919703,0.3966106625936432,0.23381700487308169,0.034802531093170413,0.03565713870099644,0.027438359153392974,0.026856498654447596,0.038566441195723326,0.022401629209397048,0.022492544912357262,0.02134700705505855,0.025238199141755763,0.049167212160884426,0.06156811404465779,0.11744490508400611,0.09187940941159357,0.0721688850098189,0.10978980289475598,0.24318132227798386,0.001236453560258928,0.00040002909302494727,0.0007818750454578515,0.001254636700850971,0.0026183722452542005,0.0006545930613135501,0.00020001454651247364,0.0015092006691395739,0.0008909738890101099,0.001872863480980435,0.001581933231507746,0.003127500181831406,0.0017819477780202197,0.000945523310786239,0.00036366281184086114,0.0002545639682886028,0.006891410284384319,0.004254854898538075,0.005673139864717434,0.0032547821659757075,0.006727762019055931,0.007946032438722815,0.007527820205105826,0.005782238708269692,0.01010982616917594,0.02194705069459597,0.018364971997963487,0.03609353407520547,0.03158411520837879,0.02674739981089534,0.04522147065241108,0.11197177976580115,0.012146337915484763,0.011819041384827988,0.006909593424976362,0.007182340533857008,0.011491744854171213,0.005818604989453778,0.008400610953523893,0.008891555749509054,0.009746163357335079,0.01563750090915703,0.02265619317768565,0.05089461051712852,0.041239362862753655,0.0314204669430504,0.0454396683395156,0.10691686668121318,0.014528329333042402,0.019183213324605427,0.014073750818241327,0.015164739253763911,0.01772856207724198,0.007982398719906903,0.00636409920721507,0.005164011928140228,0.0044912357262346355,0.009709797076150993,0.018965015637500908,0.027329260309840717,0.017273983562440906,0.013055494945086916,0.018765001090988435,0.02403811186268092
06,8511,08511,0608511,36799.0,1915,0.008532840566319738,0.35634120492404686,0.40560884806652353,0.22951710644310988,0.02489198076034675,0.013696024348487731,0.018560286964319682,0.015299328786108318,0.012826435500964701,0.011467702926709965,0.022663659338568985,0.02087013234055273,0.02543547379004864,0.03622381042963124,0.06926818663550639,0.10255713470474741,0.11315524878393435,0.07823582162558765,0.14812902524525123,0.2867197478192342,0.00032609581782113643,0.0,0.0,0.0,0.00032609581782113643,0.00046196907524660995,0.00016304790891056821,0.0,0.0026087665425690914,0.0,0.001929400255441724,0.00032609581782113643,0.001195684665344167,0.001195684665344167,0.0,0.0,0.00646756705345254,0.0020380988613821027,0.0014946058316802086,0.0038044512079132586,0.002826163754449849,0.0009239381504932199,0.00815239544552841,0.004266420283159869,0.006440392401967445,0.012554688986113753,0.017581999510856275,0.03709339927715427,0.03915867279002147,0.02853338405934944,0.057338514633549824,0.12766651267697493,0.009348080110872578,0.0024185439821734285,0.007174107992065002,0.0019022256039566293,0.004918611918802141,0.0029892116633604172,0.0053805809940487516,0.007717601021766896,0.008342618005924073,0.011712274790075817,0.021766895839560856,0.03524552297616783,0.054267779015734124,0.03361504388706215,0.06695834125927334,0.13185140900567952,0.008750237778200495,0.0092393815049322,0.009891573140574473,0.00959265197423843,0.004755564009891573,0.007092584037609717,0.008967634990081252,0.008886111035625968,0.008043696839588032,0.011956846653441669,0.027989891029647544,0.029892116633604172,0.01853311231283459,0.014891709013831897,0.023832169352428056,0.027201826136579798
06,8512,08512,0608512,38606.0,2440,0.011811635497072993,0.3056778739056105,0.45469616121846346,0.22781432937885301,0.022509454488939543,0.010076153965704812,0.015101279593845517,0.008962337460498368,0.013857949541522044,0.013883852250945449,0.01261461948919857,0.015386209397502978,0.0163964150650158,0.038361912656063826,0.0541884681137647,0.080194788374864,0.08032430192198103,0.08511630316531109,0.15080557426306793,0.38222038025177435,0.0,0.00036263793192767963,0.0,0.0,0.0,0.0,0.0,0.0,0.00031083251308086825,0.0004662487696213024,0.000414443350774491,0.0017095788219447755,0.002305341138683106,0.0012692327617468788,0.003056519711961871,0.001916800497332021,0.006346163808734394,0.0002849298036574626,0.0017872869502149925,0.0008547894109723877,0.006890120706625913,0.0008547894109723877,0.0016318706936745584,0.0048697093716002695,0.005413666269491789,0.010827332538983579,0.018416826400041445,0.01981557270890535,0.027612288245350464,0.022017303009894833,0.04714293115059835,0.13091229342589236,0.008806921203957934,0.0016318706936745584,0.007252758638553593,0.0018390923690618038,0.003237838677925711,0.0033673522250427393,0.005335958141221572,0.003134227840232088,0.004843806662176864,0.010801429829560172,0.0150235714655753,0.02968450499922292,0.033362689737346525,0.04079676734186396,0.07123245091436564,0.21434492047868206,0.007356369476247215,0.007796715536445112,0.0060612340050769315,0.006268455680464176,0.003729990156970419,0.009661710614930322,0.00564679065430244,0.007382272185670621,0.00582810962026628,0.016266901517898773,0.020333626897373464,0.028985131844790964,0.017043982800600942,0.021033000051805417,0.02937367248614205,0.035046365849867894
06,8515,08515,0608515,34679.0,2026,0.029297269240750885,0.29778828685948266,0.37480896219614174,0.29810548170362466,0.03823639666657055,0.019810259811413246,0.013552870613339485,0.01450445514576545,0.013524034718417486,0.012716629660601516,0.012514778396147525,0.012803137345367513,0.02286686467314513,0.03607370454742063,0.03705412497476859,0.07422359352922518,0.06920614781279737,0.06937916318232937,0.08751694108826667,0.4660168978344243,0.005738343089477782,0.0022491998039159146,0.0017013178003979354,0.0,0.0,0.001758989590241933,0.0,0.0,0.0018743331699299288,0.0013264511664119495,0.0010669281121139594,0.00446956371290983,0.0022491998039159146,0.0007497332679719715,0.0022491998039159146,0.003864009919547853,0.005392312350413795,0.003517979180483866,0.002739410017589896,0.003114276651575882,0.0040370252890798465,0.0034026356007958707,0.0066899276219037455,0.0032296202312638773,0.0066610917269817466,0.007814527523861702,0.01239943481645953,0.023328238991897114,0.021944116035641167,0.023357074886819113,0.024049136364947085,0.14611147956976844,0.012572450185991521,0.0010957640070359583,0.00034603073906398687,0.004527235502753828,0.0006920614781279737,0.0019896767496179243,0.002998933071887886,0.002681738227745898,0.006401568672683757,0.007785691628939704,0.00553649182502379,0.01707084979382335,0.023587762046195105,0.02707690533175697,0.03783269413766256,0.22261310879783153,0.014533291040687448,0.012947316819977508,0.008766112056287667,0.006862942991435739,0.008794947951209666,0.005565327719945789,0.0028259177023558925,0.006891778886357738,0.007929871103549698,0.019147034228207273,0.018051270221171315,0.029354941030594883,0.021425069927045185,0.01819544969578131,0.023385910781741112,0.09342829954727645
06,8516,08516,0608516,61300.0,3066,0.03027732463295269,0.5113703099510604,0.2830016313213703,0.17535073409461663,0.0299510603588907,0.011827079934747145,0.014241435562805873,0.009021207177814029,0.015040783034257748,0.009983686786296901,0.011810766721044046,0.013523654159869494,0.017112561174551386,0.02756933115823817,0.056508972267536706,0.09145187601957586,0.07554649265905383,0.07526916802610115,0.1398531810766721,0.4012887438825449,0.0014029363784665578,0.0,0.0031810766721044044,0.0008972267536704731,0.0,0.0,0.0002773246329526917,0.00021207177814029364,0.0007830342577487765,0.002022838499184339,0.0016802610114192496,0.004225122349102773,0.0011092985318107667,0.005513866231647634,0.001566068515497553,0.007406199021207178,0.009592169657422512,0.0021859706362153345,0.0035725938009787926,0.0018760195758564437,0.0050570962479608485,0.0026101141924959217,0.0035399673735725936,0.0021533442088091355,0.00634584013050571,0.007732463295269168,0.02471451876019576,0.04083197389885807,0.03701468189233279,0.038972267536704734,0.076557911908646,0.24861337683523654,0.008417618270799348,0.0021859706362153345,0.0013539967373572593,0.0016639477977161501,0.0029526916802610115,0.001957585644371941,0.0034747145187601957,0.006101141924959217,0.004893964110929853,0.008058727569331159,0.013931484502446983,0.026508972267536703,0.01962479608482871,0.01732463295269168,0.04817292006525285,0.11637846655791191,0.010538336052202283,0.007455138662316476,0.006133768352365416,0.004584013050570963,0.007030995106035889,0.005415986949429037,0.004518760195758564,0.0050570962479608485,0.0050897226753670475,0.009755301794453507,0.016182707993474713,0.019885807504078302,0.017797716150081567,0.013458401305057096,0.013556280587275694,0.02889070146818923
06,8517,08517,0608517,47559.0,2365,0.04140120692192855,0.4689964044660317,0.32673100780083686,0.16287138081120292,0.0369856388906411,0.011228158708130953,0.019680817510881222,0.019554658424273008,0.018566412245842007,0.010302992073004058,0.01206921928551904,0.011123026135957443,0.02151012426670031,0.035513782880211946,0.044050547740701024,0.09903488298744717,0.08255009567064067,0.08328602367585525,0.14085662019806977,0.353686999306125,0.005214575579806135,0.0010723522361698102,0.003048844593031813,0.0031329506507706216,0.002102651443470216,0.0010933787506045122,0.0007569545196492777,0.0007149014907798734,0.0007990075485186821,0.0019344393279925986,0.0005887424041716605,0.004920204377720306,0.004016064257028112,0.003301162766248239,0.0027334468765112807,0.005971530099455414,0.009482958010050674,0.003826825627115793,0.0015139090392985554,0.005046363464328518,0.0024180491599907483,0.002460102188860153,0.005151496036502029,0.0027124203620765785,0.007969048970752119,0.009987594356483526,0.01648478731680649,0.038541600958809055,0.040370907714628146,0.040370907714628146,0.07298303160285119,0.20967640194284992,0.011249185222565655,0.00018923862991231943,0.0066864315902352865,0.003679640026072878,0.004899177863285603,0.00321705670850943,0.0025652347610336636,0.0029647385352930045,0.005614079354065477,0.013982632099076936,0.015412435080636683,0.03301162766248239,0.023907146912256354,0.02687188544754936,0.05414327466935806,0.11833722323850375,0.011038920078218634,0.006139742214933031,0.008431632288315566,0.00769570428310099,0.00914653377909544,0.0035324544250299626,0.0035955339683340693,0.004730965747807986,0.007127988393364032,0.009609117096658886,0.011564582939086188,0.022561449988435418,0.014255976786728065,0.012742067747429508,0.01099686704934923,0.019701844025315923
06,8518,08518,0608518,32885.0,1857,0.009244336323551771,0.39771932492017636,0.3748821651208758,0.21815417363539608,0.0289189600121636,0.017850083624752926,0.013562414474684507,0.018214991637524706,0.01164664740763266,0.010065379352288278,0.017241903603466627,0.011342557396989509,0.020069940702447924,0.023202067812072374,0.05023566975824844,0.08833814809183518,0.09414626729511935,0.10098829253459024,0.13723582180325378,0.3569408544929299,0.000790634027672191,0.0,0.0003344990117074654,0.0,0.0,0.0002432720085145203,0.0005169530180933556,0.0,0.0,0.0,0.0010947240383153414,0.0,0.002432720085145203,0.0020374030713091076,0.0,0.0017941310627945873,0.006811616238406568,0.000881861030865136,0.0003344990117074654,0.0,0.0003040900106431504,0.0010339060361867112,0.0010947240383153414,0.001672495058537327,0.005564847194769652,0.004378896153261366,0.013045461456591152,0.028219552987684353,0.029618367036642845,0.04251178348791242,0.054705792914702754,0.20754143226395014,0.00784552227459328,0.0019157670670518474,0.004013988140489585,0.005929755207541432,0.005017485175611981,0.0023110840808879428,0.0054128021894480766,0.003162536110688764,0.011525011403375399,0.008180021286300744,0.018275809639653338,0.03512239622928387,0.03792002432720085,0.04330241751558461,0.06559221529572754,0.11935532917743652,0.013471187471491562,0.015052455526835944,0.00887942831077999,0.012285236429983274,0.006325072221377528,0.006477117226699103,0.010217424357609852,0.006507526227763418,0.002980082104302874,0.010643150372510263,0.017819674623688612,0.02499619887486696,0.024175155846130454,0.013136688459784097,0.016937813592823477,0.02824996198874867
06,8519,08519,0608519,64476.0,2735,0.050545939574415284,0.5392083876170979,0.26462559712140954,0.14562007568707735,0.04758359699733234,0.026862708604752157,0.019123394751535454,0.02273714250263664,0.03508282151498232,0.02189962156461319,0.017820584403498978,0.01916992369253676,0.016548793349463367,0.03945654196910478,0.06768409950989515,0.11353061604317886,0.08220112910230164,0.09271666976859606,0.13352255102673863,0.24405980519883366,0.009678019728270985,0.0024815435200694833,0.000977107761027359,0.001318319995036913,0.0031484583410881567,0.0023264470500651406,0.0003101929400086854,0.001147713878032136,0.003179477635089025,0.0026676592840746945,0.005087164216142441,0.005909175507165457,0.004668403747130716,0.0027607171660773,0.0018766672870525467,0.0030088715180842484,0.01180284136733048,0.004280662572119859,0.004420249395123767,0.006855263974191947,0.01808424840250636,0.006948321856194553,0.006405484211179354,0.008142564675227991,0.006886283268192816,0.015649233823438177,0.035982381041007504,0.0682889757429121,0.04403188783423289,0.05564861343755816,0.08573732861840065,0.16004404739748124,0.012841987716359575,0.004745951982132886,0.006017743036168497,0.007305043737204541,0.004947577393138532,0.005459395744152863,0.007320553384204976,0.005567963273155903,0.0031484583410881567,0.008018487499224517,0.01794466157950245,0.02990259941683727,0.019883367454556735,0.027948383894782554,0.038401885973075256,0.0651715366958248,0.013260748185371301,0.015354550530429927,0.007708294559215833,0.0072585147962032385,0.00890253737824927,0.0071654569142006325,0.003784353868105962,0.004311681866120727,0.003334574105093368,0.013121161362367392,0.008669892673242757,0.009429865376264036,0.013617470066381289,0.00635895527017805,0.007506669148210187,0.01583534958744339
06,8520,08520,0608520,33001.0,1904,0.012454168055513469,0.2508711857216448,0.4652586285264083,0.2714160176964334,0.02578709736068604,0.020787248871246326,0.022999303051422684,0.02360534529256689,0.017757037665525287,0.021362989000333323,0.0204236235265598,0.016847974303808976,0.022120541801763583,0.035332262658707314,0.05699827277961274,0.09272446289506378,0.08784582285385291,0.07987636738280658,0.1213599587891276,0.33417169176691613,0.0,0.0018181267234326233,0.00012120844822884154,0.0,0.0004545316808581558,0.0006060422411442078,0.0003030211205721039,0.001090876034059574,0.0007878549134874701,0.0011817823702312052,0.0028483985333777762,0.0006666464652586285,0.0011817823702312052,0.001090876034059574,0.0003030211205721039,0.0,0.0033938365504075636,0.0033332323262931425,0.0029999090936638283,0.005272567497954608,0.004363504136238296,0.002818096421320566,0.001484803490803309,0.0027271900851489348,0.005393775946183449,0.0078785491348747,0.01727220387260992,0.015363170813005667,0.01554498348534893,0.019938789733644435,0.03745341050271204,0.1056331626314354,0.012666282839913941,0.0056967970667555524,0.0036968576709796672,0.005090754825611345,0.005090754825611345,0.00709069422138723,0.008030059695160753,0.005908911851156025,0.00790885124693191,0.009242144177449169,0.022969000939365474,0.03896851610557256,0.04951365110148177,0.04045331959637587,0.06005878609739099,0.1828732462652647,0.009726977970364535,0.009939092754765008,0.016181327838550346,0.01324202296900094,0.00784824702281749,0.010848156116481319,0.010605739220023636,0.007120996333444441,0.008030059695160753,0.017029786976152237,0.013908669434259568,0.03772612951122693,0.021605405896791007,0.018393382018726704,0.02354474106845247,0.045665282870216053
06,8521,08521,0608521,35436.0,1998,0.02071339880347669,0.351478722203409,0.39067614854949767,0.23713173044361666,0.03908454678857659,0.036121458403883054,0.025567219776498475,0.02923580539564285,0.01746811152500282,0.024325544643864997,0.024720623095157466,0.02373292696692629,0.025792978891522746,0.05045716220792414,0.06939270798058472,0.1110734845919404,0.08276893554577266,0.09690710012416752,0.132548820408624,0.21080257365391128,0.0,0.0004515182300485382,0.0006772773450728074,0.0006772773450728074,0.0011287955751213454,0.0032170673890958346,0.0,0.0009030364600970764,0.0002257591150242691,0.0,0.0026808894909131956,0.0019753922564623547,0.0038379049554125746,0.0028784287165594313,0.0018342928095721864,0.0002257591150242691,0.008522406592166158,0.004430522632351281,0.004684501636753584,0.004599841968619483,0.005051360198668021,0.00550287842871656,0.004261203296083079,0.004740941415509651,0.009566542499153403,0.01481544192346766,0.019979681679647816,0.03806863077096738,0.026103397674681117,0.04058020092561237,0.04498250366858562,0.11558866689242578,0.014702562365955525,0.009566542499153403,0.00674455356135004,0.009340783384129135,0.004063664070436844,0.007929788915227453,0.013291567897053843,0.00976408172479964,0.00434586296421718,0.02195507393611017,0.0309572186477029,0.04661925725251157,0.029602663957557285,0.038887007562930356,0.06436956767129473,0.07853595213906761,0.015859577830454906,0.021672875042329835,0.013460887233322045,0.014617902697821424,0.007224291680776611,0.007675809910825149,0.0071678519020205445,0.008324867366519923,0.011654814313127893,0.013686646348346314,0.015774918162320805,0.024410204311999098,0.023224968958121685,0.014561462919065358,0.021362456259171464,0.016452195507393613
06,8522,08522,0608522,46267.0,2427,0.023537294399896255,0.4303931527870837,0.3313808978321482,0.2146886549808719,0.026390299781701862,0.019754900901290336,0.014956664577344543,0.020143947089718374,0.011109430047333953,0.014762141483130525,0.020143947089718374,0.01575637063133551,0.01869583072168068,0.03088594462575918,0.04320574059264703,0.07521559642942054,0.06339291503663519,0.06568396481293362,0.10151944150258284,0.4583828646767675,0.0024423455162426782,0.0,0.0012968206280934576,0.0006267966369118378,0.00038904618842803727,0.0007780923768560745,0.0,0.0007780923768560745,0.0002809778027535825,0.0006700239911816197,0.0009510017939352022,0.0029394600903451702,0.0028097780275358245,0.0014481163680376942,0.0032852789245034256,0.004841463678215575,0.006721853588951088,0.005943761212095014,0.0034365746644476627,0.003523029372987226,0.005446646637992522,0.004084984978494391,0.007154127131648908,0.006484103140467288,0.008061901571314327,0.009315494845138004,0.014070503814814015,0.03177210538828971,0.02751421099271619,0.02863812220373052,0.053493850908855126,0.21473188233514168,0.007456718611537381,0.0023126634534333325,0.00315559686169408,0.003695938790066354,0.002226208744893769,0.0030043011217498433,0.004841463678215575,0.002636868610456697,0.006051829597769468,0.008623857176821492,0.01739901009358722,0.021829813906239868,0.013659843949251085,0.021570449780621177,0.02837875807811183,0.18453757537769902,0.009769382064970713,0.01149847623576199,0.007067672423109343,0.012298182289752956,0.003047528476019625,0.006894763006030216,0.00814835627985389,0.0058573065035554496,0.004301121749843301,0.012276568612618066,0.010785224890310589,0.018674217044545787,0.019409082067132082,0.014027276460544233,0.016361553591112455,0.0542719432857112
06,8701,08701,0608701,51403.0,2672,0.017703246892204736,0.2541680446666537,0.40340057973270044,0.32472812870844114,0.03807170787697216,0.03058187265334708,0.028792093846662647,0.024842908001478512,0.024220376242631753,0.027683209151216855,0.025796159757212615,0.02106880921347003,0.0314767620566893,0.04939400424099761,0.08515067213975838,0.12614049763632473,0.09020874268038831,0.08826333093399218,0.1119000836527051,0.19640876991615275,0.0035017411435130244,0.0,0.0008559811684142949,0.0,0.0,0.0008559811684142949,0.0013617882224772873,0.0,0.005077524658093886,0.0,0.003209929381553606,0.002353948213139311,0.0,0.0,0.0004863529365990312,0.0,0.005700056416940645,0.007509289341089041,0.004668988191350699,0.0037546446705445206,0.005952959943972142,0.006147501118611754,0.008987802268350097,0.0052915199501974595,0.007664922280800732,0.009804875201836469,0.019123397467073908,0.030932046767698382,0.022255510378771666,0.025231990350757738,0.032974729101414316,0.05816781121724413,0.017216893955605703,0.008229091687255607,0.010407952843219267,0.009765966966908545,0.0054276987724451884,0.008384724626967297,0.00733420228391339,0.006575491702818901,0.007587105810944886,0.02027119039744762,0.033636169095188996,0.0549189736007626,0.03361671497772504,0.034686691438242906,0.055249693597649946,0.09009201797560454,0.011653016360912788,0.014843491625002432,0.012859171643678384,0.011322296364025446,0.012839717526214423,0.012295002237223508,0.00811236698247184,0.00920179756045367,0.011147209306849796,0.01931793864171352,0.02918117619594187,0.037935529054724436,0.034336517323891605,0.02834464914499154,0.023189308017041808,0.048148940723304084
06,8702,08702,0608702,45470.0,2208,0.0764680008797009,0.27638003078953155,0.35451946338244994,0.29263250494831755,0.04715196833076754,0.034264350120958874,0.027050802727072797,0.029250054981306357,0.01926544974708599,0.03153727732570926,0.042709478777215745,0.023312073894875742,0.025335385968770618,0.04455685067077194,0.07536837475258412,0.11449307235539917,0.09720694963712338,0.07000219925225423,0.12236639542555532,0.19612931603254893,0.01255773037167363,0.007389487574224763,0.0025951176599956017,0.004838354959313834,0.0,0.004442489553551792,0.006245876402023312,0.003342863426435012,0.0,0.0029250054981306358,0.0035407961293160324,0.01020453045964372,0.003980646580162744,0.00255113261491093,0.004948317572025511,0.00690565207829338,0.008928964152188256,0.0052562128876182095,0.0057620409060919284,0.00545414559049923,0.0052782054101605455,0.006729711897954695,0.008467121178799207,0.0018033868484715197,0.007147569826259072,0.016340444248955355,0.020365075874202773,0.03496811084231361,0.0326149109302837,0.026984825159445787,0.035297998680448646,0.05498130635583901,0.011787992082691885,0.008313173521002859,0.004794369914229162,0.007697382889817462,0.003848691444908731,0.008950956674730592,0.00545414559049923,0.004420497031009457,0.00800527820541016,0.009038926764899934,0.025203430833516605,0.03919067517044205,0.03466021552672092,0.025511326149109302,0.06311853969650319,0.09452386188695844,0.013877281724213767,0.013305476138113042,0.013899274246756103,0.01126017154167583,0.010138552892016714,0.011414119199472179,0.022542335605893995,0.013745326588959753,0.010182537937101386,0.01625247415878601,0.026259071915548715,0.03012975588299978,0.025951176599956015,0.014954915328788213,0.019001539476577962,0.03971849571145811
06,8900,08900,0608900,71474.0,4079,0.03397039482888883,0.2938830903545345,0.33672384363544783,0.3354226711811288,0.059993843915269886,0.05290035537398215,0.04562498251112292,0.0464924308140023,0.04139966981000084,0.04535915157959538,0.0425469401460671,0.03848952066485715,0.03699247278730727,0.07019335702493214,0.08909533536670677,0.148655455130537,0.08145619386070459,0.05978397739037972,0.07051515236309706,0.07050116126143773,0.0044071970226935665,0.0016929233007807036,0.0008674483028793688,0.0009094216078574026,0.0016229677924839802,0.0038895262612978145,0.0014830567758905336,0.001385119064275121,0.0009653860144947813,0.0030780423650558246,0.00630998684836444,0.004239303802781431,0.001301172454319053,0.0003637686431429611,0.0007974927945826455,0.0006575817779891989,0.013389484287992836,0.009290091501804851,0.007779052522595629,0.010717183871058007,0.013823208439432522,0.008002910149145144,0.012871813526597085,0.008898340655343201,0.006687746593166746,0.016775330889554244,0.0315499342418222,0.05089962783669586,0.029395304586283123,0.024540392310490527,0.024344516887259703,0.024918152055292835,0.024652321123765284,0.016369588941433248,0.011486694462321962,0.011766516495508856,0.01264795590004757,0.012536027086772813,0.013109662254805943,0.011276827937431793,0.012564009290091502,0.026065422391359096,0.025309902901754486,0.04303662870414417,0.02905951814645885,0.02181212748691832,0.031983658393261886,0.03304698211937208,0.0175448414808182,0.025547751629963342,0.025491787223325964,0.023099308839578028,0.013305537678036768,0.020930688082379606,0.01508240758877354,0.016929233007807035,0.016775330889554244,0.02427456137896298,0.025925511374765647,0.05047989478691552,0.02170019867364356,0.01306768894982791,0.013389484287992836,0.011878445308783613
06,9501,09501,0609501,54902.0,2712,0.01985355724745911,0.31363156169174167,0.38000437142544896,0.28651050963535024,0.05952424319696915,0.029944264325525483,0.03114640632399548,0.025408910422206842,0.029780335871188664,0.026447123966340025,0.032603548140322756,0.034752832319405486,0.0355360460456814,0.05606353138319187,0.100961713598776,0.13280026228552694,0.10271028377836873,0.0819095843502969,0.10332956905030782,0.11708134494189647,0.0011110706349495465,0.001693927361480456,0.0010017849987250008,0.0013296419073986377,0.001238570543878183,0.0,0.0018578558158172745,0.0010017849987250008,0.0008378565443881825,0.001238570543878183,0.0032239262686240937,0.00030964263596954574,0.0,0.0026046409966850024,0.00038249972678590946,0.0020217842701540927,0.01713963061454956,0.008615350989035007,0.007030709263779097,0.007886780080871372,0.0060289242650540965,0.00866999380714728,0.011675348803322284,0.01140213471276092,0.015755345889038652,0.015554988889293651,0.03382390441149685,0.04171068449236822,0.03857782958726458,0.025445338967615024,0.03227569123164912,0.032038905686495936,0.020982842155112747,0.007923208626279552,0.007977851444391825,0.00670285235510546,0.008979636443116827,0.007704637353830462,0.010454992532148192,0.012021419984700011,0.009817492987505009,0.016666059524243198,0.042147827037266404,0.04979782157298459,0.038322829769407304,0.0329131907762923,0.04659210957706459,0.06099959928600051,0.02029069979235729,0.011711777348730466,0.015136060617099559,0.009489636078831373,0.013533204619139557,0.010072492805362283,0.008615350989035007,0.010327492623219555,0.009125350624749553,0.022603912425776838,0.021766055881388656,0.04098211358420458,0.02580962442169684,0.020946413609704565,0.024079268514808204,0.02202105569924593
06,9502,09502,0609502,49827.0,2358,0.03221145162261425,0.3467798583097517,0.3644610351817288,0.25654765488590525,0.0484676982358962,0.02530756417203524,0.01904589880988219,0.022899231340437916,0.035884159190800166,0.026491661147570594,0.039938186123989,0.023822425592550225,0.02721416099704979,0.06703193047945893,0.09567102173520381,0.13183615308969032,0.11993497501354687,0.08694081522066349,0.10967949103899492,0.11983462781223032,0.0030906938005499027,0.00284986051739017,0.00018062496236979952,0.0011640275352720413,0.001103819214482108,0.00040138880526622114,0.0036124992473959903,0.0011439580950087303,0.001083749774218797,0.0022678467497541494,0.00455576293977161,0.006161318160836494,0.0026290966744937482,0.0009432636923756197,0.0010235414534288639,0.0,0.015032010757219981,0.0055190960724105405,0.0029301382784434143,0.010496317257711682,0.012703955686675898,0.008248539948220845,0.010516386697974993,0.008148192746904289,0.012021594717723324,0.028980271740221164,0.03895478355108676,0.039516727878459466,0.044935476749553456,0.02926124390390752,0.04435346298191743,0.03516165934132097,0.014028538744054428,0.006602845846629337,0.004676179581351476,0.004214582455295322,0.01063680333955486,0.008810484275593554,0.015533746763802758,0.004896943424247898,0.0059405543179400725,0.01766110743171373,0.024083328315973266,0.051739016998815904,0.042487005037429505,0.044112629698757705,0.05013346177775102,0.05890380717281795,0.01631645493407189,0.010335761735605194,0.011258955987717503,0.007024304092158869,0.011439580950087302,0.009031248118489975,0.01027555341481526,0.009633331326389306,0.0081682621871676,0.018122704557769882,0.028077146928372168,0.03441909005157846,0.029883396552070163,0.012623677925622655,0.014169024825897606,0.025769161298091398
06,9503,09503,0609503,51070.0,2252,0.01562561190522812,0.3221069120814568,0.36367730565889955,0.2985901703544155,0.03454082631682005,0.033111415703935776,0.013412962600352457,0.01719208928921089,0.027707068729195223,0.02383003720383787,0.046152339925592326,0.02441746622283141,0.034227530840023494,0.056393185823379675,0.09500685333855492,0.15517916585079303,0.10908556882710006,0.0882905815547288,0.12087331114157039,0.12057959663207363,0.0008028196592911689,0.0009398864303896612,0.0,0.0011161151360877227,0.0005286861170941845,0.0013119248090855688,0.0004112003132954768,0.0019776776972782457,0.0,0.002565106716271784,0.0005678480516937537,0.002525944781672215,0.0,0.0,0.0002153906402976307,0.0026630115527707067,0.006070099862933229,0.005384766007440768,0.0013315057763853533,0.004993146661445075,0.004973565694145291,0.0030350499314666145,0.013922067750146858,0.0048756608576463675,0.011905228118269042,0.016115136087722734,0.036048560798903465,0.06367730565889955,0.04501664382220482,0.03685138045819464,0.035715684354807126,0.0321911102408459,0.01521441159193264,0.015018601918934796,0.003661640885059722,0.004679851184648522,0.007362443704719013,0.006207166634031721,0.012551400039161935,0.0057959663207362445,0.009927550420990796,0.014196201292343842,0.03279812022713922,0.048090855688271,0.03673389465439593,0.03457998825141962,0.053925983943606814,0.06293322890150774,0.012453495202663012,0.01176816134717055,0.008419815938907381,0.006402976307029567,0.014842373213236735,0.013275895829253965,0.019267671822988056,0.01176816134717055,0.012394752300763657,0.023516741727041317,0.025592324260818484,0.040885059721950265,0.027335030350499313,0.01685921284511455,0.03101625220285882,0.022792245936949285
06,9702,09702,0609702,49162.0,2347,0.040356372808266545,0.3131280257109149,0.3641633782189496,0.28235222326186893,0.03994955453398967,0.02733818803140637,0.015642162645946055,0.023514096253203692,0.028172165493673976,0.030531711484479883,0.028070460925104755,0.030287620519913756,0.02506000569545584,0.056608762865627923,0.08589967861356332,0.1420812822912005,0.10203002318864163,0.08836092917293845,0.11405150319352346,0.1624018550913307,0.0019730686302428706,0.00034579553313534846,0.00028477279199381637,0.002522273300516659,0.0027256824376550993,0.004332614621048778,0.0017696594931044302,0.0049428420324640985,0.000711931979984541,0.003213864366787356,0.007200683454700785,0.004617387413042594,0.0008543183759814491,0.0011390911679752655,0.002420568731947439,0.0013018184776860176,0.00636670599243318,0.0036817053822057687,0.00156625035596599,0.0020137504576705585,0.004841137463894878,0.011858752695171067,0.009804320410072821,0.00854318375981449,0.008095683658109922,0.014218298685976974,0.02520239209145275,0.04544160123672755,0.03730523575118994,0.034823644278100974,0.0454619421504414,0.05390342134168667,0.016699890159065946,0.008522842846100647,0.0060209104592978315,0.006753183352996217,0.006183637769008584,0.004963182946177942,0.006122615027867052,0.005980228631870144,0.006976933403848501,0.01733045848419511,0.027460233513689435,0.0531304666205606,0.040478418290549614,0.02727716529026484,0.050242056873194746,0.0800211545502624,0.014909889752247671,0.014787844269964608,0.007770229038688418,0.01222488914202026,0.014421707823115415,0.009377161222082096,0.010373865994060453,0.010821366095765022,0.009275456653512875,0.021846141328668484,0.026036369553720354,0.038891827020869775,0.02339205077092063,0.025121028436597373,0.01592693543793987,0.02717546072169562
06,9704,09704,0609704,47868.0,2947,0.01727667752987382,0.24016044121333668,0.36870142892955626,0.3738614523272332,0.03825102364836634,0.027283362580429515,0.021935322135873653,0.024442216094259214,0.025674772290465445,0.024713796273084315,0.026155260299156012,0.0299364920197209,0.02621793264811565,0.06745633826355812,0.07261636166123506,0.12787248266065013,0.09791509985794268,0.08375114899306425,0.12361076293139467,0.18216762764268404,0.0002924709618116487,0.0012116654132196874,0.0,0.0006685050555694827,0.0,0.0009818668003676778,0.0006893958385560291,0.0011698838472465947,0.0,0.003969248767443804,0.0016085902899640678,0.00014623548090582434,0.0015041363750313362,0.0038230132865379796,0.0012116654132196874,0.0,0.0076669173560625055,0.004428845993147823,0.0033216344948608675,0.003655887022645609,0.005139132614690399,0.0063925795938831785,0.005786746887273335,0.0047213169549594714,0.007834043619954876,0.01539650706108465,0.013014957800618367,0.05120330910002507,0.026301495780061836,0.01961644522436701,0.03050054316035765,0.03518007854934403,0.011489930642600484,0.006288125678950447,0.006601487423748642,0.008648784156430183,0.004157265814322721,0.00632990724492354,0.003238071362914682,0.010654299323138631,0.006016545500125345,0.021016127684465615,0.024087072783487925,0.03482493523857274,0.03254783989303919,0.03783320798863542,0.05734519929806969,0.09762262889613103,0.0188017046878917,0.015354725495111557,0.012012200217264143,0.011469039859613938,0.016378373861452328,0.011009442633909919,0.016441046210411966,0.013390991894376201,0.01236734352803543,0.02707445475056405,0.033905740787164705,0.041698002841146484,0.03756162780981031,0.022478482493523858,0.03455335505974764,0.04936492019720899
06,9705,09705,0609705,34541.0,1530,0.028777394979878985,0.3436495758663617,0.3629599606265018,0.26461306852725747,0.05816276309313569,0.029906487941866188,0.022292348223849918,0.03152774963087345,0.026663964563851655,0.030051243449813265,0.016878492226629224,0.041631684085579455,0.03670999681537882,0.07579398396108972,0.09996815378825165,0.13615703077502098,0.10077878463275527,0.08170000868533048,0.10407921021394864,0.10769809791262558,0.00275035465099447,0.0,0.0004632176254306476,0.0020265771112590834,0.0,0.0013607017747025274,0.0001158044063576619,0.002258185923974407,0.004255811933644075,0.0018528705017225905,0.0009553863524507108,0.008019455140268087,0.0017081149937755132,0.0,0.0030109145652992097,0.0,0.02272661474769115,0.008366868359341074,0.002258185923974407,0.003039865666888625,0.005442807098810109,0.011927853854839177,0.007787846327552764,0.014851915115370139,0.015141426131264294,0.02547696939868562,0.03830230740279668,0.050809183289424166,0.0372311166439883,0.036449436901074085,0.03523349063431864,0.02860368837034249,0.013172751223184042,0.014041284270866506,0.005095393879737124,0.0097275701340436,0.008598477172056397,0.006774557771923222,0.0030688167684780406,0.012680582496163979,0.010451347673778987,0.02426102313193017,0.031354043021336965,0.04831938855273443,0.0413421730696853,0.030746069887959238,0.0443241365333951,0.05900234503922874,0.01951304247126603,0.007498335311658609,0.014475550794707739,0.016733736718682148,0.012622680292985147,0.009988130048348339,0.005906024724240757,0.01184100055007093,0.006861411076691468,0.024203120928751338,0.029356417011667295,0.029009003792594308,0.020497379925306158,0.014504501896297154,0.0215106684809357,0.02009206450305434
06,9706,09706,0609706,58926.0,2907,0.018684451685164444,0.26512914502935886,0.34120761633234903,0.37497878695312764,0.04122119268234735,0.02212945049723382,0.02900247768387469,0.02940976818382378,0.022791297559651088,0.03346570274581679,0.023707701184536537,0.027797576621525304,0.03148016155856498,0.06596409055425449,0.0844279265519465,0.1367647557954044,0.10119471879985066,0.07943861792757018,0.10321420086209822,0.1679903607915012,0.0025285951871839257,0.0016970437497878695,0.0,0.0005939653124257543,0.0004921426874384822,0.0015952211248005973,0.00039032006245121,0.0005260835624342396,0.0016291619997963547,0.0004751722499406035,0.0024267725621966536,0.0036486440620439194,0.001120048874859994,0.0010182262498727218,0.0003054678749618165,0.00023758612497030174,0.01145504531106812,0.0034789396870651326,0.0016800733122899908,0.003343176187082103,0.0021043342497369583,0.005769948749278757,0.00599056443675118,0.009927705936259038,0.010708346061161457,0.022282184434714726,0.021230017309846246,0.04638020568170247,0.03631673624546041,0.022468859247191393,0.028306689746461663,0.03368631843328921,0.009690119811288735,0.003920171062009979,0.007738519499032685,0.007976105624002987,0.006737263686657842,0.004514136374435733,0.006211180124223602,0.0068390863116451145,0.007297288124087839,0.02029664324746292,0.023317381122085326,0.04215456674473068,0.03378814105827648,0.035196687370600416,0.04161151274479856,0.08391881342701014,0.017547432372806572,0.013033295998370838,0.019583884872552016,0.017496521060312936,0.013457556935817806,0.0215863964973017,0.011115636561110545,0.010504700811186912,0.01184536537351933,0.02291009062213624,0.03745375555781828,0.044581339306927335,0.029969792621253776,0.020754845059905644,0.032990530495876184,0.050147642806231546
06,9901,09901,0609901,35259.0,1569,0.01920077143424374,0.3947360957486032,0.37709520973368504,0.20896792308346804,0.03338154797356703,0.0394509203323974,0.024249127882242833,0.0336651635043535,0.043648430188037095,0.03624606483451034,0.03755069627612808,0.03721035763918432,0.05068209535154145,0.0817663575257381,0.10573186987719448,0.1524433477977254,0.11276553504069883,0.07274738364672849,0.06352987889616836,0.07493122323378429,0.0030630477324938314,0.0001985308715505261,0.0,0.0,0.0010777390169885704,0.0007941234862021044,0.0006523157208088715,0.0022405626932130805,0.00025525397770781926,0.001021015910831277,0.004396040727190221,0.0011061005700672168,0.004396040727190221,0.0,0.0,0.0,0.010663943957571117,0.012762698885390965,0.006551518761167362,0.01270597577923367,0.01937094075271562,0.027028560083950198,0.013755353243143595,0.013982245667772767,0.024022235457613658,0.03752233472304944,0.04186165234408236,0.057148529453472874,0.043081199126464166,0.026830029212399673,0.02311466575909697,0.024334212541478772,0.009444397175189313,0.010607220851413824,0.0018151393970333816,0.011401344337615927,0.008763719901301795,0.004537848492583454,0.00822485039280751,0.010749028616807056,0.013329929946963895,0.028446637737882526,0.032048554978870644,0.07334297626138007,0.046966731898238745,0.0398763436285771,0.03389205592898267,0.043648430188037095,0.010210159108312772,0.01588246972404209,0.01588246972404209,0.0095578433875039,0.014436030517031113,0.0038855327717745823,0.014918176919368104,0.010238520661391418,0.013074675969256077,0.014776369153974872,0.027425621827051248,0.02084574151280524,0.018321563288805694,0.006041010805751723,0.006523157208088715,0.006948580504268414
06,9902,09902,0609902,38217.0,1840,0.029751157861684592,0.36366015124159407,0.3747023575895544,0.23188633330716696,0.06423842792474553,0.0417353533767695,0.03383311091922443,0.04165685427950912,0.03710390663840699,0.04121202606170029,0.039406546824711515,0.03922338226443729,0.0555773608603501,0.08574718057409006,0.12363607818510088,0.1177224795248188,0.10605228039877541,0.0520710678493864,0.060418138524740296,0.060365805793233376,0.003244629353429102,0.0,0.000209330926027684,0.000732658241096894,0.0045006149095952065,0.0011774864589057226,0.0010466546301384201,0.000104665463013842,0.002511971112332208,0.00313996389041526,0.0063584268780909016,0.003035298427401418,0.0009943218986314991,0.002407305649318366,0.00028783002328806553,0.0,0.02297406913153832,0.009498390768506162,0.011853363686317607,0.011644032760289923,0.009995551717821911,0.022319909987701808,0.015987649475364366,0.02085459350550802,0.021063924431535704,0.038490724023340396,0.04011303870005495,0.05034408770965801,0.035560091058952824,0.017557631420571998,0.01826412329591543,0.01713896956851663,0.021063924431535704,0.01355417746029254,0.008137739749326215,0.01195802914933145,0.011094539079467253,0.00680325509589973,0.009969385352068452,0.011905696417824529,0.019153779731533087,0.02873066959729963,0.049742261297328415,0.04453515451238978,0.054033545280895934,0.025198210220582464,0.03181830075620797,0.02700368945757124,0.016955805008242404,0.0186827851479708,0.013632676557552922,0.017322134128790852,0.01151320093152262,0.010911374519193029,0.012402857367140278,0.0063584268780909016,0.012847685584949106,0.015385823063034775,0.027422351309626607,0.0198079388753696,0.015464322160295156,0.006907920558913572,0.010047884449328833,0.01622314676714551
06,9903,09903,0609903,63032.0,2942,0.028921817489529128,0.3385264627490798,0.3737466683589288,0.25880505140246224,0.051418327198883104,0.03073042264246732,0.03693362101789567,0.039265769767737026,0.039107120192917885,0.03793311333925625,0.04608770148496002,0.030666962812539663,0.03625142784617337,0.07364513263104455,0.07891229851503997,0.14946376443711132,0.10857976900621906,0.06273004188348776,0.08801878410965859,0.09025574311460845,0.003934509455514659,0.0006504632567584719,0.001872064982865846,0.0005235435969031603,0.0029191521766721664,0.0007615179591318695,0.003934509455514659,0.00011105470237339764,0.000920167533951009,0.001538900875745653,0.0032205863688285316,0.00679020180225917,0.0007773829166137834,0.0006663282142403858,0.0,0.00030143419215636504,0.014484706180987435,0.005203706054067775,0.008424292422896306,0.013913567711638533,0.012279477091001396,0.014119812158903414,0.01780048229470745,0.012184287346109912,0.012723695900494986,0.023781571265389007,0.03279286711511613,0.04919723315141515,0.042978169818504885,0.025510851630917628,0.028541058509963194,0.02459068409696662,0.01780048229470745,0.008947836019799467,0.009852138596268562,0.009534839446630283,0.010899225790074882,0.012549181368193933,0.011803528366543978,0.005092651351694378,0.009994923213605787,0.025891610610483565,0.02414646528747303,0.055781190506409443,0.043120954435842115,0.028430003807589796,0.04994288615306511,0.049958751110547026,0.015198629267673562,0.015928417311841605,0.016785125015864957,0.015293819012565046,0.013009265135169437,0.010502601853027035,0.012549181368193933,0.013278969412361974,0.01261264119812159,0.022433049879426323,0.01875237974362229,0.03769513897702754,0.02170326183525828,0.008122858230739941,0.009534839446630283,0.015404873714938445
06,9904,09904,0609904,39948.0,1681,0.02901271653149094,0.3413938119555422,0.3664263542605387,0.26316711725242814,0.04338139581455892,0.049839791729248024,0.02197857214378692,0.042179833783919096,0.043030940222288976,0.02936317212376089,0.05812556323220186,0.03179132872734555,0.04132872734554922,0.07975367978371883,0.09662561329728647,0.1435616301191549,0.10401021327726044,0.06440873135075598,0.0728947631921498,0.07772604385701412,0.0,0.0008010413537598879,0.0,0.0007509762691498949,0.0028036447381596073,0.003129067788124562,0.0024031240612796636,0.0025533193151096424,0.0035546210073095024,0.0030539701612095726,0.003229197957344548,0.006208070491639131,0.0,0.0005256833884049264,0.0,0.0,0.012416140983278262,0.0135676379293081,0.00543206168018424,0.009537398618203664,0.012466206067888255,0.008986682687493742,0.014268549113848002,0.0065084609992990886,0.01491939521377791,0.036672674476819864,0.03156603584660058,0.06861419845799539,0.03962651446880945,0.01827375588264744,0.02628416942024632,0.022253930109141885,0.014168418944628017,0.015670371482927808,0.00578251727245419,0.016321217582857716,0.010013016921998599,0.011014318614198458,0.02200360468609192,0.009912886752778613,0.01078902573345349,0.02172824672073696,0.03126564533894062,0.04395714428757384,0.04268048463001903,0.034670071092420145,0.033543606688695306,0.04290577751076399,0.01679683588665265,0.01980074096325223,0.010763993191148492,0.01557024131370782,0.017748072494242515,0.006233103033944127,0.019450285370982277,0.012816661660158206,0.01206568539100831,0.018298788424952438,0.03056473415440072,0.02478221688194653,0.021703214178431962,0.010939220987283468,0.01306698708320817,0.01256633623710824
06,10100,10100,0610100,61303.0,2894,0.04006329217167186,0.3627881180366377,0.3473728855031564,0.249775704288534,0.053961470074873986,0.050862111152798394,0.04141722264815751,0.0390682348335318,0.03441919645041841,0.032951079066277346,0.037012870495734304,0.03954129487953281,0.046425134169616494,0.07931096357437646,0.09459569678482292,0.15658287522633477,0.09443257263102947,0.058186385658124395,0.07513498523726408,0.06609790711710684,0.003360357568145115,0.0008808704304846418,0.0020390519224181523,0.0027078609529713063,0.0010113697535194036,0.002691548537591961,0.0008156207689672609,0.0033114203220070797,0.002316362983867021,0.0071937751822912415,0.004632725967734042,0.006019281274978386,0.0011418690765541654,0.0006524966151738088,0.0012886808149682723,0.0,0.01709541131755379,0.010439945842780941,0.010456258258160286,0.009232827104709395,0.013588242010994568,0.005872469536564279,0.013881865487822782,0.012038562549956772,0.016149291225551768,0.02965597115964961,0.04102572467905323,0.062019803272270524,0.0428200903707812,0.02981909531344306,0.024648059638190625,0.024044500269154855,0.019574898455214262,0.020830954439423847,0.011174004534851475,0.011418690765541653,0.008710829812570348,0.012364810857543677,0.009444888504640881,0.009836386473745167,0.012805246072785997,0.023653002300050567,0.02747010749881735,0.055609024028187855,0.03644193595745722,0.020700455116389085,0.03495750615793681,0.03238014452800026,0.013930802733960818,0.018710340440108966,0.0177479079327276,0.015708856010309448,0.011108754873334094,0.012022250134577427,0.012870495734303378,0.014354925533823793,0.01515423388741171,0.018808214932385037,0.02146713863921831,0.032934766650898,0.014028677226236888,0.007014338613118444,0.014240738626168377,0.009673262319951715
06,10701,10701,0610701,49706.0,1939,0.027723011306482116,0.39278960286484527,0.35138615056532413,0.2281012352633485,0.050496921900776565,0.02563070856637026,0.02738100028165614,0.03862712750975737,0.04625196153381886,0.04039753752062125,0.024343137649378344,0.040035408200217275,0.039069730012473346,0.06816078541825936,0.12408964712509556,0.161650504969219,0.10024946686516718,0.06866374280770933,0.07926608457731461,0.06568623506216553,0.0030579809278557923,0.0,0.0,0.0007443769363859494,0.0035609383173057577,0.0021526576268458535,0.0015692270550838933,0.003983422524443729,0.001307689212569911,0.00024141954693598358,0.004426025027159699,0.006256789924757575,0.00042248420713797126,0.0,0.0,0.0,0.01673842192089486,0.007846135275419466,0.0031384541101677865,0.007624834024061482,0.01263428962298314,0.016657948738582867,0.008912404941053394,0.014947893614452984,0.015812980324306926,0.029614131090813987,0.05608980807146018,0.07532289864402687,0.03925079467267533,0.033919446344505694,0.03144489598841186,0.022834265481028446,0.017160906128032834,0.0059952520822435925,0.013881623948819055,0.01575262543757293,0.015410614412746952,0.008550275620649419,0.007966845048887458,0.010199975858045307,0.009757373355329337,0.022311189796000483,0.04037741922504325,0.05200579406912646,0.04039753752062125,0.02806502233130809,0.032410574176155796,0.031143121554741884,0.01353961292399308,0.011789321208707198,0.010360922222669296,0.014505291111737014,0.014646119180783004,0.013036655534543114,0.005894660604353599,0.010904116203275258,0.012191687120267171,0.01599404498450891,0.023196394801432423,0.02806502233130809,0.020178650464732627,0.0066792741318955455,0.015410614412746952,0.011708848026395205
06,10702,10702,0610702,48031.0,2214,0.03626824342612063,0.39576523495242655,0.3532510253794424,0.21471549624201036,0.058878640877766446,0.04530407445191647,0.03385313651600008,0.062418021694322416,0.05331973100705794,0.05113364285565572,0.05712977035664467,0.04445045907851179,0.04324290562345152,0.09283587682954758,0.09622951843601008,0.1292498594657617,0.07595094834585997,0.06081489038329412,0.05948241760529658,0.03570610647290292,0.006787283212924986,0.0019570693926838916,0.0005413170660615019,0.008411234411109492,0.0006870562761549832,8.327954862484645e-05,0.003268722283525223,0.0025608461202140283,0.0007703358247798296,0.006828922987237409,0.0002914784201869626,0.0016655909724969291,0.0009368949220295226,0.0011034540192792154,0.000374757968811809,0.0,0.019154296183714684,0.014115883491911474,0.008494513959734338,0.031916887010472406,0.026545356124169806,0.015760654577252193,0.01950823426537028,0.019279215506651955,0.014948678978159938,0.04505423580604193,0.04397160167391893,0.050030188836376506,0.031979346671941036,0.021132185463554786,0.023817950906706086,0.010056005496450209,0.014678020445129187,0.0077241781349545085,0.011992255001977889,0.008203035539547376,0.016614269950656867,0.023255813953488372,0.02192334117549083,0.01653099040203202,0.018987737086464992,0.02479648560304803,0.032812142158189506,0.05077970477400012,0.030126376715038206,0.02827340675813537,0.026795194770044346,0.01975807291124482,0.018259041035997584,0.021506943432366598,0.012825050488226354,0.013886864733193146,0.009473048656076285,0.012033894776290313,0.012429472632258333,0.006079407049613791,0.008536153734046762,0.016156232433220213,0.019154296183714684,0.026774374882888134,0.0129083300368512,0.010305844142324749,0.008494513959734338,0.0058920280652078865
06,10703,10703,0610703,44288.0,2346,0.035472362716763,0.3504335260115607,0.3868768063583815,0.2272173049132948,0.07640895953757225,0.047665281791907516,0.051413475433526014,0.04572344653179191,0.0563132225433526,0.05057803468208093,0.04974259393063584,0.051277998554913294,0.045046062138728325,0.07541546242774566,0.09876264450867052,0.12391618497109827,0.07284140173410404,0.05836795520231214,0.04944906069364162,0.04707821531791907,0.00530617774566474,0.0027546965317919074,0.0023708453757225433,0.0012870303468208093,0.0035901372832369944,0.0014902456647398843,0.005464234104046243,0.0010160765895953756,0.0,0.00641257225433526,0.000722543352601156,0.003025650289017341,0.001580563583815029,0.00045158959537572253,0.0,0.0,0.025966401734104045,0.015195989884393064,0.020457008670520232,0.013457369942196531,0.02093117774566474,0.028021134393063585,0.01503793352601156,0.012034862716763005,0.021540823699421965,0.02402456647398844,0.03951408959537572,0.04188493497109826,0.023347182080924855,0.0234375,0.017453937861271675,0.008128612716763005,0.02221820809248555,0.013841221098265896,0.01300578034682081,0.018966763005780346,0.016302384393063585,0.012441293352601156,0.019215137283236993,0.027908236994219654,0.015105671965317919,0.024453576589595377,0.03768515173410405,0.05597453034682081,0.034185332369942194,0.026666365606936415,0.02210531069364162,0.02680184248554913,0.02291817196531792,0.015873374277456647,0.015579841040462427,0.01201228323699422,0.015489523121387284,0.008625361271676301,0.01002528901734104,0.01031882225433526,0.00839956647398844,0.020524747109826588,0.020840859826589595,0.02303106936416185,0.013728323699421965,0.0078125,0.009889812138728324,0.012147760115606936
06,11102,11102,0611102,54148.0,2867,0.007331757405629017,0.2275614981162739,0.44081037157420405,0.324296372903893,0.0442675629755485,0.015900864297850335,0.01968678436876708,0.013813991283149885,0.021847528994607374,0.024414567481716776,0.0213304277166285,0.02633522937135259,0.0226601167171456,0.04441530619782817,0.07106448991652507,0.10137031838664401,0.09405702888379995,0.07996601905887567,0.13355987294082883,0.2653098914087316,0.0002954864445593558,0.0015697717367215778,0.0,0.00035089015291423506,0.0,0.0005540370835487922,0.0004616975696239935,0.0003139543473443156,0.0,0.0007202482086134299,0.0016621112506463767,0.0010342025559577455,0.0001846790278495974,0.0001846790278495974,0.0,0.0,0.0060390042106818346,0.0004062938612691143,0.0015882396395065375,0.0031395434734431556,0.0018283223757110142,0.004635443599024894,0.0025301026815394844,0.005448031321563123,0.00214227672305533,0.008975400753490433,0.012373494865923026,0.02410061313437246,0.022623180911575683,0.027332496121740414,0.042199157863633006,0.0621998965797444,0.016011671714560093,0.0025485705843244443,0.004561571987885055,0.0023084878481199676,0.009714116864888824,0.00779345497525301,0.009566373642609146,0.010397429267932334,0.010840658934771367,0.017932333604195907,0.029604048164290464,0.038597916820565854,0.042974809780601315,0.03215261874861491,0.05885720617566669,0.14694910245992465,0.02192140060574721,0.0113762281155352,0.01353697274137549,0.008015069808672528,0.010305089754007535,0.011431631823890079,0.008772253822855876,0.010175814434512816,0.009677181059318904,0.016787323631528402,0.027424835635665213,0.03763758587574795,0.028274359163773362,0.020296225160670756,0.03250350890152914,0.05616089236906257
06,11103,11103,0611103,51927.0,2611,0.025035145492710922,0.334007356481214,0.39164596452712463,0.24931153349895044,0.036705374853159244,0.024572958191307028,0.024881083058909622,0.03358561056868296,0.037957132127794786,0.03606986731372889,0.04113466982494656,0.036320218768656,0.047489745219250104,0.0598339977275791,0.09817628593987714,0.15267587189708628,0.11831994915939685,0.08051687946540335,0.0856009397808462,0.0861594161033759,0.0013673040999865195,0.00030812486760259595,0.0014635931211123307,0.0015406243380129798,0.0012710150788607082,0.0009821480154832746,0.0013480462957613573,0.0027923816126485257,0.0025227723534962544,0.00171394457603944,0.0022146474858936584,0.001020663623933599,0.002022069443642036,0.0016754289675891155,0.00046218730140389395,0.002330194311244632,0.008762300922448823,0.005642536637972539,0.006374333198528704,0.013653783195640033,0.01430854853929555,0.015714368247732393,0.01817936718855316,0.0133649161322626,0.022878271419492748,0.020066632002619062,0.0325456891405242,0.04820228397558111,0.044427754347449305,0.02553584840256514,0.027230535174379417,0.017120187956169236,0.012055385444951567,0.005719567854873187,0.006547653436555164,0.006258786373177731,0.009782964546382422,0.009320777244978528,0.010649565736514722,0.011882065206925106,0.011554682535097349,0.02255088874766499,0.0411154120207214,0.0720241878021068,0.04912665857838889,0.036223929747530186,0.03882373331792709,0.04800970593332948,0.014520384385772335,0.012902728830858705,0.010495503302713425,0.012132416661852215,0.01259460396325611,0.010052573805534693,0.010957690604117318,0.008280855816819766,0.01053401891116375,0.015502532401255608,0.02230053729273788,0.031428736495464786,0.022743466789916615,0.017081672347718912,0.019084483987135786,0.018699327902632543
06,11104,11104,0611104,47794.0,2370,0.019144662509938487,0.31633677867514753,0.383186173996736,0.281332384818178,0.050173661965937144,0.02567267857890112,0.02297359501192618,0.02138343725153785,0.02358036573628489,0.036134242791982255,0.03301669665648408,0.03257731095953467,0.030066535548395196,0.045737958739590745,0.08873498765535423,0.1457295894882203,0.12263045570573712,0.07825250031384692,0.1171485960580826,0.1261873875381847,0.003661547474578399,0.0012344645771435745,0.0006695401096371929,0.0003138469263924342,0.001799389044649956,0.0009206176507511404,0.0044566263547725655,0.0002510775411139474,0.0,0.0,0.0018203121730761183,0.0013390802192743858,0.001862158429928443,0.0006904632380633553,0.0,0.0001255387705569737,0.012512030798845043,0.0015064652466836841,0.006904632380633552,0.006779093610076579,0.005314474620245219,0.01000125538770557,0.006967401765912039,0.0060258609867347365,0.009750177846591622,0.013348955935891535,0.024814830313428463,0.06101184249068921,0.04582165125329539,0.027555760137255723,0.0392727120559066,0.03874963384525254,0.023684981378415702,0.007825250031384692,0.008201866343055614,0.00642340042683182,0.007134786793321337,0.012742185211532829,0.011633259404946228,0.011131104322718332,0.009624639076034648,0.013076955266351425,0.03471147005900322,0.04617734443654015,0.049441352471021466,0.03266100347323932,0.049880738167970874,0.05883583713436833,0.010315102314098004,0.015106498723689165,0.007197556178599824,0.007867096288237016,0.009331715278068376,0.012470184541992719,0.009959409130853246,0.015169268108967652,0.010691718625768926,0.019312047537347783,0.027388375109846423,0.03720132234171653,0.02550529355149182,0.01734527346528853,0.02799514583420513,0.028476377788006862
06,11107,11107,0611107,35467.0,1817,0.009924718752643303,0.27783573462655425,0.3924493190853469,0.3197902275354555,0.04240561648856684,0.030507232074886516,0.02407872106465165,0.025093749118899257,0.040121803366509716,0.04003721769532241,0.0382891138241182,0.039332337102094904,0.030281670285053713,0.0679222939634026,0.08701046042800349,0.14314715087264218,0.08072292553641414,0.08582626103138129,0.0980911833535399,0.1271322637945132,0.002142837003411622,0.0,0.0,0.0004229283559365044,0.0,0.00011278089491640116,0.0,0.0010150280542476104,0.0006766853694984069,0.0,0.0015789325288296163,0.002734936701722728,0.00047931880339470494,0.0,0.0007612710406857078,0.0,0.01060140412214171,0.006033777878027462,0.004144697888177742,0.004172893111906843,0.011137113372994615,0.009050666817041194,0.010347647108579806,0.016043082301858066,0.007189782050920574,0.026672681647728874,0.028618152085036794,0.03561056756985367,0.027828685820621986,0.029661375363013505,0.0289001043223278,0.021823103166323625,0.013336340823864437,0.010404037556038007,0.006964220261087771,0.00874051935602109,0.012264922322158627,0.011813798742493022,0.010319451884850707,0.012546874559449629,0.015028054247610455,0.018975385569684495,0.03225533594609073,0.0582795274480503,0.028477175966391294,0.037499647559703385,0.04519694363774777,0.07034708320410522,0.016325034539149068,0.014069416640821045,0.012969802915386134,0.011757408295034822,0.016719767671356474,0.019059971240871797,0.01762201483068768,0.0097273521865396,0.007387148617024276,0.02227422674598923,0.024558039868046354,0.046522119153015476,0.023937744946006145,0.01866523810866439,0.02323286435277864,0.03496207742408436
06,11108,11108,0611108,45345.0,2338,0.014202227367956776,0.2585290550226045,0.44318006395412946,0.2840886536553093,0.032087330466424084,0.024831844745837467,0.01845848494872643,0.021148969015326938,0.028801411401477562,0.03420443268276546,0.030146653434777813,0.03063182269268938,0.02957327158451869,0.04002646377770427,0.06642408203771089,0.12826110927334877,0.11436762597860844,0.08452971661704708,0.14197816738339397,0.17452861395964273,0.0007498070349542397,0.00022053148086889404,0.0,0.00046311610982467747,0.001698092402690484,0.0,0.001367295181387143,0.0006615944426066821,0.0,0.003043334435990738,0.0035285036939023046,0.0009262322196493549,0.00046311610982467747,0.0007498070349542397,0.0003307972213033411,0.0,0.009394641085014886,0.006880582203109494,0.002359686845297166,0.0011908699966920277,0.003396184805380968,0.008733046642408204,0.008909471827103319,0.003726982026684309,0.010982467747270923,0.0040577792479876505,0.012548241261440071,0.04093064284926673,0.029837909361561363,0.030521556952254933,0.04820818171794024,0.03685081045319219,0.008468408865365531,0.005160436652332121,0.004145991840335208,0.005336861837027236,0.004542948505899217,0.010982467747270923,0.007101113683978388,0.011379424412834932,0.0114455838570956,0.01958319550115779,0.02959532473260558,0.05138383504245231,0.056059102436872864,0.04009262322196493,0.06920277869665895,0.10869996692027786,0.013474473481089426,0.01257029440952696,0.011952806263094057,0.014158121071782997,0.019164185687506892,0.014488918293086338,0.012768772742308965,0.014863821810563458,0.007145219980152166,0.013342154592568089,0.020752012349762927,0.035020399161980374,0.02800749807034954,0.013165729407872974,0.024236409747491455,0.028977836586172676
06,11109,11109,0611109,43362.0,2541,0.014390480143904802,0.2813292744799594,0.3783497071168304,0.3259305382593054,0.029173008625063418,0.016073981827406485,0.020686315206863152,0.026659286933259536,0.021608781882754485,0.027143581938102485,0.02170102855034362,0.02377657857109912,0.025206401918730685,0.045823532124901985,0.06893132235597989,0.14729486647294868,0.10871269775379365,0.09870393432037268,0.13458788801254554,0.1839167935058346,0.0014528850145288502,0.0020986116876527835,0.0005996033393293667,0.0006457266731239334,0.00034592500345925005,0.0007149116738157834,0.00034592500345925005,0.0006226650062266501,0.0,0.0016835016835016834,0.002052488353858217,0.00228310502283105,0.0003920483372538167,0.0007379733407130668,0.0,0.00041511000415110004,0.004612333379456667,0.0015681933490152668,0.0031825100318251002,0.008394446750611134,0.006964623402979568,0.006411143397444767,0.005903786725704534,0.0062266500622665,0.007864028411973617,0.016650523499838567,0.021170610211706103,0.04928278215949449,0.0330704303307043,0.029818735298187352,0.04381716710483834,0.036391310363913104,0.009455283427886168,0.0044278400442784,0.0032516950325169503,0.0060882800608828,0.003090263364235967,0.00422028504220285,0.007518103408514367,0.004681518380148517,0.003920483372538167,0.009478345094783451,0.01865688851990222,0.052834278861676125,0.04513168211798349,0.041603247082699135,0.06344264563442646,0.10054886767215535,0.013652506803191735,0.007979336746460034,0.013652506803191735,0.011530833448641668,0.0112079701120797,0.015797241824639086,0.007933213412665467,0.012245745122457451,0.013421890134218902,0.018011161846778284,0.027051335270513354,0.042894700428947004,0.030118536967852036,0.02654397859877312,0.027328075273280752,0.046561505465615056
06,11301,11301,0611301,33912.0,1684,0.07439844302901628,0.32295352677518285,0.36824722811983956,0.2344008020759613,0.06646614767633877,0.03066761028544468,0.02359046945034206,0.042993630573248405,0.03382283557442793,0.03526775182826138,0.03282024062278839,0.024386647794291106,0.034294644963434776,0.05449398443029016,0.08218329794762916,0.11786388299127153,0.09518754423213022,0.0894963434772352,0.0975171030903515,0.13894786506251475,0.022086577022882754,0.0047475819768813396,0.0023590469450342063,0.0038629393724935127,0.0023295588582212786,0.006959188487850908,0.004098844066996933,0.00047180938900684123,0.0022410945977824957,0.0077258787449870255,0.007401509790044822,0.005189903279075253,0.0011795234725171032,0.0018577494692144374,0.001887237556027365,0.0,0.01046827081858929,0.006221986317527719,0.0035975465911771646,0.012237556027364944,0.013240150979004483,0.011028544468034914,0.014331210191082803,0.012060627506487379,0.010025949516395377,0.014331210191082803,0.03164071715027129,0.04275772587874499,0.04010379806558151,0.030490681764567117,0.029517574899740506,0.04089997640953055,0.022116065109695684,0.009082330738381694,0.010084925690021231,0.010261854210898797,0.010055437603208303,0.006192498230714791,0.007843831092238735,0.0035090823307383817,0.014301722104269875,0.014449162538334512,0.022086577022882754,0.04803609341825903,0.03355744279311158,0.04022175041283321,0.04600141542816702,0.07044703939608399,0.01179523472517103,0.010615711252653927,0.00754895022410946,0.016631280962491155,0.008197688133993866,0.01108752064166077,0.006546355272469922,0.008345128568058505,0.0077258787449870255,0.01798773295588582,0.02105449398443029,0.02188016041519226,0.02034677990092003,0.01692616183062043,0.020110875206416606,0.027600849256900213
06,11302,11302,0611302,42729.0,2090,0.15528095672728123,0.32729527955252874,0.30520255564136767,0.21222120807882233,0.09181118210114911,0.049989468510847436,0.023637342320204077,0.03763252123850312,0.039153736338318236,0.026632965901378456,0.0169673991902455,0.027592501579723372,0.03353694212361628,0.07046736408528166,0.07840108591354818,0.11189122141870861,0.10206183154298018,0.07285450162653,0.08434552645744109,0.13302440965152473,0.04451309415151303,0.015095134452011515,0.008354981394369163,0.01090594210021297,0.010203842823375225,0.009852793184956353,0.0020594912120573848,0.0017786515013222869,0.00901027405275106,0.00755926888061972,0.009548550164993331,0.01448664841208547,0.006646539820730651,0.0004680661845584966,0.002597767324299656,0.002199911067424934,0.01633550984109153,0.005616794214701959,0.005710407451613658,0.009103887289662759,0.013737742516791874,0.005663600833157809,0.005148728030143462,0.013480306115284701,0.0077230920452151935,0.023918182030939174,0.03491773736806385,0.040838774602728826,0.04680661845584966,0.027218048632076577,0.03550282009876197,0.03557303002644574,0.013503709424512626,0.008027335065178217,0.0039551592595192964,0.0070677993868332985,0.0049380982470921386,0.006482716656135178,0.0041189824241147695,0.005710407451613658,0.01167825130473449,0.024269231669358047,0.013012239930726205,0.03489433405883592,0.035315593624938565,0.03208593695148494,0.033770975215895525,0.06637178497039481,0.017458868684031924,0.021250204778955745,0.005616794214701959,0.010554892461794097,0.010274052751059,0.004633855227129116,0.005640197523929883,0.006623136511502726,0.005125324720915538,0.014720681504364718,0.020922558449764796,0.021671464345058393,0.013293079641461302,0.01308244985840998,0.012473963818483933,0.028879683587259238
26,100,00100,2600100,73770.0,5912,0.07535583570557138,0.24908499389995933,0.3372780262979531,0.3382811440965162,0.0713569201572455,0.05080656093262844,0.05631015317879897,0.0498305544259184,0.060525959061949304,0.049247661651077676,0.05631015317879897,0.04168361122407483,0.047309204283584115,0.081144096516199,0.1046360309068727,0.13554290361935747,0.07672495594415074,0.04306628710858072,0.04411007184492341,0.03139487596583977,0.01712078080520537,0.00719804798698658,0.005557814829876643,0.005476480954317473,0.009461840856716823,0.0053138132031991326,0.004934255117256338,0.0015453436356242375,0.004256472820929918,0.004215805883150332,0.0025349057882608104,0.004581808323166599,0.0011251186119018571,0.0012606750711671411,0.0002440016266775112,0.0005286701911346076,0.013203199132438661,0.008865392435949573,0.010058289277484072,0.0074556052595906195,0.00786227463738647,0.010939406262708418,0.014626541954724143,0.011644299850887895,0.01100718449234106,0.019953910803849804,0.031191541276941848,0.043906737156025485,0.021567032669106683,0.014246983868781347,0.015209434729564864,0.007347160092178393,0.01979124305273146,0.01312186525687949,0.01632099769554019,0.012254303917581673,0.019032126880845872,0.013514978988748814,0.014653653246577199,0.012498305544259184,0.016483665446658535,0.0281144096516199,0.03344177850074556,0.04599430662871086,0.03786091907279382,0.020265690660159957,0.01912701640233157,0.014802765351769012,0.02124169716687,0.021621255252812797,0.024373051375898062,0.02464416429442863,0.024169716687000135,0.01947946319642131,0.02209570286024129,0.01599566219330351,0.015561881523654602,0.02885997017757896,0.0374678053409245,0.04106005151145452,0.01617188559034838,0.007292937508472278,0.009529619086349465,0.008716280330757761
26,200,00200,2600200,54623.0,5186,0.03483880416674295,0.24055800670047417,0.36162422422788937,0.36297896490489356,0.07663438478296689,0.048001757501418815,0.05537960199915786,0.06259268073888288,0.05190121377441737,0.05653296230525603,0.046500558372846605,0.052523662193581455,0.044633213115354335,0.09038317192391483,0.10997198982113762,0.12644856562253995,0.08088167987843949,0.037493363601413324,0.03577247679548908,0.024348717573183458,0.0056935723047068084,0.0012998187576661847,0.003386851692510481,0.0023067206121963274,0.005785108836936822,0.003789612434322538,0.000183073064460026,0.0031854713216044523,0.000457682661150065,0.0023067206121963274,0.00457682661150065,0.0006773703385020962,0.001189974918990169,0.0,0.0,0.0,0.014627537850356077,0.009593028577705363,0.0062244841916408835,0.011075920399831574,0.008384746352269191,0.012961572963769841,0.008494590190945206,0.012503890302619775,0.009263497061677315,0.021584314299837065,0.029731065668308222,0.03785950973033338,0.026801896636947806,0.013016494883107849,0.012339124544605753,0.006096333046518866,0.029694451055416217,0.015579517785548213,0.014957069366384124,0.01860022334913864,0.012961572963769841,0.015890741995130256,0.015542903172656207,0.020376032074400894,0.015835820075792248,0.03176317668381451,0.04034930340698973,0.04886220090438094,0.038811489665525514,0.017080716914120424,0.0169159511561064,0.008403053658715192,0.02661882357248778,0.021529392380499057,0.030811196748622375,0.030609816377716346,0.02476978562144152,0.023891034912033392,0.022279991944785162,0.016458268494956338,0.01907621331673471,0.03472896032806693,0.035314794134339016,0.03904948464932354,0.014078318656975999,0.00739615180418505,0.006517401094776926,0.009849330867949398
26,300,00300,2600300,60348.0,5975,0.02937959832968781,0.21185457678796316,0.3739974812752701,0.38476834360707896,0.06828726718366805,0.05080532909127063,0.05451713395638629,0.05498110956452575,0.05721813481805528,0.05494796844965864,0.05993570623715782,0.04638099025651223,0.05289321932789819,0.08505667130642275,0.1067143898720753,0.12812355007622456,0.07092198581560284,0.03895738052628091,0.037615165374163186,0.03264399814409757,0.001557632398753894,0.0001491350169019686,0.0003314111486710413,0.003595810963080798,0.002618148074501226,0.005302578378736661,0.000994233446013124,0.003595810963080798,0.003015841452906476,0.0034135348313117254,0.0018890435474249354,0.002319878040697289,0.0005965400676078744,0.0,0.0,0.0,0.010704580102074633,0.007390468615364221,0.011947371909591038,0.009809770000662823,0.008815536554649698,0.007241333598462252,0.011698813548087758,0.009776628885795719,0.009511499966858884,0.01983495724796182,0.024342148869887982,0.03536156956320011,0.02415987273811891,0.00906409491615298,0.008450984291111553,0.0037449459799827668,0.03377079604957911,0.016835686352488898,0.01958639888645854,0.016587127990985617,0.017316232518061907,0.018459600980977,0.01781334924106847,0.014167826605687016,0.015559753430105388,0.02407701995095115,0.04149267581361437,0.049960230662159474,0.03158348246835024,0.01821104261947372,0.01981838669052827,0.018757871014780936,0.022254258633260422,0.026430039106515542,0.02265195201166567,0.024988400609796513,0.028468217670842448,0.023944455491482733,0.02942931000198847,0.0188407238019487,0.02480612447802744,0.03773115927619805,0.03899052164114801,0.04048187181016769,0.014582090541525816,0.011682242990654205,0.009345794392523364,0.010141181149333864
26,400,00400,2600400,64781.0,6600,0.039425140087371295,0.25371636745341997,0.35888609314459485,0.3479723993146139,0.04766829780336827,0.04090705608125839,0.042404408700081817,0.044426606566740245,0.04797703030209475,0.04467359256572143,0.0516200737870672,0.046881029931615754,0.04597026906037264,0.08747935351414766,0.11534246152421235,0.13045491733687348,0.0855652120220435,0.05154289066238558,0.060202837251663296,0.056883962890353655,0.0006329016223892808,0.0016362822432503356,0.002562479739429771,0.0035812969852271497,0.002948395362837869,0.004260508482425402,0.0014047328692054768,0.004322254982170698,0.002192000740957997,0.002577916364366095,0.005541748352140288,0.005711551226439851,0.0016362822432503356,0.0001389296244269153,9.261974961794353e-05,0.00018523949923588705,0.009277411586730677,0.005973973850357358,0.007486763094117103,0.006051156975038978,0.00924653833685803,0.007533072968926074,0.012889581821830476,0.014340624565844924,0.01125329957858014,0.024081134900665317,0.031259165496055945,0.044303113567249655,0.030024235501150028,0.016841357805529398,0.013738596193328291,0.009416341211157593,0.01932665442027755,0.011654651826924562,0.010219045707846437,0.011299609453389111,0.012534539448295025,0.013414427069665488,0.017258146678810145,0.011747271576542505,0.012380173198931785,0.03161420786959139,0.04189500007718312,0.048316636050693876,0.03604451922631636,0.02287707815563205,0.028125530633982185,0.03017860175051327,0.018431330173970764,0.021642148160726137,0.022136120158688505,0.02349454315308501,0.023247557154103825,0.019465584044704467,0.0200676124172211,0.016470878807057623,0.020144795541902717,0.02920609437952486,0.03664654759883299,0.032123616492490084,0.01786017505132678,0.01168552507679721,0.018246090674734875,0.017103780429446904
26,500,00500,2600500,66826.0,4493,0.021743034148385357,0.25006733905964745,0.3617753568970161,0.3664142698949511,0.04990572531649358,0.028581689761470085,0.027564121749019843,0.03565977314219017,0.0538862119534313,0.04576063208930656,0.0407775416753958,0.03657259150629994,0.042663035345524195,0.08221350971178883,0.11760392661538922,0.14504833448059137,0.10738335378445515,0.06250561158830395,0.05081854368060336,0.07305539759973663,0.0017957082572651363,0.0008978541286325682,0.00016460659024930416,0.0013467811929488522,0.0037560231047795768,0.0009128183641097776,0.0007631760093376829,0.0010325322479274534,0.0019004579056056026,0.004549127585071679,0.0021548499087181636,0.0013467811929488522,0.0007482117738604735,0.000254392003112561,0.00011971388381767575,0.0,0.006703977493789842,0.0070331906742884505,0.007736509741717296,0.002768383563283752,0.011716996378655014,0.007167868793583336,0.00990632388591267,0.00929279023134708,0.010041002005207553,0.019273935294645796,0.03760512375422739,0.044428815131834914,0.031215395205458952,0.017822404453356477,0.012944063687786191,0.014410558764552718,0.022476281686768622,0.005970729955406579,0.005252446652500524,0.01352766887139736,0.008933648579894054,0.012839314039445725,0.011118426959566635,0.012135994972016879,0.011911531439858737,0.03172417921168408,0.035764522790530634,0.05466435219824619,0.047840660820638675,0.029090473767695208,0.023838027115194685,0.03468709783617155,0.01892975787866998,0.01467991500314249,0.014410558764552718,0.018016939514560203,0.029479543890102655,0.02484063089216772,0.018989614820578815,0.014111274055008529,0.018810043994852303,0.026666267620387273,0.042079430161913026,0.044608385957561426,0.027579085984497053,0.015338341364139706,0.013916738993804807,0.02395774099901236
26,600,00600,2600600,47032.0,4961,0.022325225378465725,0.248299030447355,0.3816763054941317,0.3476994386800476,0.051815784997448544,0.0482012246980779,0.04771219595169247,0.06402024153767648,0.0541758802517435,0.051985881952713045,0.04686171117536996,0.043863752338833134,0.058343255655723764,0.08521857458751489,0.1180685490729716,0.1394369790780745,0.07492770879401259,0.039271134546691615,0.043778703861200884,0.03231842150025514,0.0018498043885014459,0.002041163463174009,0.0013395135227079436,0.002572716448375574,0.0010418438509950671,0.0006166014628338153,0.003104269433577139,0.0003827181493451267,0.0007654362986902534,0.003572036060554516,0.0016159210750127573,0.002317571015478823,0.001105630209219255,0.0,0.0,0.0,0.010524749106990985,0.00654873277768328,0.007463003912229971,0.013543970062935874,0.013671542779384248,0.012225718659635992,0.009057662867834666,0.010631059704031299,0.018965810511991834,0.02300561319952373,0.02834240517094744,0.04046181323354312,0.025961047797244428,0.011800476271474741,0.011672903555026365,0.00442252083687702,0.02070930430345297,0.01711600612349039,0.014288144242218064,0.01596785167545501,0.014777172988603504,0.013033679197142371,0.01743493791461133,0.014926007824459943,0.018902024153767648,0.030362306514713385,0.049094233713216535,0.05734393604354482,0.034338322844021094,0.02007144072121109,0.023600952542949482,0.019709984691274027,0.018731927198503147,0.022495322333730226,0.024621534274536484,0.03193570335091002,0.024685320632760674,0.026109882633100868,0.017264840959346828,0.017923966660996767,0.019709984691274027,0.02827861881272325,0.03901598911379486,0.03931365878550774,0.013522707943527812,0.0073992175540057836,0.008504847763225038,0.008185915972104099
26,700,00700,2600700,67112.0,3231,0.031186673024198357,0.30490821313624983,0.3724520205030397,0.2914530933365121,0.06119620932173084,0.04228751937060436,0.04912683275718202,0.062447848372869236,0.0449398021218262,0.04496960305161521,0.04426928120157349,0.04327095005364168,0.05034867087853141,0.09400703301943021,0.1110978662534271,0.14635236619382525,0.08445583502205269,0.05422279175110264,0.03427106925736083,0.032736321373226844,0.003382405531052569,0.0021754678745976876,0.0021158660150196688,0.0045148408630349265,0.002905590654428418,0.001996662295863631,0.000968530218142806,0.0010579330075098344,0.0017880557873405651,0.004201931100250328,0.004857551555608535,0.000715222314936226,0.0001788055787340565,0.0,0.0,0.0003278102276791036,0.020681845273572537,0.009372392418643462,0.007494933841935869,0.015153772797711289,0.010460126355942305,0.013276314221003695,0.012963404458219096,0.014766360710454167,0.018655382047919895,0.03254261532959828,0.030426749314578616,0.048530814161401835,0.03571641435212779,0.017731553224460603,0.01123495053045655,0.005900584098223864,0.019355703897961617,0.0129783049231136,0.015868995112647513,0.010922040767671951,0.014721659315770652,0.009730003576111574,0.017329240672308975,0.015898796042436523,0.017612349505304565,0.03097806651567529,0.04566992490165693,0.05864822982477053,0.03845809989271665,0.029264513052807247,0.017448444391465014,0.017567648110621052,0.017776254619144116,0.017761354154249613,0.023647037787578973,0.031857193944451065,0.016852425795684824,0.01996662295863631,0.01300810585290261,0.011547860293241148,0.012292883537966384,0.026284420073906307,0.030143640481583026,0.03845809989271665,0.010102515198474193,0.007226725473834784,0.005587674335439266,0.008940278936702826
26,801,00801,2600801,59981.0,2232,0.03179340124372718,0.30653040129374304,0.3685000250079192,0.29317617245461064,0.029009186242310064,0.019056034410896785,0.03149330621363432,0.03291042163351728,0.04696487220953302,0.0339607542388423,0.051182874576949366,0.033710675047098244,0.05756822993948084,0.06958870308931162,0.11270235574598624,0.13917740617862323,0.09536353178506526,0.08019206081925943,0.08966172621330087,0.07745786165619113,0.0015171470965805837,0.0,0.0008335973058135076,0.002717527216952035,0.002284056617929011,0.0009503009286273987,0.003934579283439756,0.0021506810489988495,0.0032343575465564097,0.003401077007719111,0.00440139377469532,0.0019339457494873377,0.00443473766692786,0.0,0.0,0.0,0.005951884763508444,0.004218002367416348,0.008852803387739451,0.00763575132125173,0.011653690335272837,0.00980310431636685,0.01517147096580584,0.0074356879678564875,0.016255147463363397,0.016255147463363397,0.038778946666444374,0.049815774995415216,0.03596138777279472,0.030192894416565245,0.03059302112335573,0.017955685967222954,0.007869158566879511,0.007852486620763242,0.008302629165902535,0.005585101948950501,0.012303896233807373,0.010803421083343059,0.013454260515830013,0.010503326053250196,0.02085660459145396,0.02315733315549924,0.03696170453977093,0.05048265284006602,0.034527600406795485,0.03489438322135343,0.04714826361681199,0.04379720244744169,0.013670995815341525,0.006985545422717194,0.013504276354178823,0.016972041146363016,0.020723229022523798,0.012403927910504993,0.01862256381187376,0.013620979976992714,0.017222120338107067,0.026775145462729865,0.03256031076507561,0.036945032593654656,0.020439805938547207,0.015104783181340758,0.011920441473133158,0.015704973241526483
26,802,00802,2600802,50038.0,2021,0.08219752987729326,0.34315919900875336,0.3360446060993645,0.2385986650145889,0.04106878772133179,0.01686718094248371,0.02110396098964787,0.032954954234781564,0.03459370878132619,0.02647987529477597,0.04190814980614733,0.02725928294496183,0.04162836244454215,0.07024661257444342,0.12082817059035134,0.1656341180702666,0.10270194652064431,0.09976417922378993,0.08459570726248052,0.0723650025980255,0.007814061313401814,0.005076142131979695,0.005136096566609377,0.0029777369199408448,0.0024981014429033936,0.007194532155561773,0.006115352332227507,0.003677205323953795,0.003277509093089252,0.012510492026060194,0.009073104440625125,0.01470882129581518,0.0002598025500619529,0.00043966585395099726,0.0014389064311123546,0.0,0.00707462328630241,0.0016987089811743075,0.0017986330388904432,0.002438147008273712,0.013929413645629322,0.0018186178504336703,0.012490507214516966,0.008793317079019945,0.009212998121427715,0.024081697909588713,0.045445461449298535,0.06804828330468844,0.0449058715376314,0.03968983572484912,0.03499340501219073,0.02673967784483792,0.013629641472480915,0.0024781166313601662,0.004936248451177105,0.00875334745593349,0.004596506654942244,0.0036971901354970224,0.00483632439346097,0.007434349894080499,0.011391342579639474,0.011691114752787881,0.03145609336903953,0.05473839881689916,0.04588512730324953,0.05218034293936608,0.04002957752108398,0.03831088372836644,0.012550461649146648,0.007614213197969543,0.009232982932970943,0.01878572285063352,0.013569687037851233,0.013769535153283505,0.018465965865941885,0.00735441064790759,0.017746512650385706,0.021963307886006634,0.03485351133138814,0.028138614652863825,0.011651145129701427,0.007454334705623726,0.008133818298093448,0.007314441024821136
26,900,00900,2600900,44984.0,2413,0.017406188867152766,0.3065756713498133,0.3892495109372221,0.28676862884581183,0.037746754401565004,0.024364218388760447,0.0272763649297528,0.04172594700337898,0.04517161657478214,0.041681486750844744,0.03372310154721679,0.036613017961942024,0.03543482126978481,0.07838342521785524,0.1240885648230482,0.17379512715632225,0.10143606615685577,0.0670905210741597,0.07153654632758315,0.05993242041614796,0.0024230837631157745,0.0,0.0,0.002134092121643251,0.003290058687533345,0.00026676151520540635,0.00033345189400675796,0.0,0.0007335941668148675,0.0017561799751022586,0.0020896318691090167,0.0024453138893828917,0.0008225146718833363,0.0008669749244175707,0.00024453138893828916,0.0,0.013138004623866264,0.005668682198114885,0.0045349457584919085,0.0074026320469500265,0.007358171794415792,0.010692690734483371,0.010114707451538325,0.01229325982571581,0.014293971189756357,0.021452071847768095,0.039058331851324915,0.06860216966032368,0.03385648230481949,0.02005157389293971,0.023764004979548285,0.014293971189756357,0.010248088209141028,0.007736083940956784,0.0066023475013338075,0.0118931175529077,0.012004268184243286,0.015805619775920328,0.00793615507736084,0.008780899875511294,0.009603414547394629,0.03174462030944336,0.04599413124666548,0.06704606082162547,0.05035123599502045,0.035545971901120396,0.03990307664947537,0.028054419349101904,0.011937577805441935,0.010959452249688778,0.016139071669927084,0.020296105281878002,0.022519117908589723,0.01491641472523564,0.015338787124310867,0.015538858260714921,0.010803841365818958,0.023430553085541525,0.03694646985594878,0.03570158278499022,0.01640583318513249,0.01062600035568202,0.007624933309621199,0.017584029877289704
26,1001,01001,2601001,58316.0,1852,0.05458193291720968,0.38193634680019206,0.3444852184649153,0.21899650181768296,0.03402153782838329,0.026665066191096782,0.036507990945881065,0.03146649290074765,0.038857260443103094,0.0445846765896152,0.050243500925989434,0.04587077302970025,0.05058645997667879,0.10009259894368612,0.1257116400301804,0.1444200562452843,0.1004698538994444,0.0660882090678373,0.05446189724946841,0.04995198573290349,0.0015433157281020647,0.001972014541463749,0.0037382536525138897,0.004612799231771727,0.0047156869469785305,0.003686809794910488,0.006790589203649084,0.0010460251046025104,0.003292406886617738,0.00805953769119967,0.005796007956649976,0.006053227244666987,0.0016804993483778036,0.000977433294464641,0.0,0.0006173262912408258,0.013975581315590919,0.0047156869469785305,0.00694492077645929,0.007768022498113725,0.009860072707318746,0.01061458261883531,0.02086905823444681,0.014044173125728789,0.01934289045887921,0.03163797242609232,0.05557651416420879,0.07286165031895192,0.04746553261540572,0.02898003978324988,0.022206598532135264,0.015073050277796832,0.007236435969545236,0.010545990808697442,0.007716578640510323,0.0064990740105631386,0.012072158584265039,0.01521023389807257,0.012140750394402908,0.014712943274573016,0.016307702860278484,0.03285547705603951,0.04021194869332602,0.04178956032649701,0.039423142876740515,0.029854585362507718,0.02851704506481926,0.029391590644077096,0.011266204815145071,0.009431373893957061,0.018108237876397558,0.01258659716029906,0.012209342204540778,0.015073050277796832,0.010443103093490638,0.016067631524795938,0.011643459770903353,0.02753961177035462,0.02412716921599561,0.023715618355168392,0.011900679058920364,0.006276150627615063,0.0037382536525138897,0.0048700185197887375
26,1002,01002,2601002,80837.0,2831,0.07913455472122914,0.4264507589346463,0.2872818140208073,0.20713287232331729,0.08764550886351546,0.04802256392493536,0.040563108477553594,0.044385615497853706,0.03624577854200428,0.04518970273513367,0.051931664955404085,0.0447938444029343,0.03841062879621955,0.07701918675853879,0.10130262132439354,0.14056681964941797,0.09352153098209978,0.058908668060417876,0.047626705592736,0.04386605143684204,0.00846147185076141,0.006482180189764588,0.0030802726474263025,0.00478741170503606,0.005579128369434788,0.0024988557220084863,0.005183270037235424,0.006964632532132563,0.0031050137931887627,0.004329700508430546,0.010651063250739142,0.009599564555834581,0.004403923945717926,0.0032039783762386038,0.0006185286440615065,0.00018555859321845196,0.022081472592995782,0.014510681989682942,0.010069646325321325,0.012939619233766715,0.01052735752192684,0.017318802033722182,0.022205178321808083,0.01801155411507107,0.016564197087967143,0.03824981134876356,0.04421242747751648,0.07301112114502023,0.058389103999406215,0.026188502789564184,0.025186486386184544,0.016984796565928967,0.030839838192906713,0.013149918972747627,0.01334784813884731,0.008176948674493116,0.007001744250776254,0.01648997365067976,0.013026213243935327,0.006358474460952287,0.01150463277954402,0.019607358016749756,0.029342998874277867,0.040723925925009584,0.022737112955700977,0.01799918354218984,0.015648774694756114,0.021326867647240743,0.026262726226851565,0.013879782772740205,0.014065341365958658,0.018481635884557812,0.013137548399866398,0.008882071328723233,0.01151700335242525,0.013459183294778382,0.007236785135519626,0.014832316884594925,0.01709613172186004,0.01723220802355357,0.007991390081274663,0.01151700335242525,0.006172915867733835,0.005368828630453877
26,1003,01003,2601003,67347.0,2376,0.02106998084547196,0.35303725481461684,0.3616642166688939,0.2642285476710173,0.031256032191485886,0.018560589187343164,0.018931800971090026,0.027083611742171144,0.03358724219341619,0.02893967066090546,0.030439366267242786,0.03712117837468633,0.03067694180884078,0.05617176711657535,0.1119871709207537,0.1427829005003935,0.11295232155849555,0.08432446879593745,0.09673779084443257,0.1384471468662301,0.0005345449685954831,0.0003415148410471142,0.0,0.0009651506377418445,0.0014699986636375784,0.0004306056691463614,0.0027915126137764115,0.001232423122039586,0.0021678768170816814,0.003979390321766374,0.0046921169465603514,0.0012175746506897114,0.0,0.00017818165619849435,0.0010690899371909662,0.0,0.008240901599180365,0.004825753188709222,0.007557871917086136,0.004499086819011983,0.006384842680446048,0.008508174083478107,0.008508174083478107,0.012918170074390842,0.010735444785959286,0.015902712815715623,0.04323874857083463,0.058725704188753766,0.04747056290554887,0.03435936270360966,0.03949693379066625,0.04166481060774793,0.008077568414331745,0.004350602105513237,0.0017669680906350692,0.009844536504966814,0.007617265802485634,0.007409387203587391,0.004395147519562861,0.006384842680446048,0.006770902935542786,0.016214530714062987,0.03271118238377359,0.051375710870565874,0.04513935290361857,0.03839814691077553,0.04147178048019956,0.07973629114882623,0.014403017209378295,0.00904271905207359,0.009606960963368822,0.011774837780450503,0.018115135046846927,0.012591503704693603,0.014744532050425408,0.01658574249780985,0.011002717270257027,0.020075133265030364,0.031345123019585135,0.03146391079038413,0.020342405749328107,0.011388777525353765,0.014699986636375785,0.01704604510965596
26,1004,01004,2601004,48359.0,1866,0.02282925618809322,0.3203126615521413,0.3980851547798755,0.25877292747989,0.03136954858454476,0.023325544366095245,0.02988068405053868,0.04437643458301454,0.031431584606795016,0.029012179739035134,0.04741619967327695,0.0343265989784735,0.038917264624992245,0.06275977584317294,0.09148245414504022,0.1491759548377758,0.12278996670733472,0.10149093240141442,0.08186687069625095,0.08037800616224487,0.0021505821046754483,0.0003515374594181021,0.0038462333795157054,0.0005169668520854443,0.0009305403337537997,0.00018610806675075994,0.0037635186831820344,0.0008271469633367108,0.0006823962447527864,0.0008478256374201286,0.002460762215926715,0.0022746541491759547,0.0021092247565086125,0.0018817593415910172,0.0,0.0,0.010360015715792304,0.003536053268264439,0.004239128187100643,0.01085630389379433,0.0069066771438615355,0.012489919146384334,0.012510597820467751,0.004342521557517732,0.011828201575714965,0.019499989660662957,0.027771459294030066,0.058748113070989885,0.04253603258959036,0.03813147500982237,0.028329783494282345,0.02822639012386526,0.010153228974958125,0.014723215947393453,0.005934779461940901,0.010442730412125975,0.0096569407969561,0.005769350069273559,0.013110279368886866,0.013585888872805476,0.01114580533096218,0.020720031431584608,0.033437415992886535,0.06102276722016584,0.05705246179614963,0.049132529622200626,0.041729564300337064,0.04046816518124858,0.008705721789118881,0.0047147376910192515,0.015860543021981432,0.02256043342500879,0.013937426332223578,0.010566802456626482,0.018031803800740296,0.015571041584813582,0.015260861473562315,0.021691929113505242,0.027812816642196904,0.027130420397444115,0.021092247565086125,0.01234516842780041,0.011807522901631548,0.011683450857131041
26,1100,01100,2601100,72531.0,6094,0.043926045415063904,0.2924266865202465,0.3679668004025865,0.2956804676621031,0.06806744702265238,0.04558051040244861,0.05054390536460272,0.04347106754353311,0.04547021273662296,0.03747363196426356,0.05717555252236974,0.04542885111193835,0.048765355503164166,0.08324716328190705,0.12083109291199624,0.14475189918793344,0.08607354096868924,0.05295666680453875,0.04607684989866402,0.024086252774675656,0.00878245164136714,0.0008272324936923522,0.004384332216569467,0.0012270615323103226,0.0030193986019770858,0.0010478278253436462,0.004149949676689967,0.002564420730446292,0.004866884504556673,0.003998290386179703,0.003433014848823262,0.0041085880520053495,0.0011305510747128813,0.0003860418303897644,0.0,0.0,0.015800140629523927,0.011002192166108284,0.009030621389474846,0.00871351560022611,0.01078159683445699,0.008534281893259435,0.01442141980670334,0.011595042119921137,0.013028911775654548,0.024499869021521833,0.039955329445340616,0.047786463718961544,0.034633467069253146,0.019122857812521543,0.014752312804180281,0.008768664433138933,0.02590616426079883,0.016461926624477808,0.01552439646495981,0.015869076670664957,0.013235719899077635,0.012215466490190402,0.015152141842798252,0.014807461637093105,0.014366270973790517,0.028636031489983595,0.04558051040244861,0.05685844673312101,0.03515738098192497,0.02299706332464739,0.02473425156140133,0.010464491045208255,0.017578690490962483,0.017289159118170163,0.021604555293598598,0.01766141374033172,0.01843349740111125,0.015676055755470073,0.023452041196178185,0.016461926624477808,0.016503288249162428,0.02611297238422192,0.03186223821538377,0.03599840068384553,0.015152141842798252,0.01045070383698005,0.006590285533082406,0.004853097296328467
26,1200,01200,2601200,51604.0,4245,0.10377102550189908,0.27600573598945816,0.33778389272149445,0.2824393457871483,0.07838539648089296,0.06906441361134796,0.049124098907061466,0.05772808309433377,0.05129447329664367,0.05263157894736842,0.05265095729013255,0.046585536004960855,0.05323230757305635,0.09392682737772266,0.09437252926129758,0.12212231609952717,0.0719130299976746,0.04261297573831486,0.03366018138128827,0.03069529493837687,0.022362607549802342,0.016064646151461127,0.004457018835749167,0.00930160452678087,0.006801798310208511,0.007693202077358344,0.005348422602899,0.0037787768390047283,0.007731958762886598,0.005445314316719634,0.0062592047128129605,0.007131230137198667,0.0008914037671498334,0.0005038369118672971,0.0,0.0,0.014960080613905899,0.013448569878304008,0.009030307728083095,0.011995194170994497,0.014475622044802728,0.012809084567087823,0.013332299821719247,0.01428183861716146,0.01709169831795985,0.02935818928765212,0.02773040849546547,0.04152778854352376,0.02207193240834044,0.016859158204790326,0.007325013564839935,0.009708549724827533,0.025172467250600728,0.021025501899077592,0.016859158204790326,0.012615301139446554,0.011471978916363073,0.013332299821719247,0.015909619409348114,0.010793736919618635,0.011336330517014185,0.02759476009611658,0.032419967444384155,0.049531044105108134,0.03428028834974033,0.021548717153709016,0.019184559336485545,0.01470816215797225,0.015890241066583984,0.01852569568250523,0.01877761413843888,0.02381598325711185,0.018545074025269358,0.018796992481203006,0.01806061545616619,0.017731183629176032,0.017072319975195722,0.03152856367723432,0.02796294860863499,0.023932253313696614,0.014669405472443997,0.003701263467948221,0.007150608479962794,0.006278583055577087
26,1300,01300,2601300,49527.0,5054,0.023078320915864075,0.19801320491852928,0.36678983180891234,0.4121186423566943,0.0751105457629172,0.061622953136672924,0.05649443737759202,0.06634764875724353,0.05596947119752862,0.06275364952450178,0.05112362953540493,0.053001393179477864,0.04934682092595958,0.08900195852767177,0.1000666303228542,0.12108546853231571,0.06212772830981081,0.04005895774022251,0.029680780180507602,0.026207926989318956,0.0028873139903486987,0.002039291699477053,0.000323056110808246,0.0014941345124881377,0.00046439315928685363,0.0025642578795404525,0.0006663032285420074,0.0009085953116481918,0.002301774789508753,0.0025036848587639067,0.005047751731378844,0.0013124154501584994,4.038201385103075e-05,0.000484584166212369,0.0,4.038201385103075e-05,0.010681042663597633,0.009409009227290165,0.007753346659397904,0.009913784400428048,0.010277222525087327,0.010580087628970057,0.009348436206513619,0.013326064570840148,0.010438750580491448,0.019282411613867182,0.018353625295293476,0.03270943121933491,0.015728794394976476,0.011165626829810003,0.005229470793708483,0.003816100308922406,0.0375552728814586,0.02051406303632362,0.01750560300442183,0.02275526480505583,0.01776808609445353,0.017445029983645284,0.014174086861711793,0.01716235588668807,0.015950895471157148,0.027702061501807096,0.03379974559331274,0.046661417004866035,0.028368364730349104,0.017404647969794254,0.016092232519635753,0.015930704464231633,0.023986916227512266,0.029660589173582087,0.03091243160296404,0.032184465039271505,0.02745976941870091,0.032164274032345994,0.02693480323863751,0.02160437741030145,0.02065540008480223,0.03951380055323359,0.04286550770286914,0.040402204857956266,0.0179901871706342,0.01100409877440588,0.008359076867163365,0.006420740202313889
26,1400,01400,2601400,79525.0,4100,0.03703237975479409,0.28440113171958503,0.3686890914806665,0.30987739704495443,0.06659541024834957,0.045583149952845015,0.04243948443885571,0.04359635334800377,0.054272241433511476,0.054133920150895944,0.044325683747249295,0.04178560201194593,0.04042753850990255,0.0819113486325055,0.09506444514303677,0.13378182961332913,0.0873813266268469,0.05078906004401132,0.061301477522791574,0.056611128575919524,0.00397359320968249,0.0020370952530650737,0.0037472492926752593,0.0014963847846589122,0.0024646337629676204,0.00296762024520591,0.0013454888399874253,0.0026909776799748505,0.0022005658597925182,0.0020119459289531594,0.004086765168186105,0.00470292360892801,0.0009682489783087079,0.0006790317510216913,0.0016598553913863565,0.0,0.016145866079849105,0.005306507387613958,0.009305249921408363,0.006538824269097768,0.017793146809179504,0.013404589751650424,0.010524992140836215,0.0074944985853505185,0.009707639107198993,0.027337315309651052,0.02708582206853191,0.04139578748821125,0.03724614900974536,0.01771769883684376,0.019930839358692234,0.017466205595724614,0.02551398931153725,0.021565545425966677,0.01122917321596982,0.010839358692235146,0.013316567117258723,0.0191763596353348,0.013115372524363407,0.015856648852562088,0.014410562716127005,0.023313423451744735,0.03474379126060987,0.05166928638792832,0.031172587236718015,0.025602011945928954,0.028934297390757622,0.028230116315624016,0.02096196164728073,0.01667400188619931,0.018157812008802263,0.024721785602011947,0.020697893744105626,0.01858535051870481,0.019339830242062244,0.015743476894058472,0.01410877082678403,0.029248663942156555,0.029148066645708896,0.03601383212826155,0.01799434140207482,0.006790317510216913,0.01077648538195536,0.01091480666457089
26,1500,01500,2601500,77586.0,3933,0.035032093418915784,0.28257675353800943,0.3626556337483567,0.3197355192947181,0.08492511535586317,0.04661923542907225,0.05647926172247571,0.053837032454308764,0.05346325367978759,0.045343232026396514,0.056633928801587914,0.04958368777872296,0.04422189570283298,0.08101977160827985,0.1100714046348568,0.10769984275513624,0.07641842600469156,0.0443507849354265,0.04585878895677055,0.043474338153790634,0.005709793003892454,0.0014564483283066533,0.0016884489469749697,0.004124455442992292,0.0035057871265434487,0.001662671100456268,0.005310236382852576,0.0031577861985409737,0.002732451730982394,0.0017271157167530224,0.0014564483283066533,0.0016497821771969169,0.0005026680071146856,0.0,0.00034800092800247467,0.0,0.03116541644111051,0.008274688732503286,0.010349805377258783,0.011973809707937,0.017593380249013996,0.009834248446884747,0.015621374990333307,0.013017812491944423,0.007230685948495862,0.021485835073337973,0.03941432732709509,0.040264996262212256,0.025610290516330264,0.013004923568685073,0.012334699559198824,0.0054004588456680325,0.025790735441961178,0.016446266078931765,0.02088005568014848,0.013456035882762354,0.01327559095713144,0.014757817131956796,0.017838269790941663,0.013443146959503003,0.015144484829737324,0.02933518933828268,0.03538009434691826,0.03755832237774856,0.033330755548681465,0.02227205939215838,0.027260072693527183,0.026486737297966127,0.02225917046889903,0.02044183228933055,0.02356095171809347,0.024282731420617123,0.019088495347098704,0.019088495347098704,0.017864047637460367,0.019964942128734564,0.019114273193617404,0.028471631479906168,0.0338205346325368,0.0282267419379785,0.016974711932565154,0.009073801974583044,0.005916015776042069,0.011587142010156471
26,1600,01600,2601600,52759.0,6389,0.030478212248147236,0.24386360620936712,0.3691313330427036,0.356526848499782,0.05572508955817965,0.05212380826020205,0.051498322561079626,0.05250289050209443,0.05595253890331507,0.05235125760533748,0.05786690422487158,0.0504748005079702,0.056236850584734356,0.08639284292727308,0.1141606171458898,0.13264087643814326,0.07371254193597301,0.04291210978221725,0.043025834454784966,0.022422714607934192,0.0016679618643264656,0.0006444398112170435,0.001573191303853371,0.0014405125191910386,0.0014026042950018006,0.0027673003658143635,0.0032601072802744555,0.002350309899732747,0.002407172236016604,0.005553554843723346,0.00265357569324665,0.0035254648495991205,0.0006065315870278057,0.00013267878466233248,0.00024640345723004605,0.00024640345723004605,0.012566576318732349,0.009287514926363274,0.008434579882105423,0.011012339126973598,0.0120169070679884,0.008074451752307664,0.011334559032582119,0.011163972023730548,0.013722777156504103,0.02155082545158172,0.03481870391781497,0.03713110559335848,0.02348414488523285,0.014177675846774958,0.010917568566500502,0.004169904660816164,0.020963247976648534,0.018650846301105025,0.011960044731704544,0.015750867150628328,0.016073087056236852,0.016357398737656133,0.0162247199529938,0.014651528649140431,0.020413578725904585,0.028999791504766958,0.0413578725904585,0.05570613544608503,0.035121969711328874,0.02312401675543509,0.023010292082867378,0.010765935669743551,0.020527303398472297,0.023541007221516707,0.02953050664341629,0.024299171705301464,0.026459940484088024,0.025152106749559318,0.02704751795902121,0.022308989935366477,0.019693322466309067,0.030288671127201048,0.03533046494436968,0.036278170549100625,0.014499895752383479,0.00547773839534487,0.00885157034818704,0.00724047082014443
26,1701,01701,2601701,56776.0,2827,0.022914611807806115,0.2614132732140341,0.40097928702268565,0.31469282795547415,0.058686769057348175,0.02885021840214175,0.03323587431309004,0.04501902212202339,0.03674087642665915,0.03857263632520783,0.036917007186134984,0.03733972100887699,0.046216711286459065,0.07846625334648442,0.12788854445540368,0.13852684232774412,0.09553332393969283,0.0635655910948288,0.0783958010426941,0.05604480766521065,0.0016908552909680147,0.0006516838100605889,0.0003522615189516697,0.0013914329998590954,0.0010215584049598422,0.004420882062843455,0.0033817105819360293,0.0,0.0007221361138509229,0.003346484430040862,0.0044032689868958716,0.0011096237846977596,0.0003522615189516697,0.0,7.045230379033395e-05,0.0,0.014477948428913626,0.005248696632379879,0.0016908552909680147,0.013385937720163449,0.009880935606594336,0.005178244328589545,0.008242919543469071,0.007010004227138228,0.012205861631675356,0.015393828378187967,0.03642384105960265,0.047150204311680995,0.028515569959137663,0.02233338030153586,0.020801042694096095,0.013474003099901367,0.023319712554600535,0.011325207834296181,0.013104128505002114,0.012293927011413273,0.007133295758771312,0.012381992391151191,0.013650133859377201,0.01268141468226011,0.01222347470762294,0.029730872199520926,0.04817176271664084,0.052733549387064954,0.04519515288149922,0.032055798224601945,0.043698041425954626,0.031280822882908274,0.019198252782866,0.011624630125405102,0.01808862899816824,0.01794772439058757,0.018705086656333664,0.016591517542623644,0.011642243201352685,0.017648302099478652,0.021065238833309848,0.029995068338734675,0.03888967169226434,0.03753346484430041,0.021470339580104268,0.009176412568690995,0.013826264618853036,0.011289981682401015
26,1702,01702,2601702,53465.0,1961,0.035013560273075846,0.2866735247358085,0.39111568315720563,0.28719723183391005,0.07156083419059198,0.03136631441129711,0.0410361919012438,0.03768820723838025,0.055924436547273915,0.05947816328439166,0.06724025063125409,0.05974001683344244,0.04285046291966707,0.07071916206864304,0.11078275507341251,0.12802768166089964,0.08613111381277472,0.05083699616571589,0.045899186383615447,0.04071822687739643,0.002562424015711213,0.0,0.003535022912185542,0.0005985223978303563,0.0026933507902366033,0.0017768633685588703,0.005555036004862995,0.00246890489105022,0.0015711212943046854,0.001178340970728514,0.004432806508931076,0.0025437201907790143,0.003104834938744973,0.0029926119891517814,0.0,0.0,0.021303656597774244,0.004956513607032638,0.009333208641167118,0.011596371457963153,0.018834751706724027,0.019508089404283176,0.02564294398204433,0.015056579070419901,0.010848218460675208,0.012793416253623867,0.03164687178528009,0.04305620499392126,0.02852333302160292,0.013354531001589825,0.010885626110539606,0.009333208641167118,0.026802581127840643,0.01890956700645282,0.011970447956607125,0.008977835967455345,0.02014401945197793,0.01821752548396147,0.016234920041148414,0.015505470868792668,0.01410268399887777,0.03232020948283924,0.047713457402038716,0.048143645375479285,0.033816515477415134,0.028579444496399514,0.027232769101281213,0.02244458991863836,0.020892172449265875,0.007500233797811652,0.016197512391284016,0.016515477415131395,0.014252314598335359,0.01997568502758814,0.019807350603198354,0.02670906200317965,0.016328439165809408,0.024427195361451416,0.02698961937716263,0.0342841111007201,0.02068643037501169,0.005910408678574768,0.007780791171794632,0.008940428317590947
26,1703,01703,2601703,43013.0,1598,0.024643712366028876,0.35119615000116244,0.36637760677004627,0.2577825308627624,0.1584172227001139,0.06974635575291191,0.060353846511519774,0.07739520610048126,0.06528258898472555,0.07367540046032595,0.0653988329109804,0.04910143445004998,0.040917862041708324,0.10234115267477274,0.08227745100318508,0.0630274568153814,0.03926719828888941,0.01715760351521633,0.022807058331202196,0.012833329458535792,0.01206611954525376,0.0004417269197684421,0.0016506637528189152,0.001022946551042708,0.0023248785250970638,0.001348429544556297,0.0010461953362936786,0.0005812196312742659,0.0009532001952897961,0.0006974635575291191,0.0013019319740543557,0.001208936833050473,0.0,0.0,0.0,0.0,0.06339943737939692,0.022690814404947343,0.023992746379001697,0.020179945597842513,0.023202287680468694,0.024597214795526935,0.022504824122939575,0.014507241996605677,0.016646130239694974,0.03099063073954386,0.029781693906493385,0.023272034036221606,0.02076116522911678,0.006114430521005278,0.007416362495059633,0.0011391904772975613,0.05765698742240718,0.029758445121242413,0.017994559784251272,0.031385860088810356,0.015227954339385768,0.023062794968962873,0.01962197475181922,0.020877409155371632,0.0109269290679562,0.04617208750842768,0.02780554716016088,0.02994443540325018,0.00948550438239602,0.008137074837839722,0.009090275033129518,0.009229767744635343,0.025294678353056054,0.01685536930695371,0.016715876595447886,0.02480645386278567,0.024527468439774023,0.024666961151279844,0.02222583869992793,0.01313556366679841,0.01239160253876735,0.02448097086927208,0.023388277962476462,0.008602050542859136,0.009020528677376608,0.0029060981563713297,0.0063004208030130425,0.0024643712366028874
26,1704,01704,2601704,75216.0,3941,0.024383109976600724,0.2762045309508615,0.38622101680493515,0.31319134226760265,0.04028398213146139,0.031097106998510954,0.040603063178047225,0.03414167198468411,0.04164007657945118,0.041666666666666664,0.05303392895128696,0.047237289938311,0.05275473303552436,0.07821474154435226,0.11601255052116571,0.14667092108062116,0.09388959795788131,0.06558445011699639,0.06910763667304828,0.04806158264199106,0.0029514996809189534,0.0010237183577962135,0.0005318017443097213,0.0012630291427355883,0.0010370134014039566,0.0011300787066581578,0.0025260582854711765,0.00037226122101680493,0.003908742820676452,0.0015289300148904489,0.0038555626462454798,0.0033503509891512446,0.0005849819187406935,0.0003190810465858328,0.0,0.0,0.009785152095298873,0.006687406934694746,0.009705381833652415,0.0038289725590299937,0.007245798766219953,0.00990480748776856,0.012058604552222931,0.01091523080195703,0.016007232503722612,0.020447777068708786,0.0313895979578813,0.05500159540523293,0.028504573495001063,0.017762178259944694,0.025632844075728568,0.011327377153797065,0.014398532227185705,0.011021591150818974,0.011473622633482238,0.010862050627526059,0.014970219102318655,0.011473622633482238,0.018293980004254414,0.014730908317379282,0.017203786428419486,0.02486173154647947,0.03984524569240587,0.05246224207615401,0.047396830461603916,0.037850989151244414,0.03541799617102744,0.023957668581152947,0.01314879812805786,0.012364390555201022,0.01889225696660285,0.018187619655392468,0.018387045309508614,0.01915815783875771,0.02015528610933844,0.021218889597957882,0.015634971282705808,0.03137630291427356,0.040922144224633056,0.03585673261008296,0.017403212082535632,0.009652201659221442,0.008056796426292279,0.012776536907041055
26,1801,01801,2601801,65452.0,3091,0.1358552832610157,0.30622440872700607,0.30938703171790016,0.2485332762940781,0.08256432194585345,0.034880523131455114,0.03451384220497464,0.0477296339302084,0.03480413127177168,0.041847460734584126,0.036102792886390025,0.03173317851249771,0.03371936686426694,0.07122776996883212,0.08756034956914992,0.14014850577522459,0.0904937969809937,0.06954714905579662,0.08526859377864694,0.07785858338935403,0.04264193607529182,0.01552282588767341,0.00953370408849233,0.013368575444600623,0.006646091792458596,0.010053168734339668,0.006859988999572205,0.002673715088920125,0.002765385320540243,0.005316873433966876,0.01231436778096926,0.0042779441422722,0.0014972804497952697,0.0018181262604656848,0.0005652997616573978,0.0,0.012757440567133167,0.006859988999572205,0.00867811526003789,0.008662836888101204,0.00872395037584795,0.011305995233147955,0.011550449184134939,0.012497708244209498,0.011642119415755057,0.029823382020411904,0.0291511336551977,0.04976165739778769,0.03792091914685571,0.022596712094359227,0.02410927091609118,0.02018272932836277,0.014056102181751512,0.0051182545987899526,0.006921102487318951,0.005928008311434333,0.007134999694432561,0.009167023162011855,0.005607162500763919,0.007425288761229603,0.009930941758846177,0.021404999083297682,0.024567622074191775,0.0469351585895007,0.032435983621585285,0.034101326162684104,0.03967793191957465,0.03897512681048707,0.013108843121676953,0.007379453645419544,0.009380920369125465,0.019770213286072237,0.012299089409032574,0.011321273605084642,0.012085192201918964,0.009136466418138483,0.009380920369125465,0.014682515431155656,0.021527226058791177,0.039173745645664,0.01863961376275744,0.011030984538287601,0.020916091181323718,0.018700727250504187
26,1802,01802,2601802,51114.0,1802,0.0880189380600227,0.3945298743984036,0.30269593457761085,0.21475525296396292,0.07710216379074226,0.05851625777673436,0.04519309778142974,0.06536369683452674,0.06765269789098877,0.05419258911452831,0.048499432640763784,0.06188128497084947,0.052392690847908596,0.08897757952811362,0.1244277497358845,0.1322533943733615,0.053253511758031065,0.024161677818210277,0.026763704660171382,0.019368470477755605,0.0078060805258833195,0.008979927221504872,0.008764721993974253,0.012931877763430763,0.007395234182415777,0.001956411159369253,0.000958641468090934,0.004773643228860977,0.0036780529796141955,0.009997261024376883,0.01377313456195954,0.0038150017607700435,0.0026802832883358768,0.0005086669014360058,0.0,0.0,0.02852447470360371,0.014203545017020777,0.015455648159017099,0.018957624134288063,0.028661423484759557,0.02079665062409516,0.022303087216809486,0.03114606565715851,0.020933599405251007,0.0426888914974371,0.047364714168329616,0.057655436866611884,0.019524983370505147,0.008197362757757171,0.014399186132957702,0.0037171812028015806,0.02744844856595062,0.019974957937160073,0.008882106663536409,0.01531869937786125,0.01584693039089095,0.015573032828579254,0.012951441875024455,0.014281801463395548,0.016903392416950346,0.018155495558946667,0.04016512110185076,0.04392143052783973,0.02179442031537348,0.011875415737371366,0.009547286457721954,0.010055953359157961,0.013323159995304612,0.015357827601048637,0.012090620964901985,0.018155495558946667,0.01574910983292249,0.015866494502484643,0.01228626208083891,0.01167977462143444,0.010877646046093047,0.018135931447352975,0.02312477990374457,0.026861525218139844,0.009253824783816566,0.003580232421645733,0.0028172320694917243,0.005595335915796064
26,1900,01900,2601900,76428.0,4642,0.03462081959491286,0.2951928612550374,0.3778981525095515,0.2922881666404982,0.040207777254409376,0.023355314806092008,0.025488041032082482,0.030211440833202492,0.04226199822054744,0.04176479824148218,0.03501334589417491,0.045690061234102686,0.05085832417438635,0.07896320720154917,0.10357460616527973,0.1631077615533574,0.10060449050086356,0.07885853352174596,0.07514261788873187,0.06489768147799235,0.005063589260480453,0.00240749463547391,0.0025906735751295338,0.0012560841576385617,0.0009289789082535196,0.001543936777097399,0.0031663788140472078,0.0018317893965562359,0.0015962736169990055,0.003545820903333857,0.005534620819594913,0.003820589312817292,0.0007981368084995028,0.00019626314963102528,0.00013084209975401686,0.00020934735960642697,0.010375778510493537,0.0022635683257444914,0.004213115612079343,0.0048411576908986235,0.010271104830690323,0.0085439891139373,0.005639294499398127,0.013856178363950384,0.014144030983409222,0.022007641178625633,0.027437588318417333,0.06048830271628199,0.03810121944836971,0.029321714554875176,0.024859998953263202,0.018828178154603026,0.012194483697074371,0.009891662741403674,0.006921547076987491,0.011972052127492541,0.011474852148427278,0.01210289422724656,0.012456167896582404,0.01218139948709897,0.014562725702622075,0.02766001988799916,0.03740775631967342,0.056863976553095726,0.04278536661956351,0.03646569320144449,0.03834981943790234,0.03460773538493746,0.01257392578636102,0.008792589103469932,0.011762704767886115,0.012142146857172765,0.019587062333176322,0.01957397812320092,0.01375150468414717,0.017820693986497094,0.02055529387135605,0.025749725231590515,0.03319464070759408,0.0419348929711624,0.018919767624430837,0.012874862615795258,0.01180195739781232,0.01125242057884545
26,2000,02000,2602000,77840.0,4328,0.027338129496402876,0.29089157245632064,0.3884121274409044,0.29335817060637204,0.05445786228160329,0.044771325796505654,0.04452723535457349,0.05309609455292909,0.05091212744090442,0.0480601233299075,0.04763617677286742,0.045709146968139776,0.04595323741007194,0.0783530318602261,0.10930113052415211,0.13481500513874614,0.07864850976361767,0.05542137718396711,0.058478931140801646,0.04985868448098664,0.0007836587872559096,0.0017728674203494347,0.00316032887975334,0.0022610483042137717,0.0015159301130524153,0.00263360739979445,0.0012076053442959917,0.002183967112024666,0.0015930113052415212,0.004367934224049332,0.0019013360739979445,0.0017857142857142857,0.001682939362795478,8.992805755395684e-05,0.0003982528263103803,0.0,0.012474306269270298,0.01040596094552929,0.009391058581706064,0.011652106885919836,0.012705549845837615,0.010457348406988694,0.01857656731757451,0.01408016443987667,0.013270811921891059,0.023908016443987667,0.04053186022610483,0.0434737923946557,0.026297533401849947,0.016688078108941417,0.014671120246659815,0.012307297019527236,0.024152106885919837,0.014671120246659815,0.011677800616649537,0.015698869475847893,0.017857142857142856,0.01670092497430627,0.014594039054470709,0.013489208633093525,0.016996402877697842,0.02541109969167523,0.03667780061664954,0.04940904419321686,0.03824511819116136,0.03038283658787256,0.033119218910585814,0.02932939362795478,0.017047790339157244,0.01792137718396711,0.020298047276464542,0.023484069886947585,0.01883350462487153,0.01826824254881809,0.013257965056526207,0.015955806783144913,0.01409301130524152,0.024665981500513873,0.030190133607399795,0.0401464542651593,0.012422918807810894,0.008260534429599177,0.010290339157245632,0.008221993833504625
26,2101,02101,2602101,55910.0,2362,0.06218923269540333,0.31826149168306206,0.340082275084958,0.27946700053657664,0.04077982471829726,0.030674297978894653,0.040028617420854944,0.03757825076015024,0.03709533178322304,0.052530853156859236,0.042747272402074765,0.032391343230191376,0.03931318189948131,0.06800214630656412,0.09780003577177607,0.14777320693972457,0.0996065104632445,0.0766946878912538,0.07594348059381148,0.08104095868359865,0.011518511894115542,0.004757646217134681,0.0051869075299588625,0.006242174923984976,0.0003934895367554999,0.002808084421391522,0.005097478089787158,0.0017707029153997496,0.00014308710427472725,0.003022715077803613,0.00751207297442318,0.008066535503487748,0.0027365408692541586,0.000751207297442318,0.0,0.0021820783401895905,0.005812913611160794,0.005043820425684136,0.007225898765873725,0.009837238418887497,0.014326596315507065,0.013199785369343587,0.008477910928277588,0.01246646395993561,0.014362368091575747,0.025773564657485246,0.034680736898587014,0.050527633697013054,0.04090502593453765,0.031103559291718832,0.022393131818994813,0.0221248434984797,0.011751028438561975,0.009604721874441067,0.005008048649615454,0.005151135753890181,0.008925058129136111,0.016759077088177428,0.012788409944553747,0.009729923090681452,0.006492577356465749,0.019495617957431585,0.027311751028438563,0.05483813271328922,0.042389554641387946,0.036880701126810946,0.03419781792165981,0.03875871937041674,0.011697370774458952,0.01126810946163477,0.022607762475406905,0.016347701663387587,0.013450187801824361,0.0197639062779467,0.01638347343945627,0.008424253264174566,0.018315149347165088,0.019710248613843677,0.02829547487032731,0.03434090502593454,0.013575389018064746,0.007959220175281704,0.01935253085315686,0.01797531747451261
26,2102,02102,2602102,50340.0,1856,0.15917759237187126,0.35158919348430673,0.28323400874056415,0.20599920540325783,0.09630512514898688,0.04364322606277314,0.05013905442987684,0.04833134684147795,0.04958283671036949,0.040981326976559394,0.049880810488677,0.057965832340087405,0.03675009932459277,0.09092173222089789,0.10013905442987683,0.09497417560588002,0.08529996027016289,0.045848232022248706,0.05303933253873659,0.056197854588796184,0.028386968613428685,0.016209773539928488,0.021116408422725465,0.013766388557806913,0.003357171235597934,0.008283671036948749,0.010250297973778308,0.003575685339690107,0.005780691299165673,0.02264600715137068,0.012316249503377036,0.003476360746920938,0.00864123957091776,0.0013706793802145411,0.0,0.0,0.028307508939213348,0.009634485498609456,0.009475566150178784,0.009117997616209773,0.024394119984108065,0.01289233214143822,0.015037743345252284,0.028287644020659516,0.01324990067540723,0.02463249900675407,0.045212554628526025,0.03951132300357568,0.03786253476360747,0.017878426698450536,0.014541120381406437,0.021553436630909813,0.026877234803337306,0.006098529996027016,0.0077870480731029,0.009813269765593961,0.01420341676599126,0.01279300754866905,0.013925307906237585,0.016507747318235996,0.00935637663885578,0.02097735399284863,0.024096146205800556,0.024990067540723082,0.026758045292014303,0.019308700834326578,0.025307906237584426,0.02443384982121573,0.012733412793007548,0.011700437028208185,0.011760031783869687,0.015633690901867302,0.007628128724672229,0.007012316249503377,0.01066746126340882,0.009594755661501787,0.008363130711164084,0.022665872069924514,0.01851410409217322,0.02699642431466031,0.01203814064362336,0.007290425109257052,0.013190305919745729,0.01021056813667064
26,2200,02200,2602200,40532.0,3248,0.03098786144281062,0.28964768577913746,0.36753676107766703,0.3118276917003849,0.051810914832724764,0.032665548208822656,0.050848712128688446,0.05062666535083391,0.05795420902003355,0.04788808842396131,0.060470739169051616,0.03885818612454357,0.05057732162242179,0.08746175861048061,0.12444488305536366,0.1444784367906839,0.09599822362577716,0.03809335833415573,0.03631698411131945,0.03150597059113787,0.0012335932103029704,0.0023684989637817034,0.0008141715187999605,0.0005427810125333071,0.0034047172604361985,0.00029606237047271293,0.002294483371163525,0.0018010460870423368,0.006932793841902694,0.003306029803611961,0.002639889470048357,0.004243560643442218,0.0005674528767393664,4.934372841211882e-05,0.0001973749136484753,0.00029606237047271293,0.011447744991611566,0.009325964669890456,0.007376887397611763,0.00962202704036317,0.012631994473502418,0.012483963288266061,0.01924405408072634,0.01255797888088424,0.009819401954011646,0.026522254021513866,0.04191749728609494,0.05889173985986381,0.03286292312247113,0.011225698213757032,0.008585808743708675,0.005131747754860357,0.016974242573768873,0.010164808052896476,0.01722096121582947,0.014605743609987171,0.017097601894799173,0.013964275140629626,0.017689726635744595,0.013026744300799368,0.020576334747853548,0.025782098095332082,0.045790979966446266,0.053710648376591334,0.041596763051416165,0.0201815849205566,0.02037895983420507,0.018775288660811212,0.02215533405704135,0.010806276522254021,0.025436691996447252,0.025856113687950263,0.024819895391295765,0.021143787624592913,0.02124247508141715,0.011472416855817626,0.013248791078653904,0.0318513766900227,0.03409651633277411,0.02763248791078654,0.020971084575150498,0.006636731471429981,0.007154840619757229,0.0073028718049935855
26,2300,02300,2602300,51191.0,3250,0.031392236916645506,0.2630931218378231,0.38401281475259325,0.32150182649293824,0.06977789064483991,0.042038639604618,0.03719403801449474,0.05184505088785138,0.051434822527397395,0.05094645543161884,0.0452813971205876,0.0382879803090387,0.03842472309585669,0.08093219511242211,0.09425484948526108,0.13668418276650193,0.08765212635033502,0.06428864448828896,0.06874255240178938,0.04221445175909828,0.006544119083432634,0.0008595260885702565,0.003750659295579301,0.005606454259537809,0.00042976304428512824,0.0017581215448027974,0.0012502197651931004,0.0,0.0007618526694145455,0.0019143990154519349,0.002090211169932215,0.004512511964993846,0.0005860405149342658,0.00042976304428512824,0.00037115899279170167,0.0005274364634408392,0.013283585005176691,0.008067824422261725,0.004649254751811842,0.005157156531421539,0.01043152116582993,0.014123576409915805,0.015432400226602333,0.008692934304858275,0.010548729268816785,0.02807134066535133,0.028520638393467603,0.04274188822253912,0.026176476333730537,0.02353929401652634,0.0180109784923131,0.0056455236272000935,0.023617432751850912,0.017424937977378836,0.009064093297649978,0.0163895997343283,0.0180109784923131,0.015256588072122053,0.012072434607645875,0.009786876599402238,0.01256080170342443,0.027016467738469652,0.03420523138832998,0.05780312945634975,0.03891309019163525,0.029438768533531286,0.037936356000078136,0.024516028208083452,0.026332753804379674,0.01568635111640718,0.019730030669453613,0.024691840362563732,0.02256255982496923,0.019808169404778184,0.016526342521146296,0.019808169404778184,0.014553339454200934,0.023929987693149187,0.029438768533531286,0.03162665312261921,0.021976519310034966,0.010880818893946202,0.012424058916606435,0.011525463460373893
26,2400,02400,2602400,63652.0,3611,0.03324326022748696,0.2914912335826054,0.3610412869980519,0.3142242191918557,0.07152956702067492,0.04819958524476843,0.05748444667881606,0.05421667818764532,0.05068183246402313,0.05493935775780808,0.04716269716583925,0.03852196317476277,0.04372211399484698,0.07727958273110036,0.09066486520454974,0.11210959592785773,0.08108150568717401,0.044193426757996604,0.06361151259976121,0.06460126940237541,0.002686482749952869,0.0019009614780368252,0.0036133978508138,0.0017595676490919374,0.003739081254320367,0.0027336140262678313,0.0007855212719160435,0.0012568340350656696,0.0015239112675171243,0.0034720040218689124,0.006896876767422862,0.0026079306227612645,9.426255262992522e-05,0.0,0.00017281467982152956,0.0,0.027524665367938163,0.009143467605102746,0.020282159240872243,0.01610318607427889,0.013071073964682964,0.018286935210205493,0.01281970715766983,0.01173568780242569,0.014830641613774901,0.024586815810972162,0.0249167347451769,0.031310877898573494,0.023267140074153207,0.009269151008609313,0.018349776911958778,0.015993213096210646,0.02414692389869918,0.013840884811160687,0.012018475460315465,0.01500345629359643,0.013416703324326023,0.0198736881794759,0.01679444479356501,0.008452208885816628,0.014909193740966505,0.02091057625840508,0.029896939609124616,0.04101992081945579,0.03933890529755546,0.02677056494689876,0.03415446490290957,0.030493935775780807,0.01717149500408471,0.02331427135046817,0.021570414126814555,0.021350468170678063,0.020454973920693773,0.014045120341858857,0.016763023942688367,0.017077232451454784,0.01245836737258845,0.02831018663985421,0.028954314082825363,0.037170866587067176,0.018381197762835418,0.008153710802488532,0.010934456105071325,0.018114120530383963
26,2500,02500,2602500,56665.0,4331,0.031077384628959676,0.2797670519721168,0.3744816024000706,0.3146739609988529,0.05705461925350746,0.04180711197388159,0.04598958792905674,0.04697785228977323,0.055801641224741905,0.0607606106061943,0.04803670696196947,0.05190152651548575,0.05340157063443043,0.08610253242742434,0.1095208682608312,0.12842142415953411,0.080843554222183,0.04734845142504191,0.046183711285626046,0.03984823083031854,0.00446483720109415,0.0018529956763434219,0.001411806229594988,0.0013941586517250508,0.001994176299302921,0.0022765375452219183,0.0010941498279361157,0.0022412423894820435,0.001058854672196241,0.004288361422394776,0.0044471896232242125,0.0028942027706697258,0.000652960381187682,0.00028236124591899764,0.0007235506926674314,0.0,0.014171005029559694,0.00852378011117974,0.007959057619341745,0.011488573193329216,0.013553339804111886,0.023753639812935674,0.01678284655431042,0.014029824406600194,0.016024000705903114,0.026824318362304773,0.0325068384364246,0.03589517338745257,0.027724344833671578,0.012318009353216272,0.01325333098032295,0.004958969381452395,0.021353569222624196,0.01605929586164299,0.012282714197476396,0.011312097414629843,0.01699461748874967,0.015247507279625871,0.013553339804111886,0.0165357804641313,0.017029912644489543,0.02352422130062649,0.04006000176475779,0.05703697167563752,0.03783640695314568,0.027441983587752582,0.025606635489279096,0.022606547251389747,0.01706520780022942,0.015371040324715432,0.024336009882643606,0.02278302303008912,0.02325950763257743,0.019482925968410836,0.016606370775611046,0.019094679255272213,0.019288802611841526,0.031465631342098295,0.0325068384364246,0.03259507632577429,0.014629842054178064,0.007306097238154063,0.006600194123356569,0.012282714197476396
26,2600,02600,2602600,62033.0,2969,0.03220866313091419,0.2940048038947012,0.37842761111021556,0.29535892186416907,0.0677703802814631,0.03870520529395644,0.046201215482082114,0.04370254541937356,0.04115551400061258,0.057485531894314316,0.047668176615672304,0.04873212644882562,0.052617155385036994,0.06972095497557751,0.0986410458949269,0.15485306207986071,0.07810359002466429,0.05669562974545806,0.0505859784308352,0.04736188802734029,0.002917801815162897,0.001466961133590186,0.003917269840246321,0.005174665097609337,0.0010317089291183724,0.006673867135234472,0.00017732497219222028,0.002176261022359067,0.0006609385327164573,0.001386358873502813,0.004288040236648236,0.0018216110779746264,1.612045201747457e-05,0.0004997340125417116,0.0,0.0,0.01968307191333645,0.010703980139603114,0.011493882288459368,0.009849596182676962,0.00973675301855464,0.011977495848983605,0.015959247497299826,0.013750745570905809,0.015298308964583366,0.02095658762271694,0.03220866313091419,0.04649138361839666,0.03211194041880935,0.01620105427756194,0.01650734286589396,0.01107475053600503,0.02110167169087421,0.017152160946592943,0.010349330195218673,0.012235423081263198,0.01460512952783196,0.016523463317911435,0.015910886141247402,0.01231602534135057,0.019957119597633518,0.021520803443328552,0.033337094772137414,0.06619057598375058,0.03304692663582287,0.02900069317943675,0.027888381990231005,0.02729192526558445,0.02406783486208953,0.0093821030741702,0.020440733158157753,0.01644286105782406,0.015781922525107604,0.022310705592184805,0.015620718004932858,0.020489094514210177,0.016700788290103654,0.02585720503602921,0.028807247755227056,0.04034949139973885,0.012928602518014604,0.010994148275917657,0.006190253574710235,0.00899521222575081
26,2701,02701,2602701,43662.0,2134,0.018437084879300077,0.25042370940405845,0.4089826393660391,0.32215656635060236,0.023269662406669413,0.023269662406669413,0.01726902111676057,0.026292886262654025,0.0182309559800284,0.029178690852457514,0.031056754156932802,0.026407402317804956,0.0325683660849251,0.05961705831157528,0.10991250973386468,0.11797444001649031,0.11160734735009849,0.08364252668224086,0.12083734139526361,0.16886537492556455,0.000687096330905593,0.00016032247721130502,0.0041912876185241175,0.0,0.0014199990838715587,0.001855160093445101,0.0015116119279923045,0.0033667720214374053,0.0019009665155054738,0.000687096330905593,0.0010535477073885758,0.0008932252301772709,0.0007099995419357794,0.0,0.0,0.0,0.00359580413173927,0.005107416059731575,0.004282900462644863,0.005909028445788099,0.0018322568824149146,0.009184187623104759,0.005565480280335303,0.0050387064266410155,0.004786771105308964,0.016352892675553114,0.030163528926755532,0.030461270670147953,0.03559158994090972,0.020750309193348908,0.03582062205121158,0.03598094452842288,0.012115798634968623,0.010924831661398928,0.0017635472493243553,0.006206770189180523,0.003549997709678897,0.004718061472218405,0.011978379368787505,0.007718382117172828,0.010512573862855572,0.016078054143190874,0.02638449910677477,0.043493197746324035,0.05093674133113463,0.039943200036645136,0.06623608629929917,0.09642251843708488,0.00687096330905593,0.007077092208327608,0.0070312857862672344,0.014177087627685402,0.011428702304063029,0.01342128166368925,0.01200128257981769,0.010283541752553709,0.015368054601255095,0.026499015161925703,0.05231093399294581,0.043126746369841054,0.024369016536118365,0.022949017452246805,0.018780633044752873,0.0364619119600568
26,2702,02702,2602702,50345.0,2001,0.21827391002085608,0.34557552885092857,0.2376402820538286,0.19851027907438673,0.11681398351375509,0.03458138841990267,0.02141225543748138,0.029277981924719435,0.03736220081438077,0.03154235773165161,0.03170126129705035,0.03474029198530142,0.032773860363491905,0.07112920846161486,0.06840798490416129,0.10112225643062867,0.09313735226934154,0.056013506803058895,0.08733737213228722,0.15264673751117291,0.07468467573741186,0.021789651405303406,0.006256827887575728,0.007726685867514152,0.010110239348495382,0.010229417022544443,0.007806137650213527,0.008541066640182738,0.009951335783096633,0.011063660740887873,0.012255437481378488,0.017618432813586254,0.005641076571655576,0.007448604628066342,0.0038335485152448108,0.0033171119276988775,0.022405402721223558,0.004012315026318403,0.005243817658158705,0.012632833449200517,0.014162280266163473,0.009236269738802264,0.01104379779521303,0.009295858575826795,0.010308868805243818,0.029377296653093653,0.02846360115205085,0.031820438971099416,0.04240738901579104,0.017856788161684376,0.04788956202204787,0.049419008839010826,0.008958188499354454,0.0027212235574535703,0.005343132386532922,0.004707518124937928,0.006177376104876353,0.0035157413844473136,0.008163670672360712,0.013069818254047075,0.0069917568775449395,0.010686264773065845,0.011182838414936936,0.024292382560333697,0.019664316218095144,0.018333498857880624,0.022028006753401528,0.07180454861455954,0.01076571655576522,0.006058198430827291,0.004568477505214023,0.004210944483066839,0.006912305094845566,0.008560929585857583,0.004687655179263085,0.0038335485152448108,0.005521898897606515,0.020001986294567484,0.016506107855795014,0.027391002085609295,0.02542457046379978,0.01237461515542755,0.013586254841593008,0.028106068129903666
26,2703,02703,2602703,55249.0,2509,0.08369382251262467,0.3853825408604681,0.33334539991674056,0.1975782367101667,0.059693388115622005,0.04552118590381726,0.024851128527213162,0.03811833698347481,0.0521276403192818,0.04638997990913863,0.042932903762964034,0.031059385690238736,0.047856069793118426,0.07801046172781408,0.08715089865879926,0.1372694528407754,0.07853535810602907,0.06698763778529929,0.0711868088110192,0.09230936306539485,0.012235515574942533,0.009683433184311028,0.0030407790186247714,0.0043439700266068165,0.011602019946062372,0.004235370775941646,0.005248963782149904,0.002479682890188058,0.004959365780376116,0.0041991710257199225,0.008905138554543973,0.008651740302991909,0.0019909862621947908,0.0014841897590906622,0.0006334956288801607,0.0,0.025014027403210917,0.012814711578490108,0.00812684392477692,0.0156563919708954,0.020199460623721695,0.023728936270339736,0.014154102336693878,0.010968524317182211,0.01878767036507448,0.02921319842893084,0.03536715596662383,0.0611594779996018,0.030606888812467193,0.03053448931202375,0.025593223406758493,0.023457438143676807,0.012036416948723054,0.011493420695397202,0.008525041177215878,0.009375735307426379,0.009466234682980688,0.010751325815851871,0.011692519321616681,0.009466234682980688,0.01408170283625043,0.022461945012579414,0.024742529276547992,0.04727687378957085,0.030389690311136853,0.024742529276547992,0.03553005484262159,0.051313145939293016,0.010407428188745498,0.011529620445618925,0.005158464406595595,0.008742239678546218,0.010859925066517041,0.007674347047005376,0.011837318322503575,0.008144943799887781,0.010027330811417401,0.022136147260583904,0.01813607486108346,0.020181360748610835,0.015547792720230231,0.01022642943763688,0.009430034932758964,0.01753877898242502
26,2800,02800,2602800,75722.0,3982,0.019796096246797495,0.26428250706531786,0.4186894165500119,0.2972319801378727,0.01867356910805314,0.020258313303927526,0.024127730382187476,0.02996487150365812,0.029225324212250072,0.030770449803227597,0.03363619555743377,0.034072000211299226,0.033939938194976364,0.06519901745859856,0.08882491217875914,0.15085444124560893,0.1057288502680859,0.09095111064155728,0.12813977443807612,0.11563350149230078,0.0006735162832466126,0.0,0.0003169488391748765,0.000937640315892343,0.0016903938089326749,0.0009772589207892026,0.0007263410897757587,0.0018356620268878264,0.0003565674440717361,0.0016903938089326749,0.002403528697076147,0.006299358178600671,0.0015583317926098096,0.00033015504080716304,0.0,0.0,0.002548796915031299,0.002377116293811574,0.0020469612530044107,0.0025752093182958716,0.003843004674995378,0.005876759726367502,0.008900979900161116,0.00668233802593698,0.007091730276537862,0.015292781490187791,0.021750614088375902,0.04463696151712844,0.036700034336124246,0.03297588547581944,0.04302580491798949,0.027957528855550567,0.0055069860806634795,0.0071445550830670085,0.009059454319748554,0.010512136499300072,0.0077916589630490475,0.00941602176382029,0.010895116346636381,0.0097990016111566,0.010314043474815774,0.02132801563614273,0.03244763741052798,0.05462084995113706,0.04665751036686828,0.04445207469427643,0.06931935236787196,0.06942500198093024,0.00994426982911175,0.010736641927048943,0.012704365970259634,0.015939885370169833,0.015900266765272973,0.0145004093922506,0.013113758220860515,0.01575499854731782,0.01617759699955099,0.026887826523335358,0.03222313198277911,0.04529727159874277,0.020812973772483558,0.013192995430654235,0.01579461715221468,0.018250970655819973
26,2901,02901,2602901,54793.0,2302,0.022119613819283485,0.2747431241216944,0.4299089299728067,0.2732283320862154,0.03407369554505137,0.02549595751282098,0.028580293103133612,0.026061723212819157,0.038107057470844814,0.0341831985837607,0.024565181683791727,0.032358147938605294,0.031044111474093406,0.06028142280948296,0.0880586936287482,0.13477999014472652,0.10253134524483054,0.08833245122552151,0.11800777471574836,0.13353895570602084,0.0035223477451499278,0.0008212727903199314,0.0007300202580621612,0.0008577738032230394,0.0020623072290256055,0.0,0.0007847717774168233,0.0,0.0016425455806398628,0.0017337981128976328,0.004544376106436954,0.0025733214096691184,0.0008577738032230394,0.001770299125800741,0.00021900607741864837,0.0,0.006807438906429653,0.005347398390305331,0.007117697516106072,0.0019528041903162812,0.007756465241910463,0.007665212709652693,0.005256145858047561,0.006442428777398573,0.003558848758053036,0.01376088186447174,0.020769076341868486,0.04219517091599292,0.03286916211924881,0.03690252404504225,0.040826382932126364,0.03551548555472414,0.011023305896738635,0.005274396364499115,0.010202033106418703,0.012866607048345592,0.012848356541894038,0.014928914277371197,0.008230978409650867,0.013067362619312685,0.00792071979997445,0.02272188053218477,0.02522219991604767,0.05325497782563466,0.04882010475790703,0.036190754293431646,0.06283649371270053,0.08449984487069516,0.012720602996733159,0.014052889967696604,0.010530542222546676,0.010384538170934243,0.01543992845801471,0.011589071596736809,0.010293285638676474,0.012848356541894038,0.017921997335426057,0.022064862299928822,0.03752304126439509,0.03675651999342982,0.019984304564451664,0.013468873761246874,0.01412589199350282,0.013523625280601536
26,2902,02902,2602902,53010.0,2457,0.026202603282399546,0.2746085644218072,0.4330880965855499,0.26610073571024334,0.026843991699679305,0.014110545180154688,0.016468590831918505,0.01626108281456329,0.027598566308243727,0.029975476325221656,0.03652141105451802,0.020184870779098283,0.027994717977740047,0.04529334087907942,0.10211280890398038,0.11980758347481607,0.10003772873042822,0.10360309375589512,0.1331258253159781,0.18006036596868516,0.0024712318430484812,0.00032069420863987925,0.0013205055649877383,0.00032069420863987925,0.005263157894736842,0.0021882663648368234,0.004263346538388983,0.000415016034710432,0.0,0.0042067534427466515,0.0035087719298245615,0.00173552159969817,5.659309564233164e-05,0.0,0.0,0.0001320505564987738,0.005357479720807395,0.00448971892095831,0.0026410111299754765,0.003999245425391436,0.004999056781739295,0.0020562158083380494,0.011544991511035654,0.0053197509903791735,0.0037162799471797776,0.009394453876627051,0.021637426900584796,0.03976608187134503,0.03671005470665912,0.03967176004527448,0.036445953593661574,0.046859083191850594,0.008677607998490851,0.0031314846255423505,0.0058290888511601585,0.006262969251084701,0.007451424259573665,0.005395208451235616,0.007564610450858328,0.004753820033955857,0.010450858328617241,0.014582154310507451,0.035653650254668934,0.043689869835880024,0.043689869835880024,0.05155631013016412,0.07630635729107715,0.10809281267685342,0.010337672137332578,0.006168647425014148,0.006677985285795133,0.005678173929447274,0.009884927372193925,0.020335785700811168,0.01314846255423505,0.00969628372005282,0.01382757970194303,0.017109979249198264,0.041312959818902095,0.03461611016789285,0.019581211092246746,0.012375023580456517,0.02037351443123939,0.024976419543482363
26,2903,02903,2602903,68003.0,3098,0.020146170021910798,0.296178109789274,0.4025263591312148,0.2811493610576004,0.0338955634310251,0.01863153096186933,0.015984588915194917,0.02339602664588327,0.02046968516094878,0.02088143170154258,0.02292545917091893,0.02517535991059218,0.02988103466023558,0.05364469214593474,0.07733482346367072,0.13897916268399924,0.10621590223960707,0.09390762172257107,0.12825904739496788,0.19041806979103862,0.0006470302780759672,0.00026469420466744114,0.0008676087819655015,0.0,0.000617619810890696,0.0011764186874108494,0.0008381983147802303,0.00029410467185271235,0.0015146390600414687,0.0023087216740437923,0.005543873064423628,0.004955663720718204,0.0,0.0,0.0008529035483728659,0.00026469420466744114,0.008602561651691838,0.0029851624193050308,0.003132214755231387,0.005911503904239519,0.005043895122274017,0.003352793259120921,0.006220313809684867,0.005323294560534094,0.00654382894872285,0.018352131523609254,0.0208079055335794,0.04311574489360764,0.04463038395364911,0.04043939237974795,0.03870417481581695,0.043012808258459184,0.012278870049850742,0.003632192697380998,0.0028969310177492168,0.005411525962089908,0.004235107274679058,0.0045733276473096775,0.004264517741864329,0.005514462597238357,0.009558401835213153,0.013440583503668956,0.02674881990500419,0.043351028631089805,0.03885122715174331,0.040659970883637486,0.06715880181756687,0.11995059041512875,0.012367101451406556,0.01174948164051586,0.009087834360248813,0.012072996779553842,0.01057306295310501,0.01177889210770113,0.011602429304589504,0.014043498080967016,0.012264164816258106,0.019543255444612738,0.0242342249606635,0.047556725438583594,0.022734291134214667,0.012808258459185625,0.021543167213211183,0.02718997691278326
26,2904,02904,2602904,67602.0,2435,0.04567912191946984,0.3375935623206414,0.36833229786101,0.24839501789887874,0.08371054110825124,0.05007248306263128,0.03661134285967871,0.042661459720126624,0.05348954172953463,0.04551640484009349,0.05304576787669004,0.037558060412413836,0.04706961332504955,0.08390284311115055,0.09446466080885181,0.12603177420786368,0.08871039318363362,0.05100440815360492,0.05567882607023461,0.050471879530191416,0.005576758084080352,0.0036389455933256414,0.004127096831454691,0.000384604005798645,0.004999852075382385,0.0036389455933256414,0.0055323806987958935,0.0011686044791574214,0.0016863406408094434,0.0056507203928877845,0.002721812964113488,0.003209964202242537,0.0033430963580959143,0.0,0.0,0.0,0.029570131061211206,0.01247004526493299,0.010620987544747197,0.010192006153664094,0.016330877784680925,0.017884086269636994,0.016064613472974172,0.01141978047986746,0.015310197923138369,0.028224017040915948,0.03316469926925239,0.04921452028046507,0.034200171592556436,0.020147332919144403,0.020783408774888316,0.011996686488565427,0.034067039436703056,0.01640484009348836,0.008047099198248572,0.010339930771278956,0.014082423596935002,0.012617969882547854,0.01275110203840123,0.010916836779976924,0.018002425963728884,0.026582053785390965,0.03508771929824561,0.054169994970563004,0.03325345403982131,0.023135410194964647,0.02554658146208692,0.033327416348628736,0.014496612526256619,0.017558652110884292,0.013816159285228247,0.02174491878938493,0.018076388272536315,0.011375403094583,0.018697671666518742,0.014052838673412029,0.012070648797372859,0.02344605189195586,0.023490429277240318,0.01943729475459306,0.017913671193159966,0.007721665039495873,0.009348835833259371,0.005147776692997249
26,2905,02905,2602905,56500.0,2117,0.01808849557522124,0.33838938053097345,0.4003716814159292,0.2431504424778761,0.03265486725663717,0.01831858407079646,0.025398230088495576,0.03201769911504425,0.028106194690265488,0.029044247787610618,0.035646017699115046,0.03102654867256637,0.03332743362831858,0.06612389380530974,0.09097345132743363,0.13109734513274338,0.09996460176991151,0.084,0.10578761061946902,0.15651327433628318,0.00033628318584070794,0.001504424778761062,0.001168141592920354,0.0015398230088495574,0.0022300884955752213,0.001327433628318584,0.0015398230088495574,0.0,0.0012035398230088497,0.001504424778761062,0.002336283185840708,0.0022831858407079647,0.00033628318584070794,0.0007787610619469027,0.0,0.0,0.010991150442477875,0.0038938053097345134,0.006,0.004672566371681416,0.006831858407079646,0.012831858407079646,0.012141592920353982,0.00808849557522124,0.015539823008849558,0.02031858407079646,0.034,0.05493805309734513,0.03872566371681416,0.0255929203539823,0.04194690265486726,0.04187610619469027,0.011893805309734513,0.006017699115044248,0.007345132743362832,0.009964601769911504,0.003185840707964602,0.006743362831858407,0.00736283185840708,0.009504424778761062,0.006247787610619469,0.020548672566371683,0.026513274336283185,0.044530973451327435,0.042176991150442475,0.043398230088495575,0.05401769911504425,0.10092035398230088,0.00943362831858407,0.006902654867256637,0.01088495575221239,0.01584070796460177,0.015858407079646017,0.008141592920353982,0.014601769911504425,0.01343362831858407,0.010336283185840707,0.02375221238938053,0.028123893805309736,0.029345132743362833,0.01872566371681416,0.014230088495575222,0.009823008849557523,0.013716814159292035
26,2906,02906,2602906,61507.0,3102,0.010047636854341782,0.23800543027622872,0.40822995756580555,0.343716975303624,0.033914838961419023,0.014827580600582048,0.017233810785764223,0.018014209764742224,0.028224429739704425,0.015250296714195132,0.025801941242460207,0.0279805550587738,0.027216414391857836,0.03680881850846245,0.06956931731347651,0.09631424065553514,0.08018599508998976,0.08082006926040938,0.11408457573934674,0.3137529061732811,0.0,0.0012031150925910872,0.0,0.0,0.0018046726388866309,0.0,0.0,0.0011705984684670038,0.0,0.0009917570357845448,0.0030240460435397598,0.0,0.0009429820995984197,0.00022761636886858407,0.0005365242980473767,0.00014632480855837548,0.0072512071796706065,0.0020648056318792983,0.004682393873868015,0.0029752711073536345,0.005462792852846018,0.003251662412408344,0.0022273887524997156,0.003170370852098135,0.005690409221714602,0.007267465491732648,0.013591948883866877,0.02450127627749687,0.022550278830051864,0.025200383696164664,0.030711951485196808,0.07740582372738063,0.013266782642626042,0.005430276228721934,0.004763685434178224,0.003950769831076137,0.010632936088575283,0.003723153462207554,0.010047636854341782,0.00916968800299153,0.011478368315801454,0.010925585705692036,0.024485017965434827,0.026988798022989254,0.025493033313281416,0.03558944510380932,0.049018810867055784,0.16326596972702295,0.013396849139122376,0.006129383647389728,0.007787731477717983,0.011088168826312451,0.010324028159396492,0.008275480839579234,0.013526915635618711,0.01446989773521713,0.010047636854341782,0.017624010275253222,0.02846830442063505,0.04482416635504902,0.03119970084705806,0.019802624091566814,0.03381728908904678,0.07293478791031915
26,2907,02907,2602907,77346.0,2801,0.02680164455821891,0.31397874486075555,0.3380394590541205,0.3211801515269051,0.05699066532205932,0.0367827683396685,0.03674398158922246,0.03329196079952421,0.039226333617769504,0.02929692550358131,0.03302045354640188,0.029542574923072946,0.037687792516742945,0.0875675535903602,0.09894500038786751,0.12468647376722779,0.09588084710262974,0.0752204380317017,0.09778139787448607,0.08733483308768392,0.003219300287021953,0.0013058205983502702,0.000736948258474905,0.0010343133452279368,0.002016911023194477,0.0006076590903214129,0.0011506735965660798,0.002391849610839604,0.0004007964212758255,0.002223773692240064,0.00228841827631681,0.004137253380911747,0.003400305122436842,0.0012153181806428257,0.0006723036743981589,0.0,0.0130840638171334,0.0038916039614201123,0.008946810436221654,0.003568381041036382,0.012864272231272464,0.007434127168825796,0.006425671657228557,0.009257104439790035,0.012644480645411528,0.03180513536575905,0.029852868926641327,0.04971168515501771,0.03749385876451271,0.02163007783207923,0.041178600056887234,0.024190003361518372,0.014454528999560417,0.0114550202983994,0.00818400434411605,0.01243761797636594,0.006839396995319732,0.008791663434437463,0.015256121842112069,0.007162619915703462,0.01438988441548367,0.023634059938458355,0.029051276084089674,0.039562485454968585,0.03303338246321723,0.03130090760996044,0.04075194580198071,0.04173454347994725,0.026232772218343546,0.02013032348149872,0.018876218550409846,0.016251648436893956,0.01750575336798283,0.012463475809996639,0.010187986450495177,0.010731000956739845,0.010252631034571923,0.029904584593902724,0.03775243710081969,0.031275049776329736,0.02195330075246296,0.021074134409019212,0.015178548341219972,0.021410286246218293
26,2908,02908,2602908,89918.0,3594,0.0385239885228764,0.4138770880135234,0.3205809737761071,0.22701794968749306,0.0506906292399742,0.0304166017927445,0.03388642985831535,0.03151760492893525,0.03833492737827799,0.03107275517693899,0.03795680508908116,0.03454258324250984,0.04977868724838186,0.07233256967459241,0.1020596543517427,0.13674681376365133,0.11365911163504526,0.07313329922818568,0.08165217197891413,0.08221935541270936,0.0019128539335839321,0.002101915078182344,0.0028025534375764587,0.001590337863386641,0.004003647767966369,0.001623701594786361,0.0020574301029827177,0.00046709223959607644,0.00015569741319869214,0.004837741052959363,0.00973108832491826,0.0034142218465713207,0.00033363731399719746,0.0020018238839831846,0.0008563357725928067,0.0006339108965946751,0.01346782624168687,0.0033697368713716943,0.007862719366533953,0.0050156809537578685,0.012111034498098267,0.008418781556529283,0.011910852109699948,0.013456704997886964,0.02173091038501746,0.029749327164750105,0.042082786538846506,0.06428078916346004,0.059131653284103296,0.038112502502279856,0.04472964256322427,0.03844613981627705,0.014713405547276407,0.007529082052536756,0.009686603349718633,0.009542027180319847,0.008174114192931337,0.00839653906892947,0.011955337084899575,0.011488244845303499,0.013490068729286684,0.023287884517004382,0.030405480548944593,0.04519673480282035,0.03961387041526725,0.025979225516581776,0.02683556128917458,0.03428679463511199,0.02059654351742699,0.017415867790653707,0.013534553704486309,0.015369558931470895,0.014046130919282012,0.012633732956693877,0.012033185791498922,0.009130541159723303,0.014402010720879023,0.014457616939878556,0.01984029893903334,0.023855067950799617,0.014579950621677528,0.007039747325340866,0.009230632353922463,0.008852510064725639
26,3001,03001,2603001,48818.0,1888,0.012946044491785817,0.28413699864803965,0.4243107050678029,0.27860625179237164,0.03892007046581179,0.022204924413126305,0.03211930025810152,0.02658855340243353,0.029640706296857715,0.029517800811176206,0.038223606046949896,0.03129993035355812,0.030542013191855462,0.07540251546560695,0.08646400917694293,0.1560694825679053,0.11057396861813265,0.0880208119955754,0.11235609816051456,0.09205620877545168,0.0007374329140890655,0.0007784014093162358,0.0017206767995411529,0.0,0.0008193699045434061,0.0017001925519275678,0.0,0.002007456266131345,0.0011676021139743536,0.0003072637142037773,0.001454381580564546,0.001208570609201524,0.0010446966282928428,0.0,0.0,0.0,0.011122946454176738,0.004772829693965341,0.008808226473841616,0.0013519603424966202,0.009013068949977467,0.005551231103281576,0.012966528739399403,0.006411569503052153,0.008685320988160106,0.016674177557458314,0.033204965381621536,0.04682699004465566,0.036236634028432135,0.03244704821991888,0.031340898848785284,0.01872260231881683,0.018456307099840225,0.00929984841656766,0.007640624359867262,0.005940431807939695,0.002642467942152485,0.008275636035888401,0.010201155311565405,0.00659592773157442,0.010836166987586547,0.02675242738334221,0.024519644393461427,0.0713261501905035,0.04662214756851981,0.044450817321479784,0.068437871276988,0.062313081240526036,0.008603383997705764,0.0073538448932770695,0.01394977262485149,0.019296161251997214,0.017165799500184358,0.01399074112007866,0.015055921995985088,0.016284976852800198,0.009852923102134458,0.03166864681060265,0.027285017821295422,0.03670777172354459,0.02667049039288787,0.011122946454176738,0.012577328034741283,0.011020525216108813
26,3002,03002,2603002,66450.0,2249,0.016629044394281416,0.28099322799097065,0.41193378480060194,0.290443942814146,0.033017306245297216,0.01691497366440933,0.028201655379984952,0.022964635063957864,0.025011286681715577,0.02994732881866065,0.037953348382242284,0.02961625282167043,0.03214446952595937,0.06568848758465011,0.0999849510910459,0.1289992475545523,0.11742663656884876,0.10416854778028593,0.12306997742663657,0.10489089541008277,0.0016102332580887886,0.0004815650865312265,0.0008878856282919488,0.0,0.001474793077501881,0.000526711813393529,0.0006922498118886381,0.0008276899924755455,0.003130173062452972,0.000526711813393529,0.0027689992475545522,0.0028442437923250565,0.0005869074492099323,0.0002708803611738149,0.0,0.0,0.008592927012791572,0.0017908201655379985,0.002874341610233258,0.0040331075996990215,0.0077501881113619265,0.008352144469525959,0.00636568848758465,0.007900677200902935,0.011226486079759217,0.018374717832957112,0.030985703536493603,0.04120391271632807,0.03900677200902935,0.023355906696764486,0.040857787810383746,0.028322046651617756,0.012114371708051167,0.00490594431903687,0.007479307750188111,0.008096313017306246,0.004589917231000752,0.005598194130925508,0.017547027840481566,0.008502633559066967,0.005613243039879609,0.016057185854025584,0.030474040632054177,0.04744920993227991,0.058344620015048906,0.05751693002257336,0.06218209179834462,0.0654627539503386,0.010699774266365689,0.009736644093303236,0.016960120391271632,0.010835214446952596,0.011196388261851016,0.01547027840481565,0.013348382242287434,0.012385252069224981,0.012174567343867569,0.030729872084273892,0.035756207674943565,0.03750188111361926,0.01948833709556057,0.023024830699774266,0.020030097817908203,0.011106094808126412
26,3003,03003,2603003,51407.0,1923,0.019394245919816366,0.29497928297702647,0.3952769078141109,0.29034956328904626,0.045032777637286754,0.023985060400334584,0.04394343182835023,0.04536347190071391,0.0440990526581983,0.04561635574921703,0.03697939969264886,0.0360262221098294,0.04376835839477114,0.07977512790086953,0.09236096251483261,0.15243060283618962,0.09743809208862607,0.08907347248429202,0.06917345886746941,0.05493415293637054,0.0005835781119302818,0.002314859843990118,0.0,0.0008170093567023947,0.0019258077693699303,0.0022565020327970898,0.0004668624895442255,0.0004668624895442255,0.001575660902211761,0.0,0.004376835839477114,0.003190227011885541,0.001089345808936526,0.0,0.0003306942634271597,0.0,0.010912910693096271,0.0026066488999552592,0.011360320578909486,0.009162176357305426,0.015659346003462565,0.010835100278172234,0.009239986772229463,0.00803392534090688,0.008773124282685238,0.031707744081545315,0.025696889528663412,0.05923317836092361,0.0283618962398117,0.027447623864454256,0.02285680938393604,0.013091602310969324,0.013655727819168595,0.006497169646157138,0.014317116346022915,0.01735172252806038,0.012274592954266928,0.014239305931098878,0.015678798607193574,0.01351955959305153,0.014531094987064019,0.02476316454957496,0.03028770400918163,0.05419495399459218,0.047133658840235765,0.050654580115548464,0.03462563464119672,0.03155212325169724,0.019880561013091602,0.01256638201023207,0.018265994903417824,0.01803256365864571,0.014239305931098878,0.018285447507148833,0.0115937518236816,0.014005874686326764,0.018888478222810125,0.023304219269749255,0.03199953313751046,0.0358122434687883,0.020853191199642074,0.010971268504289299,0.011360320578909486,0.01029042737370397
26,3004,03004,2603004,69883.0,2565,0.037205042714250965,0.29905699526351187,0.3576549375384571,0.30608302448378005,0.06370648083224818,0.039551822331611405,0.04298613396677303,0.04248529685331196,0.03813516878210724,0.06004321508807579,0.04428831046177182,0.05009802097792024,0.04374454445287123,0.06791351258532118,0.11859822846758153,0.1399625087646495,0.07524004407366598,0.06724095989010202,0.054934676530772865,0.05107107594121603,0.005824020147961593,0.0012592475995592634,0.001345105390438304,0.0018602521357125481,0.0015597498676359056,0.005380421561753216,0.002232302562855058,0.000672552695219152,0.00021464447719760172,0.0033770731079089335,0.004922513343731665,0.004335818439391554,0.0007297912224718458,0.0013880342858778245,0.002103515876536497,0.0,0.012477998941087245,0.005866949043401113,0.007741510810926834,0.011733898086802226,0.01133322839603337,0.016370218794270423,0.01240645078202138,0.013765865804272855,0.006668288424938826,0.02288110126926434,0.04959718386445917,0.05171500937280884,0.02614369732266789,0.026945036704205602,0.010689294964440564,0.012721262681911195,0.026630224804315785,0.015325615671908762,0.014295322181360273,0.011275989868780676,0.013179170899932745,0.014924945981139906,0.013765865804272855,0.012721262681911195,0.017443441180258434,0.022394573787616445,0.031910478943376785,0.05048438103687592,0.030279180916675013,0.025385286836569695,0.02980696306684029,0.027832233876622356,0.01877423693888356,0.01710001001674227,0.019604195584047624,0.017615156762016512,0.012063019618505215,0.02336762875091224,0.015883691312622527,0.022938339796517035,0.019418170370476367,0.01926076442053146,0.03216805231601391,0.03342729991557317,0.018087374611851236,0.013522602063448907,0.012334902622955512,0.010517579382682484
26,3005,03005,2603005,62089.0,2872,0.019697530963616743,0.33031615906199163,0.3685354893781507,0.2814508205962409,0.059044275153408814,0.03166422393660713,0.03915347324002642,0.04195590201162847,0.04875259707838748,0.04364702282207798,0.055790880832353555,0.056370693681650534,0.04946125722752823,0.08933949652917586,0.11235484546376975,0.14941455008133486,0.10747475398218687,0.053181723010517164,0.035819549356568794,0.02657475559277811,0.0010629902237111243,0.00016105912480471581,0.0004831773744141474,0.00025769459968754527,0.0011596256985939538,0.0005959187617774485,0.003188970671133373,0.0027541110341606405,0.0005959187617774485,0.0014495321232424422,0.00346277118330139,0.0035916184831451627,0.00016105912480471581,0.00032211824960943163,0.00028990642464848845,0.00016105912480471581,0.019987437388265233,0.004719032356778174,0.009486382450997762,0.007489249303419285,0.011435197861134823,0.009856818438048608,0.016363607080159128,0.012643141297170191,0.01373834334584226,0.02976372626391148,0.046819887580730885,0.058625521428916555,0.04661051071848476,0.021678558198714747,0.01111307961152539,0.00998566573789238,0.01935930680152684,0.014994604519319043,0.012659247209650663,0.012176069835236515,0.014124885245373576,0.013303483708869525,0.01708837314178035,0.021759087761117107,0.02077662709980834,0.03504646555750616,0.034241169933482585,0.05738536616792024,0.04300278632285912,0.022564383385140684,0.018183575190452415,0.011870057498107555,0.01863454073990562,0.011789527935705197,0.01652466620496384,0.022032888273285124,0.022032888273285124,0.019890801913382404,0.01914992993928071,0.019214353589202596,0.014350368020100179,0.023079772584515774,0.027831016766254893,0.029812044001352896,0.017700397816038268,0.008616663177052297,0.006232988129942502,0.004557973231973458
26,3006,03006,2603006,57777.0,2234,0.014936739533032175,0.3566124928604808,0.3767069941326133,0.25174377347387367,0.055333437180885126,0.046454471502500996,0.0424217249078353,0.046991017186769825,0.054346885438842446,0.048704501791370265,0.05102376378143552,0.04882565726846323,0.04969105353341295,0.09128199802689652,0.10428024992644132,0.13370372293473182,0.09078006819322568,0.054260345812347476,0.05266801668483999,0.029233085830001556,0.0003461585059798882,0.0012115547709296087,0.000380774356577877,0.0023192619900652507,0.00022500302888692732,0.001817332156394413,0.0017481004551984354,0.00024231095418592174,0.00045000605777385463,0.0022154144382712845,0.001973103484085363,0.0018000242310954185,0.0,0.0,0.00020769510358793292,0.0,0.013482873807916644,0.011042456340758433,0.015888675424476868,0.01318863907783374,0.017688699655572286,0.018571403845821,0.01464250480294927,0.025217647160634855,0.024681101476366027,0.027433061598906138,0.03563701819062949,0.06095851290305831,0.03619087180019731,0.018657943472315974,0.017065614344808487,0.006265468958235976,0.02201568098032089,0.013448257957318657,0.011977084306904131,0.015352129740208042,0.013586721359710612,0.00969243816743687,0.019852190317946588,0.011492462398532287,0.01086937708776849,0.0368312650362601,0.042300569430742334,0.048894888969659205,0.046610242830191946,0.027658064627793067,0.027640756702494072,0.01848486421932603,0.019488723886667704,0.020752202433494297,0.014175190819876421,0.01613098637866279,0.02284646139467262,0.018623327621717985,0.014780968205341225,0.011873236755110164,0.013690568911504579,0.02480225695345899,0.024369558820984127,0.02205029683091888,0.007978953562836422,0.007944337712238434,0.007753950533949496,0.0044827526524395525
26,3100,03100,2603100,66618.0,3493,0.02575880392686661,0.2673001290942388,0.397204959620523,0.3097361073583716,0.05414452550361764,0.03901347984028341,0.04395208502206611,0.0360112882404155,0.051247410609745116,0.05385931730163019,0.04075475096820679,0.04722447386592212,0.04389204119006875,0.08352097030832507,0.10749347023327029,0.13723017802996187,0.09506439700981717,0.057146717103485546,0.06202527845327089,0.04741961631991354,0.002431775195893002,0.0010807889759524452,0.0006304602359722597,0.0019364135819147977,0.004548320273799874,0.0007655588579663155,0.001215887597946501,0.0008256026899636735,0.0015461286739319703,0.006274580443723919,0.0032873998018553546,0.0006004383199735807,0.00046533969797952503,0.0,0.0,0.00015010957999339518,0.013464829325407547,0.009561980245579273,0.009306793959590502,0.006920051637695518,0.010642769221531718,0.012654237593443213,0.013569906031402923,0.013269686871416133,0.008195983067639377,0.02335705064697229,0.030021915998679035,0.04269116455012159,0.03595124440841815,0.014095289561379808,0.014305442973370561,0.009291783001591161,0.021615779519048906,0.011963733525473596,0.010822900717523792,0.012639226635443875,0.014740760755351407,0.01712750307724639,0.008976552883605032,0.017007415413251674,0.014530607343360653,0.030142003662673753,0.040259389354228584,0.056936563691494795,0.03958389624425831,0.03515566363445315,0.03781260320033625,0.027890359962772823,0.016632141463268187,0.016406977093278093,0.023191930108979554,0.014515596385361314,0.021315560359062114,0.023312017772974272,0.016992404455252335,0.016121768891290644,0.01961932210513675,0.023747335554955118,0.03392476507850731,0.03700201146837191,0.019063916659161188,0.007895763907652587,0.009907232279564082,0.010087363775556156
26,3201,03201,2603201,79892.0,3257,0.025797326390627345,0.294647774495569,0.4159740649877334,0.2635808341260702,0.035235067340910226,0.018074400440594805,0.024132578981625193,0.01972663095178491,0.022868372302608523,0.030553747559204928,0.032944475041305765,0.022943473689480798,0.02873879737645822,0.05284634256245932,0.08836929855304661,0.12818555049316577,0.11116256946878286,0.08231112001201622,0.12334151103990387,0.17856606418665197,0.003930305912982527,0.0014144094527612278,0.0019401191608671706,0.0011765883943323486,0.0030791568617633807,0.000813598357783007,0.0013643418615130426,0.0009262504380914234,0.00031292244530115655,0.001764882591498523,0.0020152205477394483,0.001476993941821459,0.004894107044510088,0.00037550693436138785,0.0,0.00031292244530115655,0.004706353577329394,0.002966504781454964,0.002766234416462224,0.0020652881389876332,0.006321033395083363,0.004869073248885996,0.008799379161868523,0.0077604766434686825,0.012754718870475142,0.014719871826966404,0.02608521504030441,0.04344615230561258,0.032130876683522755,0.02826315525960046,0.04561157562709658,0.05138186551844991,0.014482050768537525,0.0037050017523656935,0.008110949782205978,0.006083212336654484,0.004368397336404145,0.012028738797376459,0.007597756971912081,0.005219546387623291,0.00917488609622991,0.013405597556701548,0.028475942522405248,0.04619986982426275,0.0530841636208882,0.03699994993240875,0.061946127271816954,0.10509187402994041,0.012116357082060781,0.009988484454012918,0.011315275622089822,0.010401542081810444,0.009099784709357633,0.012842337155159466,0.015182997046012116,0.009037200220297402,0.00649626996445201,0.022955990587292845,0.03179292044259751,0.037062534421468986,0.021053422119861814,0.016672507885645622,0.015783808140990337,0.021779402192960498
26,3202,03202,2603202,56543.0,2751,0.011707903719293282,0.28539341739914753,0.40447093362573616,0.298427745255823,0.03874927046672444,0.020674530887996746,0.03736978936384698,0.028173248677997278,0.02546734343773765,0.03643244964009692,0.04184426012061617,0.03040164122879932,0.04536370549847019,0.07919636382929805,0.11615938312434784,0.1549263392462374,0.11554038519356949,0.08172541251790673,0.08676582423995897,0.06121005252639584,0.000389084413632103,0.0,0.0010965106202359266,0.0,0.0007074262066038236,0.001167253240896309,0.0003360274481368162,0.0003360274481368162,0.000689740551438728,0.0010611393099057354,0.0022991351714624266,0.002422934757618096,0.0003713987584670074,0.0003713987584670074,0.00015917089648586033,0.00030065613780662505,0.008860513237712891,0.00224607820596714,0.005606352687335303,0.004014643722476699,0.002475991723113383,0.005800894894151354,0.007463346479670339,0.00834762923792512,0.011212705374670605,0.027324337230072687,0.03733441805351679,0.0513237712891074,0.03784730205330456,0.030419326883964416,0.03031321295297384,0.01480289337318501,0.014590665511203863,0.007481032134835435,0.011407247581486656,0.010275365650920538,0.011849388960614046,0.009249597651344994,0.010752878340378118,0.009408768547830855,0.017013600268821958,0.02856233309162938,0.04118989087950763,0.0589816599755938,0.05498470190828219,0.03882001308738482,0.043789682188776685,0.036114107847125196,0.014909007304175582,0.010947420547194171,0.0192596784747891,0.013883239304600038,0.0104345365474064,0.02021470385370426,0.023292007852430893,0.01230921599490653,0.0164476593035389,0.022248554197690253,0.03533593901986099,0.04219797322391808,0.022336982473515732,0.01211467378809048,0.012503758201722583,0.009992395168279008
26,3203,03203,2603203,58262.0,2127,0.025213689883629122,0.3317428169304178,0.37882324671312345,0.26422024647282966,0.09503621571521746,0.04685729978373554,0.047887130548213246,0.04517524286842196,0.06247639971164739,0.03645600906251073,0.04697744670625794,0.04332154749236209,0.03254265215749545,0.0775290927190965,0.09404071264288902,0.11870515945213003,0.07778655041021593,0.05509594589955717,0.061549552023617456,0.05856304280663211,0.007534928426761869,0.0009955030723284473,0.0023342830661494626,0.00032611307541793963,0.00418797844220933,0.0007552092272836498,0.0008410284576567918,0.0015275823006419278,0.0008067007655075349,0.0003776046136418249,0.0015447461467165563,0.0020768253750300366,0.0019051869142837528,0.0,0.0,0.0,0.025934571418763517,0.012495279942329476,0.010572929181971096,0.009165493803851567,0.020905564518897395,0.013816896090075864,0.019172016065359926,0.01505269300744911,0.010572929181971096,0.03192475369880883,0.03879029212866019,0.0465311867083176,0.024733102193539528,0.018554117606673304,0.02049363221310631,0.013027359170642957,0.037194054443719746,0.018433970684150904,0.015601936081837218,0.022639112972434865,0.020682434519927226,0.010984861487762178,0.017232501458926918,0.011551268408224916,0.010298307644777042,0.01999588067694209,0.022707768356733375,0.045810305173183206,0.035614980604853935,0.025522639112972433,0.03175311523806255,0.03280010984861488,0.02437266142597233,0.014932546084926711,0.019377982218255468,0.013044523016717586,0.016700422230613438,0.010899042257389037,0.009731900724314305,0.015190003776046136,0.01086471456523978,0.025230853729703753,0.030997906010778894,0.02428684219559919,0.015533280697538704,0.011019189179911435,0.009302804572448595,0.012735573787374275
26,3204,03204,2603204,63291.0,2512,0.03090486799070958,0.3241851132072491,0.3789638337204342,0.26594618508160717,0.09486340869949914,0.055300121660267654,0.05364111801045962,0.043039294686448314,0.04297609454740801,0.04624670174274383,0.06797174953784899,0.04796890553159217,0.050860311892686166,0.0871687917713419,0.10288982635761798,0.12619487762873077,0.07189015815834794,0.050165110363242796,0.03302207264855982,0.025801456763204878,0.00676241487731273,0.0005530012166026766,0.0016906037193281825,0.0013588029893665766,0.0022120048664107063,0.0015484034064874943,0.004692610323742712,0.00014220031284068824,0.0008216018075239765,0.0020224044492897883,0.003918408620498965,0.0017696038931285648,0.0005056011123224471,0.0025280055616122357,0.00037920083424183534,0.0,0.03032026670458675,0.014156831145028519,0.01725363795800351,0.013651230032706073,0.012687427912341407,0.014946832883032342,0.019181242198732837,0.013050828711823167,0.020034444075776967,0.02736566020445245,0.04397149673729282,0.04175949187088212,0.029214264271381397,0.011139024505853913,0.010112022246448943,0.005340411748905848,0.030162266356985986,0.021108846439462165,0.014251631353588978,0.015073233161112955,0.012071226556698424,0.016005435211957467,0.017727639000805803,0.018802041364491002,0.014899432778752114,0.034017474838444646,0.0340490749079648,0.05648512426727339,0.03139466906827195,0.02692325923117031,0.01796463952220695,0.018027839661247255,0.027618460760613674,0.01948144285917429,0.020445244979538955,0.012956028503262707,0.016005435211957467,0.01374603024126653,0.026370258014567632,0.015973835142437314,0.015104833230633108,0.023763252279155014,0.020950846091861403,0.026180657597446713,0.010775623706372153,0.009574821064606342,0.0045662100456621,0.0024332053530517765
26,3205,03205,2603205,44114.0,1640,0.04583578909189826,0.3014009158090402,0.3933671850206284,0.25939611007843316,0.07201795348415468,0.0412114068096296,0.040145985401459854,0.04454368227773496,0.040758035997642474,0.047082558824862855,0.05805413247495126,0.05231899170331414,0.04830666001722809,0.07870517296096477,0.10973840504148343,0.1379154010064832,0.08360157773042572,0.06508138006075169,0.05406446932946457,0.026454186879448702,0.014530534524187334,0.00024935394659291837,0.00040803373078841186,0.0010200843269710296,0.0023121911411343337,0.0013147753547626605,0.00233485968173369,0.0010880899487690982,0.0027428934125221017,0.0008840730833748924,0.0055084553656435595,0.006891236342204289,0.004941741850659654,0.0016094663825542911,0.0,0.0,0.019132248265856643,0.012943736682232398,0.008886067914947636,0.005871152015233259,0.010699551162896132,0.011016910731287119,0.020447023620619304,0.017613456045699777,0.019222922428254068,0.028743709479983677,0.03792446842272294,0.046674525094074444,0.02477671487509634,0.016729382962324884,0.014235843496395702,0.006483202611415877,0.021172416919798702,0.013147753547626604,0.017069411071315228,0.017205422314911366,0.008840730833748924,0.01754545042390171,0.012377023167248492,0.023643287845128532,0.01813483247948497,0.02053769778301673,0.043659609194360065,0.06084236296867208,0.039556603345876594,0.03898988983089269,0.02455002946910278,0.01609466382554291,0.01718275377431201,0.014870562633177676,0.013782472684408577,0.020447023620619304,0.01890556285986308,0.017205422314911366,0.022895226005349774,0.009974157863716734,0.008206011696966949,0.02853969261458947,0.022645872058756858,0.023507276601532394,0.014326517658793126,0.007752640884979825,0.015278596363966088,0.0038763204424899127
26,3206,03206,2603206,54485.0,2157,0.02404331467376342,0.28119665963109114,0.368798751950078,0.32596127374506745,0.04604937138662017,0.024336973478939157,0.03355051849132789,0.03065063779021749,0.05153712030834175,0.0391116821143434,0.03845094980269799,0.036927594750848856,0.042782417179040105,0.07051482059282371,0.09397081765623566,0.15149123612003304,0.1226759658621639,0.07282738368358264,0.08453702853996513,0.06058548224281912,0.001082866844085528,0.0004771955584105717,0.00218408736349454,0.0011195741947324952,0.0018353675323483528,0.0022758557401119576,0.0025511608699642103,0.0012480499219968799,0.0,0.007726897311186565,0.0018904285583188033,0.00029365880517573644,0.0013581719739377811,0.0,0.0,0.0,0.012920987427732403,0.0024410388180233092,0.008350922272185006,0.008038909791685785,0.01185647425897036,0.008112324492979718,0.010424887583738643,0.0058548224281912455,0.01945489584289254,0.01820684592089566,0.025346425621730753,0.04682022575020648,0.03813893732219877,0.022171239790768103,0.02795264751766541,0.015105074791226943,0.013563366064054326,0.006276956960631366,0.004955492337340553,0.005781407726897311,0.008883178856566027,0.013361475635496008,0.011984949986234743,0.011672937505735524,0.006515554739836653,0.018096723868954757,0.03246765164724236,0.05937413967146921,0.057153344957327705,0.038212352023492706,0.04151601358171974,0.038983206387079014,0.01848215105074791,0.01514178214187391,0.01806001651830779,0.0157107460769019,0.028962099660457007,0.015362026245755712,0.013489951362760393,0.018151784894925208,0.01681196659631091,0.02648435349178673,0.03426631182894375,0.045003211893181606,0.02602551160869964,0.012443791869321832,0.015068367440579976,0.0064972010645131684
26,3207,03207,2603207,48579.0,1937,0.022931719467259516,0.32468762222359454,0.3838284032194981,0.2685522550896478,0.08359579242059326,0.04584285390806727,0.04720146565388336,0.042878610099013975,0.05467383025587188,0.055764836657815106,0.03804112888285061,0.04518413306161098,0.060911093270754856,0.08170196998703143,0.11461742728339407,0.11692295024599107,0.08907140945676115,0.059881841948166904,0.03767059840671895,0.026040058461475123,0.00224376788324173,0.0,0.0022231828567899708,0.00034994544967990285,0.0013380267193643343,0.0017497272483995142,0.0007410609522633236,0.0025937133329216326,0.0014409518516231294,0.0040758352374482805,0.004055250210996521,0.0004940406348422157,0.00032936042322814383,0.0012968566664608163,0.0,0.0,0.027233989995677145,0.00959262232651969,0.009077996665225714,0.009448527141357377,0.01854710883303485,0.02124374729821528,0.008542785977479981,0.014780048992362954,0.017250252166574033,0.03235966158216513,0.04275509994030342,0.040552502109965215,0.035159225179604355,0.01852652380658309,0.012330430844603635,0.007287099363922683,0.03198913110603347,0.015150579468494617,0.01996747565820622,0.011260009469112167,0.011692295024599106,0.011815805183309661,0.014450688569134812,0.012968566664608164,0.026534099096317338,0.025422507667922353,0.037423578089297846,0.05436505485909549,0.04182877374997427,0.030095308672471646,0.02346693015500525,0.015397599785915725,0.022128903435640914,0.021099652113052966,0.01593281047366146,0.02182012803886453,0.023096399678873586,0.020955556927890653,0.014306593383972499,0.014841804071718232,0.015685790156240352,0.019843965499495665,0.03038349904279627,0.021511352642088144,0.011754050103954384,0.009963152802651351,0.0018732374071100681,0.0033553593116367156
26,3208,03208,2603208,57890.0,1756,0.025341164277077215,0.3200207289687338,0.3945240974261531,0.2601140093280359,0.1788910001727414,0.07588529970633962,0.06624632924512006,0.06812921057177405,0.06052858870271204,0.05952668854724477,0.06458801174641561,0.04396268785627915,0.050924166522715496,0.07047849369493868,0.07515978580065642,0.08920366211780964,0.043219899809984454,0.027327690447400244,0.017602349283123164,0.008326135774745206,0.006356883745033685,0.00034548281223009154,0.0,0.0007946104681292106,0.0033684574192433927,0.00532043530834341,0.0024183796856106408,0.001468301951977889,0.001105544999136293,0.0011919157021938159,0.0,0.0012955605458628433,0.0,0.0,0.001675591639315944,0.0,0.06885472447745725,0.02162722404560373,0.015304888581793056,0.019312489203662117,0.021713594748661254,0.024822940058732076,0.023475557091034722,0.018742442563482467,0.02162722404560373,0.021575401623769218,0.019761616859561237,0.022421834513732943,0.010053549835895664,0.006184142338918639,0.004214890309207117,0.000328208671618587,0.07655899119018829,0.03351183278631888,0.027828640525133876,0.025220245292796685,0.018483330454309898,0.016013128346864743,0.018362411470029365,0.008688892727586802,0.015564000690965625,0.0332008982553118,0.03518742442563483,0.03967870098462602,0.020107099671791327,0.015114873035066506,0.005804111245465538,0.005199516324062878,0.027120400760062186,0.020400760062186905,0.023112800138193126,0.022801865607186042,0.016963206080497496,0.013370184833304544,0.020331663499740887,0.015063050613231991,0.012627396787009847,0.014510278113663845,0.020210744515460354,0.025807566073587838,0.013059250302297461,0.006028675073415098,0.005907756089134565,0.0027984107790637418
26,3209,03209,2603209,51122.0,1467,0.020480419388912798,0.29652595751339933,0.37789992566800984,0.305093697429678,0.15820977270059858,0.0698916317827941,0.06449278197253629,0.06942216658190212,0.06652713117640155,0.05948515316302179,0.0522866867493447,0.05641406830718673,0.05400805915261531,0.05897656586205548,0.09140878682367669,0.07020460858338876,0.046672665388678064,0.03245178201165839,0.02930245295567466,0.020245686788466805,0.005770509760963969,0.0,0.0021908376041625916,0.0018582997535307696,0.0012714682524157896,0.0012519072023786236,0.0,0.002836352255389069,0.0010758577520441298,0.0,0.0,0.0005281483510034819,0.0022886428543484215,0.0,0.0014083956026759517,0.0,0.04545988028637377,0.016431282031219435,0.013047220374789718,0.031806267360431906,0.026798638550917412,0.022299597042369234,0.015551034779546967,0.014925081178357655,0.018387387034936035,0.016392159931145105,0.031199874809279764,0.01870036383553069,0.005614021360666641,0.004890262509291499,0.009682719768397168,0.0053401666601463164,0.0805915261531239,0.031708462110246076,0.02110637299010211,0.015961816830327453,0.02120417824028794,0.015844450530104456,0.01909158483627401,0.01993270998787215,0.015062008528617816,0.02003051523805798,0.032314854661398225,0.026955126951214742,0.023042916943781543,0.015707523179844293,0.010875943820664292,0.008469934666092875,0.026387856500136926,0.021751887641328585,0.028148351003481866,0.019795782637611985,0.017252846132780407,0.02008919838816948,0.017644067133523726,0.018719924885567858,0.019482805837017333,0.022553890692852394,0.02789405735299871,0.02402096944563984,0.01572708422988146,0.011853996322522592,0.0073353937639372485,0.006435585462227613
26,3210,03210,2603210,39285.0,1314,0.03276059564719359,0.3603156421025837,0.36932671503118236,0.23759704721904035,0.16034109711085656,0.09555810105638285,0.07079037800687285,0.05737558864706631,0.06597938144329897,0.06569937635229732,0.07608501972763142,0.05032455135547919,0.047880870561282936,0.07628865979381444,0.07376861397479954,0.08407789232531501,0.04044800814560265,0.01674939544355352,0.011454753722794959,0.0071783123329515084,0.007280132366043019,0.0010436553391879853,0.004250986381570574,0.0004836451571846761,0.0012727504136438843,0.0019345806287387043,0.0010691103474608629,0.002672775868652157,0.005574646811760214,0.0026473208603792794,0.0017309405625556828,0.002774595901743668,2.545500827287769e-05,0.0,0.0,0.0,0.05623011327478682,0.03568792159857452,0.026931398752704595,0.02003309151075474,0.02800050910016546,0.019753086419753086,0.031564210258368336,0.022604047346315388,0.01929489627084129,0.019982181494208984,0.03324424080437826,0.02588774341351661,0.015782105129184168,0.001960035637011582,0.00033091510754740993,0.003029145984472445,0.07099401807305587,0.041415298459972,0.01972763141148021,0.021840397098129058,0.019905816469390353,0.024182257859233804,0.02741504390988927,0.008756522845869925,0.012702049128165967,0.03459335624284078,0.02237495227185949,0.03153875525009545,0.014916634847906325,0.0123202240040728,0.0056001018200330915,0.0010436553391879853,0.025836833396970856,0.01741122565864834,0.019880361461117473,0.015018454880997836,0.016800305460099276,0.01982945144457172,0.016036655211912942,0.01629120529464172,0.010309278350515464,0.019065801196385387,0.016418480336006108,0.02387679775995927,0.009723813160239276,0.0024691358024691358,0.005523736795214458,0.003105511009291078
26,3211,03211,2603211,58286.0,2111,0.06157567855059534,0.36595408846035066,0.31776069725148404,0.25470953573756994,0.19076622173420718,0.0977593247091926,0.06842123322924888,0.05361493326013108,0.051676217273444736,0.05435267474179048,0.034776790309851424,0.036749819853824243,0.04265175170709948,0.07492365233503757,0.061609992107881824,0.08545791442198812,0.04615173455032083,0.03649246817417562,0.0330096421095975,0.03158562948220842,0.01657344816937172,0.009110249459561473,0.0020416566585457914,0.007892118175891295,0.004066156538448341,0.003757334522869986,0.0034656692859348728,0.001578423635178259,0.0016985210856809525,0.0030195930412105824,0.0029681227052808564,0.0029852794839240982,0.001252444840956662,0.000308822015578355,0.0003431355728648389,0.0005147033592972583,0.04992622585183406,0.014566105068112411,0.022818515595511787,0.014806299969117798,0.01870088872113372,0.023041553717873933,0.013124935662080088,0.014977867755550218,0.02099989705932814,0.036475311395532374,0.030127303297532854,0.03606354870809457,0.020776858936965997,0.015509727893490718,0.016453350718869025,0.017585698109322992,0.081477541776756,0.036818446968397214,0.021892049548776722,0.011700923034691007,0.012404350959063927,0.01137494424046941,0.01049994852966407,0.006845554678653536,0.009487698589712795,0.019524414096009333,0.013571011906804379,0.03302679888824074,0.017688638781182445,0.01350238479223141,0.01067151631609649,0.007274474144734585,0.04278900593624541,0.03726452321312151,0.021669011426414576,0.019215592080430978,0.01650482105479875,0.016178842260577152,0.007686236832172392,0.013347973784442232,0.010465634972377586,0.015904333802285283,0.014943554198263735,0.013382287341728716,0.00643379199121573,0.007171533472875133,0.005541639501767148,0.006210753868853584
26,3212,03212,2603212,39759.0,1378,0.028345783344651525,0.3533539575945069,0.3725445811011343,0.24575567795970724,0.18078925526295933,0.11086797957695113,0.07890037475791645,0.06099247969013305,0.04738549762317966,0.06750672803641942,0.0653688473050127,0.04954852989260293,0.038003973943006614,0.05772277974798159,0.06861339570914761,0.07309036947609346,0.03440730400664001,0.031590331748786435,0.019794260419024625,0.015417892804144974,0.002993033023969416,0.0003269699942151463,0.0029175784099197666,0.0012827284388440352,0.0013581830528936844,0.00877788676777585,0.0008300007545461405,0.00015090922809929828,0.00015090922809929828,0.0010815161347116377,0.0,0.0006539399884302926,0.0015090922809929826,0.0063130360421539775,0.0,0.0,0.0570688397595513,0.02530244724464901,0.028370934882668074,0.02085062501571971,0.018511531980180587,0.02085062501571971,0.026459417993410297,0.01826001660001509,0.016096984330591816,0.01815941044794889,0.02794335873638673,0.035589426293417846,0.015241832038029125,0.007998189089262808,0.0076460675570311125,0.009004250609924797,0.08239643854221686,0.038909429311602406,0.025176689554566263,0.01836062275208129,0.013028496692572751,0.018109107371915793,0.02110214039588521,0.02022183656530597,0.014311225131416786,0.029376996403330063,0.024522749566135968,0.02786790412233708,0.01481425589174778,0.010991222113232224,0.009130008300007545,0.004225458386780351,0.03833094393722176,0.04632913302648457,0.022435171910762344,0.020498503483488015,0.014487285897532634,0.019769108881008073,0.016977288161171056,0.010915767499182575,0.007444855252898714,0.009104856761990996,0.016147287406624914,0.008979099071908248,0.0028421237958701174,0.006287884504137428,0.0030181845619859653,0.002188183807439825
26,3213,03213,2603213,41936.0,1720,0.018695154521175122,0.3052508584509729,0.38441911484166347,0.2916348721861885,0.09795879435330027,0.0622138496756963,0.04537867226249523,0.04525944296070202,0.04459175887066005,0.034886493704692864,0.03684185425410149,0.0463325066768409,0.03398035101106448,0.05842235787867226,0.07962132773750477,0.10888019839755818,0.06493227775658146,0.0534147272033575,0.0767836703548264,0.11050171690194582,0.003910721098817245,0.0005246089278901182,0.0,0.002527661198016024,0.0001192293017932087,0.0034576497520030524,0.0036245707745135446,0.0,0.0002623044639450591,0.0,0.0003338420450209844,0.0028138115223197255,0.00019076688286913393,0.0005723006486074017,0.0003576879053796261,0.0,0.0265642884395269,0.019410530331934375,0.011064479206409768,0.010492178557802366,0.013949828309805418,0.00960988172453262,0.01137447539107211,0.018432850057230065,0.014092903471957269,0.017598244944677603,0.021342045020984357,0.035434948492941626,0.019792064097672642,0.021365890881343,0.02520507439908432,0.029521175123998475,0.042707935902327354,0.016978252575352917,0.012709843571156048,0.011255246089278902,0.012495230827928272,0.014593666539488745,0.011517550553223961,0.014426745516978253,0.012995993895459749,0.025968141930560854,0.03288344143456696,0.047644028996566196,0.02437046928653186,0.013520602823349867,0.03758107592521938,0.05277088897367417,0.024775848912628767,0.025300457840518886,0.021604349484929418,0.020984357115604733,0.018027470431133154,0.007225295688668447,0.010325257535291872,0.013472911102632584,0.006629149179702404,0.014855971003433804,0.025061999236932468,0.02298740938573064,0.02057897748950782,0.01795593285005723,0.013639832125143076,0.028209652804273178
26,3300,03300,2603300,62509.0,2738,0.029787710569677966,0.269897134812587,0.39160760850437537,0.30870754611335965,0.05871154553744261,0.03341918763698028,0.035594874338095314,0.04172199203314723,0.04852101297413172,0.040186213185301314,0.036522740725335553,0.029899694444000063,0.044441600409541024,0.07342942616263258,0.10814442720248284,0.14695483850325552,0.09968164584299861,0.07954054616135277,0.07450127181685837,0.04872898302644419,0.005455214449119327,0.002287670575437137,0.0009758594762354221,0.0030075669103649073,0.0022556751827736807,0.0033115231406677438,0.0010718456542257915,0.002143691308451583,0.0025276360204130603,0.0022236797901102243,0.0021276936121198547,0.0018397350781487465,0.00012798157065382584,0.00043193780095666224,0.0,0.0,0.011694316018493337,0.006127117695051912,0.00497528355916748,0.0066710393703306725,0.01039850261562335,0.011998272248796174,0.007246956438272889,0.004495352669215633,0.008334799788830408,0.019309219472395975,0.0338831208306004,0.044377609624214116,0.03799452878785455,0.03138748020285079,0.02145291078084756,0.009550624710041753,0.021084963765217807,0.011038410468892479,0.012158249212113456,0.011806299892815435,0.013790014237949736,0.00950263162104657,0.012078260730454815,0.006655041673998944,0.014781871410516886,0.02025308355596794,0.03871442512278232,0.06683837527396055,0.04180198051480587,0.03641075685101346,0.04261786302772401,0.0320753811451151,0.020477051304612137,0.013965988897598746,0.017485482090578958,0.02023708585963621,0.022076820937784958,0.01537378617479083,0.016125677902382056,0.016605608792333904,0.01879729318978067,0.03164344334415844,0.03341918763698028,0.03389911852693212,0.019757154969684367,0.01131037130653186,0.010430498008286807,0.007102977171287335
