statefp,puma,puma_uid,variable,category,target,table_id,universe,source,acs_year,geo_level,schema
26,100,2600100,AGEP_SEX_cross,"[0.0, 5.0)__1",3893.0,B01001,all_persons,acs5_api,2022,puma,external_condition_v1_agesex
26,100,2600100,AGEP_SEX_cross,"[0.0, 5.0)__2",3769.0,B01001,all_persons,acs5_api,2022,puma,external_condition_v1_agesex
26,100,2600100,AGEP_SEX_cross,"[5.0, 18.0)__1",12139.0,B01001,all_persons,acs5_api,2022,puma,external_condition_v1_agesex
26,100,2600100,AGEP_SEX_cross,"[5.0, 18.0)__2",11201.0,B01001,all_persons,acs5_api,2022,puma,external_condition_v1_agesex
26,100,2600100,AGEP_SEX_cross,"[18.0, 25.0)__1",12991.0,B01001,all_persons,acs5_api,2022,puma,external_condition_v1_agesex
26,100,2600100,AGEP_SEX_cross,"[18.0, 25.0)__2",10012.0,B01001,all_persons,acs5_api,2022,puma,external_condition_v1_agesex
26,100,2600100,AGEP_SEX_cross,"[25.0, 35.0)__1",10224.0,B01001,all_persons,acs5_api,2022,puma,external_condition_v1_agesex
26,100,2600100,AGEP_SEX_cross,"[25.0, 35.0)__2",8418.0,B01001,all_persons,acs5_api,2022,puma,external_condition_v1_agesex
26,100,2600100,AGEP_SEX_cross,"[35.0, 45.0)__1",9676.0,B01001,all_persons,acs5_api,2022,puma,external_condition_v1_agesex
26,100,2600100,AGEP_SEX_cross,"[35.0, 45.0)__2",8533.0,B01001,all_persons,acs5_api,2022,puma,external_condition_v1_agesex
26,100,2600100,AGEP_SEX_cross,"[45.0, 55.0)__1",9578.0,B01001,all_persons,acs5_api,2022,puma,external_condition_v1_agesex
26,100,2600100,AGEP_SEX_cross,"[45.0, 55.0)__2",8798.0,B01001,all_persons,acs5_api,2022,puma,external_condition_v1_agesex
26,100,2600100,AGEP_SEX_cross,"[55.0, 65.0)__1",12740.0,B01001,all_persons,acs5_api,2022,puma,external_condition_v1_agesex
26,100,2600100,AGEP_SEX_cross,"[55.0, 65.0)__2",12159.0,B01001,all_persons,acs5_api,2022,puma,external_condition_v1_agesex
26,100,2600100,AGEP_SEX_cross,"[65.0, 75.0)__1",11651.0,B01001,all_persons,acs5_api,2022,puma,external_condition_v1_agesex
26,100,2600100,AGEP_SEX_cross,"[65.0, 75.0)__2",10788.0,B01001,all_persons,acs5_api,2022,puma,external_condition_v1_agesex
26,100,2600100,AGEP_SEX_cross,"[75.0, 85.0)__1",5072.0,B01001,all_persons,acs5_api,2022,puma,external_condition_v1_agesex
26,100,2600100,AGEP_SEX_cross,"[75.0, 85.0)__2",5766.0,B01001,all_persons,acs5_api,2022,puma,external_condition_v1_agesex
26,100,2600100,AGEP_SEX_cross,"[85.0, 1000.0)__1",1803.0,B01001,all_persons,acs5_api,2022,puma,external_condition_v1_agesex
26,100,2600100,AGEP_SEX_cross,"[85.0, 1000.0)__2",2893.0,B01001,all_persons,acs5_api,2022,puma,external_condition_v1_agesex
26,100,2600100,SCHL_allpop,not_25p,54005.0,B15003,all_persons,acs5_api,2022,puma,external_condition_v1_agesex
26,100,2600100,SCHL_allpop,less_than_high_school,6018.0,B15003,all_persons,acs5_api,2022,puma,external_condition_v1_agesex
26,100,2600100,SCHL_allpop,high_school_or_ged,37690.0,B15003,all_persons,acs5_api,2022,puma,external_condition_v1_agesex
26,100,2600100,SCHL_allpop,some_college_or_assoc,40051.0,B15003,all_persons,acs5_api,2022,puma,external_condition_v1_agesex
26,100,2600100,SCHL_allpop,bachelor_plus,34340.0,B15003,all_persons,acs5_api,2022,puma,external_condition_v1_agesex
26,100,2600100,ESR_allpop,not_16p,27422.0,B23025,all_persons,acs5_api,2022,puma,external_condition_v1_agesex
26,100,2600100,ESR_allpop,employed,76158.0,B23025,all_persons,acs5_api,2022,puma,external_condition_v1_agesex
26,100,2600100,ESR_allpop,unemployed,4361.0,B23025,all_persons,acs5_api,2022,puma,external_condition_v1_agesex
26,100,2600100,ESR_allpop,armed_forces,176.0,B23025,all_persons,acs5_api,2022,puma,external_condition_v1_agesex
26,100,2600100,ESR_allpop,not_in_labor_force,63987.0,B23025,all_persons,acs5_api,2022,puma,external_condition_v1_agesex
26,100,2600100,EARN_16p_bin,not_in_earnings_universe,84297.0,B20001+B01001,all_persons,acs5_api,2022,puma,external_condition_earn_v1
26,100,2600100,EARN_16p_bin,lt_25k,37439.0,B20001,all_persons,acs5_api,2022,puma,external_condition_earn_v1
26,100,2600100,EARN_16p_bin,25k_50k,23564.0,B20001,all_persons,acs5_api,2022,puma,external_condition_earn_v1
26,100,2600100,EARN_16p_bin,50k_75k,14451.0,B20001,all_persons,acs5_api,2022,puma,external_condition_earn_v1
26,100,2600100,EARN_16p_bin,75k_100k,6007.0,B20001,all_persons,acs5_api,2022,puma,external_condition_earn_v1
26,100,2600100,EARN_16p_bin,ge_100k,6346.0,B20001,all_persons,acs5_api,2022,puma,external_condition_earn_v1
26,200,2600200,AGEP_SEX_cross,"[0.0, 5.0)__1",2985.0,B01001,all_persons,acs5_api,2022,puma,external_condition_v1_agesex
26,200,2600200,AGEP_SEX_cross,"[0.0, 5.0)__2",2803.0,B01001,all_persons,acs5_api,2022,puma,external_condition_v1_agesex
26,200,2600200,AGEP_SEX_cross,"[5.0, 18.0)__1",9327.0,B01001,all_persons,acs5_api,2022,puma,external_condition_v1_agesex
26,200,2600200,AGEP_SEX_cross,"[5.0, 18.0)__2",8471.0,B01001,all_persons,acs5_api,2022,puma,external_condition_v1_agesex
26,200,2600200,AGEP_SEX_cross,"[18.0, 25.0)__1",5968.0,B01001,all_persons,acs5_api,2022,puma,external_condition_v1_agesex
26,200,2600200,AGEP_SEX_cross,"[18.0, 25.0)__2",4870.0,B01001,all_persons,acs5_api,2022,puma,external_condition_v1_agesex
26,200,2600200,AGEP_SEX_cross,"[25.0, 35.0)__1",7780.0,B01001,all_persons,acs5_api,2022,puma,external_condition_v1_agesex
26,200,2600200,AGEP_SEX_cross,"[25.0, 35.0)__2",6343.0,B01001,all_persons,acs5_api,2022,puma,external_condition_v1_agesex
26,200,2600200,AGEP_SEX_cross,"[35.0, 45.0)__1",8105.0,B01001,all_persons,acs5_api,2022,puma,external_condition_v1_agesex
26,200,2600200,AGEP_SEX_cross,"[35.0, 45.0)__2",6275.0,B01001,all_persons,acs5_api,2022,puma,external_condition_v1_agesex
26,200,2600200,AGEP_SEX_cross,"[45.0, 55.0)__1",8397.0,B01001,all_persons,acs5_api,2022,puma,external_condition_v1_agesex
26,200,2600200,AGEP_SEX_cross,"[45.0, 55.0)__2",7314.0,B01001,all_persons,acs5_api,2022,puma,external_condition_v1_agesex
26,200,2600200,AGEP_SEX_cross,"[55.0, 65.0)__1",10514.0,B01001,all_persons,acs5_api,2022,puma,external_condition_v1_agesex
26,200,2600200,AGEP_SEX_cross,"[55.0, 65.0)__2",9992.0,B01001,all_persons,acs5_api,2022,puma,external_condition_v1_agesex
26,200,2600200,AGEP_SEX_cross,"[65.0, 75.0)__1",9316.0,B01001,all_persons,acs5_api,2022,puma,external_condition_v1_agesex
26,200,2600200,AGEP_SEX_cross,"[65.0, 75.0)__2",9050.0,B01001,all_persons,acs5_api,2022,puma,external_condition_v1_agesex
26,200,2600200,AGEP_SEX_cross,"[75.0, 85.0)__1",4239.0,B01001,all_persons,acs5_api,2022,puma,external_condition_v1_agesex
26,200,2600200,AGEP_SEX_cross,"[75.0, 85.0)__2",4883.0,B01001,all_persons,acs5_api,2022,puma,external_condition_v1_agesex
26,200,2600200,AGEP_SEX_cross,"[85.0, 1000.0)__1",1444.0,B01001,all_persons,acs5_api,2022,puma,external_condition_v1_agesex
26,200,2600200,AGEP_SEX_cross,"[85.0, 1000.0)__2",2079.0,B01001,all_persons,acs5_api,2022,puma,external_condition_v1_agesex
26,200,2600200,SCHL_allpop,not_25p,34424.0,B15003,all_persons,acs5_api,2022,puma,external_condition_v1_agesex
26,200,2600200,SCHL_allpop,less_than_high_school,7413.0,B15003,all_persons,acs5_api,2022,puma,external_condition_v1_agesex
26,200,2600200,SCHL_allpop,high_school_or_ged,35755.0,B15003,all_persons,acs5_api,2022,puma,external_condition_v1_agesex
26,200,2600200,SCHL_allpop,some_college_or_assoc,32920.0,B15003,all_persons,acs5_api,2022,puma,external_condition_v1_agesex
26,200,2600200,SCHL_allpop,bachelor_plus,19643.0,B15003,all_persons,acs5_api,2022,puma,external_condition_v1_agesex
26,200,2600200,ESR_allpop,not_16p,20425.0,B23025,all_persons,acs5_api,2022,puma,external_condition_v1_agesex
26,200,2600200,ESR_allpop,employed,53446.0,B23025,all_persons,acs5_api,2022,puma,external_condition_v1_agesex
26,200,2600200,ESR_allpop,unemployed,3690.0,B23025,all_persons,acs5_api,2022,puma,external_condition_v1_agesex
26,200,2600200,ESR_allpop,armed_forces,160.0,B23025,all_persons,acs5_api,2022,puma,external_condition_v1_agesex
26,200,2600200,ESR_allpop,not_in_labor_force,52434.0,B23025,all_persons,acs5_api,2022,puma,external_condition_v1_agesex
26,200,2600200,EARN_16p_bin,not_in_earnings_universe,66986.0,B20001+B01001,all_persons,acs5_api,2022,puma,external_condition_earn_v1
26,200,2600200,EARN_16p_bin,lt_25k,26361.0,B20001,all_persons,acs5_api,2022,puma,external_condition_earn_v1
26,200,2600200,EARN_16p_bin,25k_50k,17681.0,B20001,all_persons,acs5_api,2022,puma,external_condition_earn_v1
26,200,2600200,EARN_16p_bin,50k_75k,10349.0,B20001,all_persons,acs5_api,2022,puma,external_condition_earn_v1
26,200,2600200,EARN_16p_bin,75k_100k,4934.0,B20001,all_persons,acs5_api,2022,puma,external_condition_earn_v1
26,200,2600200,EARN_16p_bin,ge_100k,3844.0,B20001,all_persons,acs5_api,2022,puma,external_condition_earn_v1
26,300,2600300,AGEP_SEX_cross,"[0.0, 5.0)__1",3022.0,B01001,all_persons,acs5_api,2022,puma,external_condition_v1_agesex
26,300,2600300,AGEP_SEX_cross,"[0.0, 5.0)__2",2839.0,B01001,all_persons,acs5_api,2022,puma,external_condition_v1_agesex
26,300,2600300,AGEP_SEX_cross,"[5.0, 18.0)__1",9168.0,B01001,all_persons,acs5_api,2022,puma,external_condition_v1_agesex
26,300,2600300,AGEP_SEX_cross,"[5.0, 18.0)__2",8346.0,B01001,all_persons,acs5_api,2022,puma,external_condition_v1_agesex
26,300,2600300,AGEP_SEX_cross,"[18.0, 25.0)__1",4547.0,B01001,all_persons,acs5_api,2022,puma,external_condition_v1_agesex
26,300,2600300,AGEP_SEX_cross,"[18.0, 25.0)__2",4046.0,B01001,all_persons,acs5_api,2022,puma,external_condition_v1_agesex
26,300,2600300,AGEP_SEX_cross,"[25.0, 35.0)__1",6632.0,B01001,all_persons,acs5_api,2022,puma,external_condition_v1_agesex
26,300,2600300,AGEP_SEX_cross,"[25.0, 35.0)__2",6221.0,B01001,all_persons,acs5_api,2022,puma,external_condition_v1_agesex
26,300,2600300,AGEP_SEX_cross,"[35.0, 45.0)__1",6864.0,B01001,all_persons,acs5_api,2022,puma,external_condition_v1_agesex
26,300,2600300,AGEP_SEX_cross,"[35.0, 45.0)__2",6457.0,B01001,all_persons,acs5_api,2022,puma,external_condition_v1_agesex
26,300,2600300,AGEP_SEX_cross,"[45.0, 55.0)__1",7996.0,B01001,all_persons,acs5_api,2022,puma,external_condition_v1_agesex
26,300,2600300,AGEP_SEX_cross,"[45.0, 55.0)__2",7823.0,B01001,all_persons,acs5_api,2022,puma,external_condition_v1_agesex
26,300,2600300,AGEP_SEX_cross,"[55.0, 65.0)__1",11760.0,B01001,all_persons,acs5_api,2022,puma,external_condition_v1_agesex
26,300,2600300,AGEP_SEX_cross,"[55.0, 65.0)__2",11897.0,B01001,all_persons,acs5_api,2022,puma,external_condition_v1_agesex
26,300,2600300,AGEP_SEX_cross,"[65.0, 75.0)__1",11015.0,B01001,all_persons,acs5_api,2022,puma,external_condition_v1_agesex
26,300,2600300,AGEP_SEX_cross,"[65.0, 75.0)__2",10631.0,B01001,all_persons,acs5_api,2022,puma,external_condition_v1_agesex
26,300,2600300,AGEP_SEX_cross,"[75.0, 85.0)__1",5185.0,B01001,all_persons,acs5_api,2022,puma,external_condition_v1_agesex
26,300,2600300,AGEP_SEX_cross,"[75.0, 85.0)__2",5591.0,B01001,all_persons,acs5_api,2022,puma,external_condition_v1_agesex
26,300,2600300,AGEP_SEX_cross,"[85.0, 1000.0)__1",1518.0,B01001,all_persons,acs5_api,2022,puma,external_condition_v1_agesex
26,300,2600300,AGEP_SEX_cross,"[85.0, 1000.0)__2",2326.0,B01001,all_persons,acs5_api,2022,puma,external_condition_v1_agesex
26,300,2600300,SCHL_allpop,not_25p,31968.0,B15003,all_persons,acs5_api,2022,puma,external_condition_v1_agesex
26,300,2600300,SCHL_allpop,less_than_high_school,8862.0,B15003,all_persons,acs5_api,2022,puma,external_condition_v1_agesex
26,300,2600300,SCHL_allpop,high_school_or_ged,36031.0,B15003,all_persons,acs5_api,2022,puma,external_condition_v1_agesex
26,300,2600300,SCHL_allpop,some_college_or_assoc,36508.0,B15003,all_persons,acs5_api,2022,puma,external_condition_v1_agesex
26,300,2600300,SCHL_allpop,bachelor_plus,20515.0,B15003,all_persons,acs5_api,2022,puma,external_condition_v1_agesex
26,300,2600300,ESR_allpop,not_16p,20468.0,B23025,all_persons,acs5_api,2022,puma,external_condition_v1_agesex
26,300,2600300,ESR_allpop,employed,53894.0,B23025,all_persons,acs5_api,2022,puma,external_condition_v1_agesex
26,300,2600300,ESR_allpop,unemployed,3754.0,B23025,all_persons,acs5_api,2022,puma,external_condition_v1_agesex
26,300,2600300,ESR_allpop,armed_forces,175.0,B23025,all_persons,acs5_api,2022,puma,external_condition_v1_agesex
26,300,2600300,ESR_allpop,not_in_labor_force,55593.0,B23025,all_persons,acs5_api,2022,puma,external_condition_v1_agesex
26,300,2600300,EARN_16p_bin,not_in_earnings_universe,71972.0,B20001+B01001,all_persons,acs5_api,2022,puma,external_condition_earn_v1
26,300,2600300,EARN_16p_bin,lt_25k,25669.0,B20001,all_persons,acs5_api,2022,puma,external_condition_earn_v1
26,300,2600300,EARN_16p_bin,25k_50k,18048.0,B20001,all_persons,acs5_api,2022,puma,external_condition_earn_v1
26,300,2600300,EARN_16p_bin,50k_75k,9909.0,B20001,all_persons,acs5_api,2022,puma,external_condition_earn_v1
26,300,2600300,EARN_16p_bin,75k_100k,4395.0,B20001,all_persons,acs5_api,2022,puma,external_condition_earn_v1
26,300,2600300,EARN_16p_bin,ge_100k,3891.0,B20001,all_persons,acs5_api,2022,puma,external_condition_earn_v1
26,400,2600400,AGEP_SEX_cross,"[0.0, 5.0)__1",3755.0,B01001,all_persons,acs5_api,2022,puma,external_condition_v1_agesex
26,400,2600400,AGEP_SEX_cross,"[0.0, 5.0)__2",3499.0,B01001,all_persons,acs5_api,2022,puma,external_condition_v1_agesex
26,400,2600400,AGEP_SEX_cross,"[5.0, 18.0)__1",11545.0,B01001,all_persons,acs5_api,2022,puma,external_condition_v1_agesex
26,400,2600400,AGEP_SEX_cross,"[5.0, 18.0)__2",11081.0,B01001,all_persons,acs5_api,2022,puma,external_condition_v1_agesex
26,400,2600400,AGEP_SEX_cross,"[18.0, 25.0)__1",5799.0,B01001,all_persons,acs5_api,2022,puma,external_condition_v1_agesex
26,400,2600400,AGEP_SEX_cross,"[18.0, 25.0)__2",5260.0,B01001,all_persons,acs5_api,2022,puma,external_condition_v1_agesex
26,400,2600400,AGEP_SEX_cross,"[25.0, 35.0)__1",8307.0,B01001,all_persons,acs5_api,2022,puma,external_condition_v1_agesex
26,400,2600400,AGEP_SEX_cross,"[25.0, 35.0)__2",8011.0,B01001,all_persons,acs5_api,2022,puma,external_condition_v1_agesex
26,400,2600400,AGEP_SEX_cross,"[35.0, 45.0)__1",8406.0,B01001,all_persons,acs5_api,2022,puma,external_condition_v1_agesex
26,400,2600400,AGEP_SEX_cross,"[35.0, 45.0)__2",8226.0,B01001,all_persons,acs5_api,2022,puma,external_condition_v1_agesex
26,400,2600400,AGEP_SEX_cross,"[45.0, 55.0)__1",9168.0,B01001,all_persons,acs5_api,2022,puma,external_condition_v1_agesex
26,400,2600400,AGEP_SEX_cross,"[45.0, 55.0)__2",8664.0,B01001,all_persons,acs5_api,2022,puma,external_condition_v1_agesex
26,400,2600400,AGEP_SEX_cross,"[55.0, 65.0)__1",12080.0,B01001,all_persons,acs5_api,2022,puma,external_condition_v1_agesex
26,400,2600400,AGEP_SEX_cross,"[55.0, 65.0)__2",12162.0,B01001,all_persons,acs5_api,2022,puma,external_condition_v1_agesex
26,400,2600400,AGEP_SEX_cross,"[65.0, 75.0)__1",10400.0,B01001,all_persons,acs5_api,2022,puma,external_condition_v1_agesex
26,400,2600400,AGEP_SEX_cross,"[65.0, 75.0)__2",10503.0,B01001,all_persons,acs5_api,2022,puma,external_condition_v1_agesex
26,400,2600400,AGEP_SEX_cross,"[75.0, 85.0)__1",4812.0,B01001,all_persons,acs5_api,2022,puma,external_condition_v1_agesex
26,400,2600400,AGEP_SEX_cross,"[75.0, 85.0)__2",5340.0,B01001,all_persons,acs5_api,2022,puma,external_condition_v1_agesex
26,400,2600400,AGEP_SEX_cross,"[85.0, 1000.0)__1",1472.0,B01001,all_persons,acs5_api,2022,puma,external_condition_v1_agesex
26,400,2600400,AGEP_SEX_cross,"[85.0, 1000.0)__2",2207.0,B01001,all_persons,acs5_api,2022,puma,external_condition_v1_agesex
26,400,2600400,SCHL_allpop,not_25p,40939.0,B15003,all_persons,acs5_api,2022,puma,external_condition_v1_agesex
26,400,2600400,SCHL_allpop,less_than_high_school,8075.0,B15003,all_persons,acs5_api,2022,puma,external_condition_v1_agesex
26,400,2600400,SCHL_allpop,high_school_or_ged,34944.0,B15003,all_persons,acs5_api,2022,puma,external_condition_v1_agesex
26,400,2600400,SCHL_allpop,some_college_or_assoc,36252.0,B15003,all_persons,acs5_api,2022,puma,external_condition_v1_agesex
26,400,2600400,SCHL_allpop,bachelor_plus,30487.0,B15003,all_persons,acs5_api,2022,puma,external_condition_v1_agesex
26,400,2600400,ESR_allpop,not_16p,26266.0,B23025,all_persons,acs5_api,2022,puma,external_condition_v1_agesex
26,400,2600400,ESR_allpop,employed,68620.0,B23025,all_persons,acs5_api,2022,puma,external_condition_v1_agesex
26,400,2600400,ESR_allpop,unemployed,3485.0,B23025,all_persons,acs5_api,2022,puma,external_condition_v1_agesex
26,400,2600400,ESR_allpop,armed_forces,157.0,B23025,all_persons,acs5_api,2022,puma,external_condition_v1_agesex
26,400,2600400,ESR_allpop,not_in_labor_force,52169.0,B23025,all_persons,acs5_api,2022,puma,external_condition_v1_agesex
26,400,2600400,EARN_16p_bin,not_in_earnings_universe,73421.0,B20001+B01001,all_persons,acs5_api,2022,puma,external_condition_earn_v1
26,400,2600400,EARN_16p_bin,lt_25k,27165.0,B20001,all_persons,acs5_api,2022,puma,external_condition_earn_v1
26,400,2600400,EARN_16p_bin,25k_50k,24660.0,B20001,all_persons,acs5_api,2022,puma,external_condition_earn_v1
26,400,2600400,EARN_16p_bin,50k_75k,13395.0,B20001,all_persons,acs5_api,2022,puma,external_condition_earn_v1
26,400,2600400,EARN_16p_bin,75k_100k,5665.0,B20001,all_persons,acs5_api,2022,puma,external_condition_earn_v1
26,400,2600400,EARN_16p_bin,ge_100k,6391.0,B20001,all_persons,acs5_api,2022,puma,external_condition_earn_v1
26,500,2600500,AGEP_SEX_cross,"[0.0, 5.0)__1",3786.0,B01001,all_persons,acs5_api,2022,puma,external_condition_v1_agesex
26,500,2600500,AGEP_SEX_cross,"[0.0, 5.0)__2",3381.0,B01001,all_persons,acs5_api,2022,puma,external_condition_v1_agesex
26,500,2600500,AGEP_SEX_cross,"[5.0, 18.0)__1",11558.0,B01001,all_persons,acs5_api,2022,puma,external_condition_v1_agesex
26,500,2600500,AGEP_SEX_cross,"[5.0, 18.0)__2",10925.0,B01001,all_persons,acs5_api,2022,puma,external_condition_v1_agesex
26,500,2600500,AGEP_SEX_cross,"[18.0, 25.0)__1",6274.0,B01001,all_persons,acs5_api,2022,puma,external_condition_v1_agesex
26,500,2600500,AGEP_SEX_cross,"[18.0, 25.0)__2",5546.0,B01001,all_persons,acs5_api,2022,puma,external_condition_v1_agesex
26,500,2600500,AGEP_SEX_cross,"[25.0, 35.0)__1",9247.0,B01001,all_persons,acs5_api,2022,puma,external_condition_v1_agesex
26,500,2600500,AGEP_SEX_cross,"[25.0, 35.0)__2",8784.0,B01001,all_persons,acs5_api,2022,puma,external_condition_v1_agesex
26,500,2600500,AGEP_SEX_cross,"[35.0, 45.0)__1",9269.0,B01001,all_persons,acs5_api,2022,puma,external_condition_v1_agesex
26,500,2600500,AGEP_SEX_cross,"[35.0, 45.0)__2",8731.0,B01001,all_persons,acs5_api,2022,puma,external_condition_v1_agesex
26,500,2600500,AGEP_SEX_cross,"[45.0, 55.0)__1",9810.0,B01001,all_persons,acs5_api,2022,puma,external_condition_v1_agesex
26,500,2600500,AGEP_SEX_cross,"[45.0, 55.0)__2",9336.0,B01001,all_persons,acs5_api,2022,puma,external_condition_v1_agesex
26,500,2600500,AGEP_SEX_cross,"[55.0, 65.0)__1",12466.0,B01001,all_persons,acs5_api,2022,puma,external_condition_v1_agesex
26,500,2600500,AGEP_SEX_cross,"[55.0, 65.0)__2",13177.0,B01001,all_persons,acs5_api,2022,puma,external_condition_v1_agesex
26,500,2600500,AGEP_SEX_cross,"[65.0, 75.0)__1",11418.0,B01001,all_persons,acs5_api,2022,puma,external_condition_v1_agesex
26,500,2600500,AGEP_SEX_cross,"[65.0, 75.0)__2",11815.0,B01001,all_persons,acs5_api,2022,puma,external_condition_v1_agesex
26,500,2600500,AGEP_SEX_cross,"[75.0, 85.0)__1",4857.0,B01001,all_persons,acs5_api,2022,puma,external_condition_v1_agesex
26,500,2600500,AGEP_SEX_cross,"[75.0, 85.0)__2",5679.0,B01001,all_persons,acs5_api,2022,puma,external_condition_v1_agesex
26,500,2600500,AGEP_SEX_cross,"[85.0, 1000.0)__1",1801.0,B01001,all_persons,acs5_api,2022,puma,external_condition_v1_agesex
26,500,2600500,AGEP_SEX_cross,"[85.0, 1000.0)__2",2997.0,B01001,all_persons,acs5_api,2022,puma,external_condition_v1_agesex
26,500,2600500,SCHL_allpop,not_25p,41470.0,B15003,all_persons,acs5_api,2022,puma,external_condition_v1_agesex
26,500,2600500,SCHL_allpop,less_than_high_school,6927.0,B15003,all_persons,acs5_api,2022,puma,external_condition_v1_agesex
26,500,2600500,SCHL_allpop,high_school_or_ged,29157.0,B15003,all_persons,acs5_api,2022,puma,external_condition_v1_agesex
26,500,2600500,SCHL_allpop,some_college_or_assoc,39330.0,B15003,all_persons,acs5_api,2022,puma,external_condition_v1_agesex
26,500,2600500,SCHL_allpop,bachelor_plus,43973.0,B15003,all_persons,acs5_api,2022,puma,external_condition_v1_agesex
26,500,2600500,ESR_allpop,not_16p,26327.0,B23025,all_persons,acs5_api,2022,puma,external_condition_v1_agesex
26,500,2600500,ESR_allpop,employed,75908.0,B23025,all_persons,acs5_api,2022,puma,external_condition_v1_agesex
26,500,2600500,ESR_allpop,unemployed,3349.0,B23025,all_persons,acs5_api,2022,puma,external_condition_v1_agesex
26,500,2600500,ESR_allpop,armed_forces,142.0,B23025,all_persons,acs5_api,2022,puma,external_condition_v1_agesex
26,500,2600500,ESR_allpop,not_in_labor_force,55131.0,B23025,all_persons,acs5_api,2022,puma,external_condition_v1_agesex
26,500,2600500,EARN_16p_bin,not_in_earnings_universe,75188.0,B20001+B01001,all_persons,acs5_api,2022,puma,external_condition_earn_v1
26,500,2600500,EARN_16p_bin,lt_25k,30174.0,B20001,all_persons,acs5_api,2022,puma,external_condition_earn_v1
26,500,2600500,EARN_16p_bin,25k_50k,24744.0,B20001,all_persons,acs5_api,2022,puma,external_condition_earn_v1
26,500,2600500,EARN_16p_bin,50k_75k,15481.0,B20001,all_persons,acs5_api,2022,puma,external_condition_earn_v1
26,500,2600500,EARN_16p_bin,75k_100k,6844.0,B20001,all_persons,acs5_api,2022,puma,external_condition_earn_v1
26,500,2600500,EARN_16p_bin,ge_100k,8426.0,B20001,all_persons,acs5_api,2022,puma,external_condition_earn_v1
26,600,2600600,AGEP_SEX_cross,"[0.0, 5.0)__1",2990.0,B01001,all_persons,acs5_api,2022,puma,external_condition_v1_agesex
26,600,2600600,AGEP_SEX_cross,"[0.0, 5.0)__2",2994.0,B01001,all_persons,acs5_api,2022,puma,external_condition_v1_agesex
26,600,2600600,AGEP_SEX_cross,"[5.0, 18.0)__1",9741.0,B01001,all_persons,acs5_api,2022,puma,external_condition_v1_agesex
26,600,2600600,AGEP_SEX_cross,"[5.0, 18.0)__2",8896.0,B01001,all_persons,acs5_api,2022,puma,external_condition_v1_agesex
26,600,2600600,AGEP_SEX_cross,"[18.0, 25.0)__1",4635.0,B01001,all_persons,acs5_api,2022,puma,external_condition_v1_agesex
26,600,2600600,AGEP_SEX_cross,"[18.0, 25.0)__2",4080.0,B01001,all_persons,acs5_api,2022,puma,external_condition_v1_agesex
26,600,2600600,AGEP_SEX_cross,"[25.0, 35.0)__1",6769.0,B01001,all_persons,acs5_api,2022,puma,external_condition_v1_agesex
26,600,2600600,AGEP_SEX_cross,"[25.0, 35.0)__2",6054.0,B01001,all_persons,acs5_api,2022,puma,external_condition_v1_agesex
26,600,2600600,AGEP_SEX_cross,"[35.0, 45.0)__1",6785.0,B01001,all_persons,acs5_api,2022,puma,external_condition_v1_agesex
26,600,2600600,AGEP_SEX_cross,"[35.0, 45.0)__2",6207.0,B01001,all_persons,acs5_api,2022,puma,external_condition_v1_agesex
26,600,2600600,AGEP_SEX_cross,"[45.0, 55.0)__1",7234.0,B01001,all_persons,acs5_api,2022,puma,external_condition_v1_agesex
26,600,2600600,AGEP_SEX_cross,"[45.0, 55.0)__2",6664.0,B01001,all_persons,acs5_api,2022,puma,external_condition_v1_agesex
26,600,2600600,AGEP_SEX_cross,"[55.0, 65.0)__1",9640.0,B01001,all_persons,acs5_api,2022,puma,external_condition_v1_agesex
26,600,2600600,AGEP_SEX_cross,"[55.0, 65.0)__2",9301.0,B01001,all_persons,acs5_api,2022,puma,external_condition_v1_agesex
26,600,2600600,AGEP_SEX_cross,"[65.0, 75.0)__1",8163.0,B01001,all_persons,acs5_api,2022,puma,external_condition_v1_agesex
26,600,2600600,AGEP_SEX_cross,"[65.0, 75.0)__2",7856.0,B01001,all_persons,acs5_api,2022,puma,external_condition_v1_agesex
26,600,2600600,AGEP_SEX_cross,"[75.0, 85.0)__1",3626.0,B01001,all_persons,acs5_api,2022,puma,external_condition_v1_agesex
26,600,2600600,AGEP_SEX_cross,"[75.0, 85.0)__2",4149.0,B01001,all_persons,acs5_api,2022,puma,external_condition_v1_agesex
26,600,2600600,AGEP_SEX_cross,"[85.0, 1000.0)__1",960.0,B01001,all_persons,acs5_api,2022,puma,external_condition_v1_agesex
26,600,2600600,AGEP_SEX_cross,"[85.0, 1000.0)__2",1556.0,B01001,all_persons,acs5_api,2022,puma,external_condition_v1_agesex
26,600,2600600,SCHL_allpop,not_25p,33336.0,B15003,all_persons,acs5_api,2022,puma,external_condition_v1_agesex
26,600,2600600,SCHL_allpop,less_than_high_school,8757.0,B15003,all_persons,acs5_api,2022,puma,external_condition_v1_agesex
26,600,2600600,SCHL_allpop,high_school_or_ged,32580.0,B15003,all_persons,acs5_api,2022,puma,external_condition_v1_agesex
26,600,2600600,SCHL_allpop,some_college_or_assoc,27185.0,B15003,all_persons,acs5_api,2022,puma,external_condition_v1_agesex
26,600,2600600,SCHL_allpop,bachelor_plus,16442.0,B15003,all_persons,acs5_api,2022,puma,external_condition_v1_agesex
26,600,2600600,ESR_allpop,not_16p,21753.0,B23025,all_persons,acs5_api,2022,puma,external_condition_v1_agesex
26,600,2600600,ESR_allpop,employed,49431.0,B23025,all_persons,acs5_api,2022,puma,external_condition_v1_agesex
26,600,2600600,ESR_allpop,unemployed,2617.0,B23025,all_persons,acs5_api,2022,puma,external_condition_v1_agesex
26,600,2600600,ESR_allpop,armed_forces,14.0,B23025,all_persons,acs5_api,2022,puma,external_condition_v1_agesex
26,600,2600600,ESR_allpop,not_in_labor_force,44485.0,B23025,all_persons,acs5_api,2022,puma,external_condition_v1_agesex
26,600,2600600,EARN_16p_bin,not_in_earnings_universe,62730.0,B20001+B01001,all_persons,acs5_api,2022,puma,external_condition_earn_v1
26,600,2600600,EARN_16p_bin,lt_25k,20703.0,B20001,all_persons,acs5_api,2022,puma,external_condition_earn_v1
26,600,2600600,EARN_16p_bin,25k_50k,17562.0,B20001,all_persons,acs5_api,2022,puma,external_condition_earn_v1
26,600,2600600,EARN_16p_bin,50k_75k,9929.0,B20001,all_persons,acs5_api,2022,puma,external_condition_earn_v1
26,600,2600600,EARN_16p_bin,75k_100k,3882.0,B20001,all_persons,acs5_api,2022,puma,external_condition_earn_v1
26,600,2600600,EARN_16p_bin,ge_100k,3494.0,B20001,all_persons,acs5_api,2022,puma,external_condition_earn_v1
26,700,2600700,AGEP_SEX_cross,"[0.0, 5.0)__1",5256.0,B01001,all_persons,acs5_api,2022,puma,external_condition_v1_agesex
26,700,2600700,AGEP_SEX_cross,"[0.0, 5.0)__2",4994.0,B01001,all_persons,acs5_api,2022,puma,external_condition_v1_agesex
26,700,2600700,AGEP_SEX_cross,"[5.0, 18.0)__1",15023.0,B01001,all_persons,acs5_api,2022,puma,external_condition_v1_agesex
26,700,2600700,AGEP_SEX_cross,"[5.0, 18.0)__2",14475.0,B01001,all_persons,acs5_api,2022,puma,external_condition_v1_agesex
26,700,2600700,AGEP_SEX_cross,"[18.0, 25.0)__1",7719.0,B01001,all_persons,acs5_api,2022,puma,external_condition_v1_agesex
26,700,2600700,AGEP_SEX_cross,"[18.0, 25.0)__2",6989.0,B01001,all_persons,acs5_api,2022,puma,external_condition_v1_agesex
26,700,2600700,AGEP_SEX_cross,"[25.0, 35.0)__1",12132.0,B01001,all_persons,acs5_api,2022,puma,external_condition_v1_agesex
26,700,2600700,AGEP_SEX_cross,"[25.0, 35.0)__2",11082.0,B01001,all_persons,acs5_api,2022,puma,external_condition_v1_agesex
26,700,2600700,AGEP_SEX_cross,"[35.0, 45.0)__1",11223.0,B01001,all_persons,acs5_api,2022,puma,external_condition_v1_agesex
26,700,2600700,AGEP_SEX_cross,"[35.0, 45.0)__2",10610.0,B01001,all_persons,acs5_api,2022,puma,external_condition_v1_agesex
26,700,2600700,AGEP_SEX_cross,"[45.0, 55.0)__1",10912.0,B01001,all_persons,acs5_api,2022,puma,external_condition_v1_agesex
26,700,2600700,AGEP_SEX_cross,"[45.0, 55.0)__2",10065.0,B01001,all_persons,acs5_api,2022,puma,external_condition_v1_agesex
26,700,2600700,AGEP_SEX_cross,"[55.0, 65.0)__1",12142.0,B01001,all_persons,acs5_api,2022,puma,external_condition_v1_agesex
26,700,2600700,AGEP_SEX_cross,"[55.0, 65.0)__2",12392.0,B01001,all_persons,acs5_api,2022,puma,external_condition_v1_agesex
26,700,2600700,AGEP_SEX_cross,"[65.0, 75.0)__1",8949.0,B01001,all_persons,acs5_api,2022,puma,external_condition_v1_agesex
26,700,2600700,AGEP_SEX_cross,"[65.0, 75.0)__2",9733.0,B01001,all_persons,acs5_api,2022,puma,external_condition_v1_agesex
26,700,2600700,AGEP_SEX_cross,"[75.0, 85.0)__1",3634.0,B01001,all_persons,acs5_api,2022,puma,external_condition_v1_agesex
26,700,2600700,AGEP_SEX_cross,"[75.0, 85.0)__2",4835.0,B01001,all_persons,acs5_api,2022,puma,external_condition_v1_agesex
26,700,2600700,AGEP_SEX_cross,"[85.0, 1000.0)__1",1370.0,B01001,all_persons,acs5_api,2022,puma,external_condition_v1_agesex
26,700,2600700,AGEP_SEX_cross,"[85.0, 1000.0)__2",2412.0,B01001,all_persons,acs5_api,2022,puma,external_condition_v1_agesex
26,700,2600700,SCHL_allpop,not_25p,54456.0,B15003,all_persons,acs5_api,2022,puma,external_condition_v1_agesex
26,700,2600700,SCHL_allpop,less_than_high_school,9545.0,B15003,all_persons,acs5_api,2022,puma,external_condition_v1_agesex
26,700,2600700,SCHL_allpop,high_school_or_ged,42794.0,B15003,all_persons,acs5_api,2022,puma,external_condition_v1_agesex
26,700,2600700,SCHL_allpop,some_college_or_assoc,44011.0,B15003,all_persons,acs5_api,2022,puma,external_condition_v1_agesex
26,700,2600700,SCHL_allpop,bachelor_plus,25141.0,B15003,all_persons,acs5_api,2022,puma,external_condition_v1_agesex
26,700,2600700,ESR_allpop,not_16p,35046.0,B23025,all_persons,acs5_api,2022,puma,external_condition_v1_agesex
26,700,2600700,ESR_allpop,employed,77082.0,B23025,all_persons,acs5_api,2022,puma,external_condition_v1_agesex
26,700,2600700,ESR_allpop,unemployed,6217.0,B23025,all_persons,acs5_api,2022,puma,external_condition_v1_agesex
26,700,2600700,ESR_allpop,armed_forces,59.0,B23025,all_persons,acs5_api,2022,puma,external_condition_v1_agesex
26,700,2600700,ESR_allpop,not_in_labor_force,57543.0,B23025,all_persons,acs5_api,2022,puma,external_condition_v1_agesex
26,700,2600700,EARN_16p_bin,not_in_earnings_universe,89135.0,B20001+B01001,all_persons,acs5_api,2022,puma,external_condition_earn_v1
26,700,2600700,EARN_16p_bin,lt_25k,29796.0,B20001,all_persons,acs5_api,2022,puma,external_condition_earn_v1
26,700,2600700,EARN_16p_bin,25k_50k,28707.0,B20001,all_persons,acs5_api,2022,puma,external_condition_earn_v1
26,700,2600700,EARN_16p_bin,50k_75k,15603.0,B20001,all_persons,acs5_api,2022,puma,external_condition_earn_v1
26,700,2600700,EARN_16p_bin,75k_100k,6874.0,B20001,all_persons,acs5_api,2022,puma,external_condition_earn_v1
26,700,2600700,EARN_16p_bin,ge_100k,5832.0,B20001,all_persons,acs5_api,2022,puma,external_condition_earn_v1
26,801,2600801,AGEP_SEX_cross,"[0.0, 5.0)__1",4144.0,B01001,all_persons,acs5_api,2022,puma,external_condition_v1_agesex
26,801,2600801,AGEP_SEX_cross,"[0.0, 5.0)__2",3590.0,B01001,all_persons,acs5_api,2022,puma,external_condition_v1_agesex
26,801,2600801,AGEP_SEX_cross,"[5.0, 18.0)__1",12537.0,B01001,all_persons,acs5_api,2022,puma,external_condition_v1_agesex
26,801,2600801,AGEP_SEX_cross,"[5.0, 18.0)__2",13012.0,B01001,all_persons,acs5_api,2022,puma,external_condition_v1_agesex
26,801,2600801,AGEP_SEX_cross,"[18.0, 25.0)__1",8638.0,B01001,all_persons,acs5_api,2022,puma,external_condition_v1_agesex
26,801,2600801,AGEP_SEX_cross,"[18.0, 25.0)__2",8334.0,B01001,all_persons,acs5_api,2022,puma,external_condition_v1_agesex
26,801,2600801,AGEP_SEX_cross,"[25.0, 35.0)__1",8973.0,B01001,all_persons,acs5_api,2022,puma,external_condition_v1_agesex
26,801,2600801,AGEP_SEX_cross,"[25.0, 35.0)__2",8807.0,B01001,all_persons,acs5_api,2022,puma,external_condition_v1_agesex
26,801,2600801,AGEP_SEX_cross,"[35.0, 45.0)__1",9126.0,B01001,all_persons,acs5_api,2022,puma,external_condition_v1_agesex
26,801,2600801,AGEP_SEX_cross,"[35.0, 45.0)__2",8821.0,B01001,all_persons,acs5_api,2022,puma,external_condition_v1_agesex
26,801,2600801,AGEP_SEX_cross,"[45.0, 55.0)__1",9052.0,B01001,all_persons,acs5_api,2022,puma,external_condition_v1_agesex
26,801,2600801,AGEP_SEX_cross,"[45.0, 55.0)__2",9239.0,B01001,all_persons,acs5_api,2022,puma,external_condition_v1_agesex
26,801,2600801,AGEP_SEX_cross,"[55.0, 65.0)__1",10121.0,B01001,all_persons,acs5_api,2022,puma,external_condition_v1_agesex
26,801,2600801,AGEP_SEX_cross,"[55.0, 65.0)__2",9740.0,B01001,all_persons,acs5_api,2022,puma,external_condition_v1_agesex
26,801,2600801,AGEP_SEX_cross,"[65.0, 75.0)__1",7949.0,B01001,all_persons,acs5_api,2022,puma,external_condition_v1_agesex
26,801,2600801,AGEP_SEX_cross,"[65.0, 75.0)__2",8085.0,B01001,all_persons,acs5_api,2022,puma,external_condition_v1_agesex
26,801,2600801,AGEP_SEX_cross,"[75.0, 85.0)__1",3429.0,B01001,all_persons,acs5_api,2022,puma,external_condition_v1_agesex
26,801,2600801,AGEP_SEX_cross,"[75.0, 85.0)__2",4410.0,B01001,all_persons,acs5_api,2022,puma,external_condition_v1_agesex
26,801,2600801,AGEP_SEX_cross,"[85.0, 1000.0)__1",1241.0,B01001,all_persons,acs5_api,2022,puma,external_condition_v1_agesex
26,801,2600801,AGEP_SEX_cross,"[85.0, 1000.0)__2",2191.0,B01001,all_persons,acs5_api,2022,puma,external_condition_v1_agesex
26,801,2600801,SCHL_allpop,not_25p,50255.0,B15003,all_persons,acs5_api,2022,puma,external_condition_v1_agesex
26,801,2600801,SCHL_allpop,less_than_high_school,7121.0,B15003,all_persons,acs5_api,2022,puma,external_condition_v1_agesex
26,801,2600801,SCHL_allpop,high_school_or_ged,26549.0,B15003,all_persons,acs5_api,2022,puma,external_condition_v1_agesex
26,801,2600801,SCHL_allpop,some_college_or_assoc,30127.0,B15003,all_persons,acs5_api,2022,puma,external_condition_v1_agesex
26,801,2600801,SCHL_allpop,bachelor_plus,37387.0,B15003,all_persons,acs5_api,2022,puma,external_condition_v1_agesex
26,801,2600801,ESR_allpop,not_16p,28957.0,B23025,all_persons,acs5_api,2022,puma,external_condition_v1_agesex
26,801,2600801,ESR_allpop,employed,77689.0,B23025,all_persons,acs5_api,2022,puma,external_condition_v1_agesex
26,801,2600801,ESR_allpop,unemployed,3057.0,B23025,all_persons,acs5_api,2022,puma,external_condition_v1_agesex
26,801,2600801,ESR_allpop,armed_forces,22.0,B23025,all_persons,acs5_api,2022,puma,external_condition_v1_agesex
26,801,2600801,ESR_allpop,not_in_labor_force,41714.0,B23025,all_persons,acs5_api,2022,puma,external_condition_v1_agesex
26,801,2600801,EARN_16p_bin,not_in_earnings_universe,65365.0,B20001+B01001,all_persons,acs5_api,2022,puma,external_condition_earn_v1
26,801,2600801,EARN_16p_bin,lt_25k,28401.0,B20001,all_persons,acs5_api,2022,puma,external_condition_earn_v1
26,801,2600801,EARN_16p_bin,25k_50k,23501.0,B20001,all_persons,acs5_api,2022,puma,external_condition_earn_v1
26,801,2600801,EARN_16p_bin,50k_75k,14716.0,B20001,all_persons,acs5_api,2022,puma,external_condition_earn_v1
26,801,2600801,EARN_16p_bin,75k_100k,8308.0,B20001,all_persons,acs5_api,2022,puma,external_condition_earn_v1
26,801,2600801,EARN_16p_bin,ge_100k,11148.0,B20001,all_persons,acs5_api,2022,puma,external_condition_earn_v1
26,802,2600802,AGEP_SEX_cross,"[0.0, 5.0)__1",4561.0,B01001,all_persons,acs5_api,2022,puma,external_condition_v1_agesex
26,802,2600802,AGEP_SEX_cross,"[0.0, 5.0)__2",4686.0,B01001,all_persons,acs5_api,2022,puma,external_condition_v1_agesex
26,802,2600802,AGEP_SEX_cross,"[5.0, 18.0)__1",14347.0,B01001,all_persons,acs5_api,2022,puma,external_condition_v1_agesex
26,802,2600802,AGEP_SEX_cross,"[5.0, 18.0)__2",12379.0,B01001,all_persons,acs5_api,2022,puma,external_condition_v1_agesex
26,802,2600802,AGEP_SEX_cross,"[18.0, 25.0)__1",10979.0,B01001,all_persons,acs5_api,2022,puma,external_condition_v1_agesex
26,802,2600802,AGEP_SEX_cross,"[18.0, 25.0)__2",12275.0,B01001,all_persons,acs5_api,2022,puma,external_condition_v1_agesex
26,802,2600802,AGEP_SEX_cross,"[25.0, 35.0)__1",9199.0,B01001,all_persons,acs5_api,2022,puma,external_condition_v1_agesex
26,802,2600802,AGEP_SEX_cross,"[25.0, 35.0)__2",8718.0,B01001,all_persons,acs5_api,2022,puma,external_condition_v1_agesex
26,802,2600802,AGEP_SEX_cross,"[35.0, 45.0)__1",8978.0,B01001,all_persons,acs5_api,2022,puma,external_condition_v1_agesex
26,802,2600802,AGEP_SEX_cross,"[35.0, 45.0)__2",8856.0,B01001,all_persons,acs5_api,2022,puma,external_condition_v1_agesex
26,802,2600802,AGEP_SEX_cross,"[45.0, 55.0)__1",7798.0,B01001,all_persons,acs5_api,2022,puma,external_condition_v1_agesex
26,802,2600802,AGEP_SEX_cross,"[45.0, 55.0)__2",7029.0,B01001,all_persons,acs5_api,2022,puma,external_condition_v1_agesex
26,802,2600802,AGEP_SEX_cross,"[55.0, 65.0)__1",7551.0,B01001,all_persons,acs5_api,2022,puma,external_condition_v1_agesex
26,802,2600802,AGEP_SEX_cross,"[55.0, 65.0)__2",8047.0,B01001,all_persons,acs5_api,2022,puma,external_condition_v1_agesex
26,802,2600802,AGEP_SEX_cross,"[65.0, 75.0)__1",5140.0,B01001,all_persons,acs5_api,2022,puma,external_condition_v1_agesex
26,802,2600802,AGEP_SEX_cross,"[65.0, 75.0)__2",5934.0,B01001,all_persons,acs5_api,2022,puma,external_condition_v1_agesex
26,802,2600802,AGEP_SEX_cross,"[75.0, 85.0)__1",2508.0,B01001,all_persons,acs5_api,2022,puma,external_condition_v1_agesex
26,802,2600802,AGEP_SEX_cross,"[75.0, 85.0)__2",3125.0,B01001,all_persons,acs5_api,2022,puma,external_condition_v1_agesex
26,802,2600802,AGEP_SEX_cross,"[85.0, 1000.0)__1",957.0,B01001,all_persons,acs5_api,2022,puma,external_condition_v1_agesex
26,802,2600802,AGEP_SEX_cross,"[85.0, 1000.0)__2",1677.0,B01001,all_persons,acs5_api,2022,puma,external_condition_v1_agesex
26,802,2600802,SCHL_allpop,not_25p,59227.0,B15003,all_persons,acs5_api,2022,puma,external_condition_v1_agesex
26,802,2600802,SCHL_allpop,less_than_high_school,3748.0,B15003,all_persons,acs5_api,2022,puma,external_condition_v1_agesex
26,802,2600802,SCHL_allpop,high_school_or_ged,23144.0,B15003,all_persons,acs5_api,2022,puma,external_condition_v1_agesex
26,802,2600802,SCHL_allpop,some_college_or_assoc,27871.0,B15003,all_persons,acs5_api,2022,puma,external_condition_v1_agesex
26,802,2600802,SCHL_allpop,bachelor_plus,30754.0,B15003,all_persons,acs5_api,2022,puma,external_condition_v1_agesex
26,802,2600802,ESR_allpop,not_16p,31675.0,B23025,all_persons,acs5_api,2022,puma,external_condition_v1_agesex
26,802,2600802,ESR_allpop,employed,75779.0,B23025,all_persons,acs5_api,2022,puma,external_condition_v1_agesex
26,802,2600802,ESR_allpop,unemployed,2967.0,B23025,all_persons,acs5_api,2022,puma,external_condition_v1_agesex
26,802,2600802,ESR_allpop,armed_forces,107.0,B23025,all_persons,acs5_api,2022,puma,external_condition_v1_agesex
26,802,2600802,ESR_allpop,not_in_labor_force,34216.0,B23025,all_persons,acs5_api,2022,puma,external_condition_v1_agesex
26,802,2600802,EARN_16p_bin,not_in_earnings_universe,59777.0,B20001+B01001,all_persons,acs5_api,2022,puma,external_condition_earn_v1
26,802,2600802,EARN_16p_bin,lt_25k,30890.0,B20001,all_persons,acs5_api,2022,puma,external_condition_earn_v1
26,802,2600802,EARN_16p_bin,25k_50k,19684.0,B20001,all_persons,acs5_api,2022,puma,external_condition_earn_v1
26,802,2600802,EARN_16p_bin,50k_75k,15694.0,B20001,all_persons,acs5_api,2022,puma,external_condition_earn_v1
26,802,2600802,EARN_16p_bin,75k_100k,8285.0,B20001,all_persons,acs5_api,2022,puma,external_condition_earn_v1
26,802,2600802,EARN_16p_bin,ge_100k,10414.0,B20001,all_persons,acs5_api,2022,puma,external_condition_earn_v1
26,900,2600900,AGEP_SEX_cross,"[0.0, 5.0)__1",3595.0,B01001,all_persons,acs5_api,2022,puma,external_condition_v1_agesex
26,900,2600900,AGEP_SEX_cross,"[0.0, 5.0)__2",3421.0,B01001,all_persons,acs5_api,2022,puma,external_condition_v1_agesex
26,900,2600900,AGEP_SEX_cross,"[5.0, 18.0)__1",10860.0,B01001,all_persons,acs5_api,2022,puma,external_condition_v1_agesex
26,900,2600900,AGEP_SEX_cross,"[5.0, 18.0)__2",10513.0,B01001,all_persons,acs5_api,2022,puma,external_condition_v1_agesex
26,900,2600900,AGEP_SEX_cross,"[18.0, 25.0)__1",5036.0,B01001,all_persons,acs5_api,2022,puma,external_condition_v1_agesex
26,900,2600900,AGEP_SEX_cross,"[18.0, 25.0)__2",4410.0,B01001,all_persons,acs5_api,2022,puma,external_condition_v1_agesex
26,900,2600900,AGEP_SEX_cross,"[25.0, 35.0)__1",7208.0,B01001,all_persons,acs5_api,2022,puma,external_condition_v1_agesex
26,900,2600900,AGEP_SEX_cross,"[25.0, 35.0)__2",7255.0,B01001,all_persons,acs5_api,2022,puma,external_condition_v1_agesex
26,900,2600900,AGEP_SEX_cross,"[35.0, 45.0)__1",7472.0,B01001,all_persons,acs5_api,2022,puma,external_condition_v1_agesex
26,900,2600900,AGEP_SEX_cross,"[35.0, 45.0)__2",7166.0,B01001,all_persons,acs5_api,2022,puma,external_condition_v1_agesex
26,900,2600900,AGEP_SEX_cross,"[45.0, 55.0)__1",7729.0,B01001,all_persons,acs5_api,2022,puma,external_condition_v1_agesex
26,900,2600900,AGEP_SEX_cross,"[45.0, 55.0)__2",7377.0,B01001,all_persons,acs5_api,2022,puma,external_condition_v1_agesex
26,900,2600900,AGEP_SEX_cross,"[55.0, 65.0)__1",8752.0,B01001,all_persons,acs5_api,2022,puma,external_condition_v1_agesex
26,900,2600900,AGEP_SEX_cross,"[55.0, 65.0)__2",8524.0,B01001,all_persons,acs5_api,2022,puma,external_condition_v1_agesex
26,900,2600900,AGEP_SEX_cross,"[65.0, 75.0)__1",6407.0,B01001,all_persons,acs5_api,2022,puma,external_condition_v1_agesex
26,900,2600900,AGEP_SEX_cross,"[65.0, 75.0)__2",6648.0,B01001,all_persons,acs5_api,2022,puma,external_condition_v1_agesex
26,900,2600900,AGEP_SEX_cross,"[75.0, 85.0)__1",2502.0,B01001,all_persons,acs5_api,2022,puma,external_condition_v1_agesex
26,900,2600900,AGEP_SEX_cross,"[75.0, 85.0)__2",3340.0,B01001,all_persons,acs5_api,2022,puma,external_condition_v1_agesex
26,900,2600900,AGEP_SEX_cross,"[85.0, 1000.0)__1",861.0,B01001,all_persons,acs5_api,2022,puma,external_condition_v1_agesex
26,900,2600900,AGEP_SEX_cross,"[85.0, 1000.0)__2",1113.0,B01001,all_persons,acs5_api,2022,puma,external_condition_v1_agesex
26,900,2600900,SCHL_allpop,not_25p,37835.0,B15003,all_persons,acs5_api,2022,puma,external_condition_v1_agesex
26,900,2600900,SCHL_allpop,less_than_high_school,6856.0,B15003,all_persons,acs5_api,2022,puma,external_condition_v1_agesex
26,900,2600900,SCHL_allpop,high_school_or_ged,30099.0,B15003,all_persons,acs5_api,2022,puma,external_condition_v1_agesex
26,900,2600900,SCHL_allpop,some_college_or_assoc,25524.0,B15003,all_persons,acs5_api,2022,puma,external_condition_v1_agesex
26,900,2600900,SCHL_allpop,bachelor_plus,19875.0,B15003,all_persons,acs5_api,2022,puma,external_condition_v1_agesex
26,900,2600900,ESR_allpop,not_16p,24923.0,B23025,all_persons,acs5_api,2022,puma,external_condition_v1_agesex
26,900,2600900,ESR_allpop,employed,57047.0,B23025,all_persons,acs5_api,2022,puma,external_condition_v1_agesex
26,900,2600900,ESR_allpop,unemployed,1991.0,B23025,all_persons,acs5_api,2022,puma,external_condition_v1_agesex
26,900,2600900,ESR_allpop,armed_forces,56.0,B23025,all_persons,acs5_api,2022,puma,external_condition_v1_agesex
26,900,2600900,ESR_allpop,not_in_labor_force,36172.0,B23025,all_persons,acs5_api,2022,puma,external_condition_v1_agesex
26,900,2600900,EARN_16p_bin,not_in_earnings_universe,57645.0,B20001+B01001,all_persons,acs5_api,2022,puma,external_condition_earn_v1
26,900,2600900,EARN_16p_bin,lt_25k,18648.0,B20001,all_persons,acs5_api,2022,puma,external_condition_earn_v1
26,900,2600900,EARN_16p_bin,25k_50k,18737.0,B20001,all_persons,acs5_api,2022,puma,external_condition_earn_v1
26,900,2600900,EARN_16p_bin,50k_75k,12606.0,B20001,all_persons,acs5_api,2022,puma,external_condition_earn_v1
26,900,2600900,EARN_16p_bin,75k_100k,6199.0,B20001,all_persons,acs5_api,2022,puma,external_condition_earn_v1
26,900,2600900,EARN_16p_bin,ge_100k,6354.0,B20001,all_persons,acs5_api,2022,puma,external_condition_earn_v1
26,1001,2601001,AGEP_SEX_cross,"[0.0, 5.0)__1",4390.0,B01001,all_persons,acs5_api,2022,puma,external_condition_v1_agesex
26,1001,2601001,AGEP_SEX_cross,"[0.0, 5.0)__2",5025.0,B01001,all_persons,acs5_api,2022,puma,external_condition_v1_agesex
26,1001,2601001,AGEP_SEX_cross,"[5.0, 18.0)__1",14452.0,B01001,all_persons,acs5_api,2022,puma,external_condition_v1_agesex
26,1001,2601001,AGEP_SEX_cross,"[5.0, 18.0)__2",12951.0,B01001,all_persons,acs5_api,2022,puma,external_condition_v1_agesex
26,1001,2601001,AGEP_SEX_cross,"[18.0, 25.0)__1",6959.0,B01001,all_persons,acs5_api,2022,puma,external_condition_v1_agesex
26,1001,2601001,AGEP_SEX_cross,"[18.0, 25.0)__2",6999.0,B01001,all_persons,acs5_api,2022,puma,external_condition_v1_agesex
26,1001,2601001,AGEP_SEX_cross,"[25.0, 35.0)__1",13097.0,B01001,all_persons,acs5_api,2022,puma,external_condition_v1_agesex
26,1001,2601001,AGEP_SEX_cross,"[25.0, 35.0)__2",11937.0,B01001,all_persons,acs5_api,2022,puma,external_condition_v1_agesex
26,1001,2601001,AGEP_SEX_cross,"[35.0, 45.0)__1",10529.0,B01001,all_persons,acs5_api,2022,puma,external_condition_v1_agesex
26,1001,2601001,AGEP_SEX_cross,"[35.0, 45.0)__2",9905.0,B01001,all_persons,acs5_api,2022,puma,external_condition_v1_agesex
26,1001,2601001,AGEP_SEX_cross,"[45.0, 55.0)__1",8867.0,B01001,all_persons,acs5_api,2022,puma,external_condition_v1_agesex
26,1001,2601001,AGEP_SEX_cross,"[45.0, 55.0)__2",8765.0,B01001,all_persons,acs5_api,2022,puma,external_condition_v1_agesex
26,1001,2601001,AGEP_SEX_cross,"[55.0, 65.0)__1",9248.0,B01001,all_persons,acs5_api,2022,puma,external_condition_v1_agesex
26,1001,2601001,AGEP_SEX_cross,"[55.0, 65.0)__2",9814.0,B01001,all_persons,acs5_api,2022,puma,external_condition_v1_agesex
26,1001,2601001,AGEP_SEX_cross,"[65.0, 75.0)__1",5964.0,B01001,all_persons,acs5_api,2022,puma,external_condition_v1_agesex
26,1001,2601001,AGEP_SEX_cross,"[65.0, 75.0)__2",6542.0,B01001,all_persons,acs5_api,2022,puma,external_condition_v1_agesex
26,1001,2601001,AGEP_SEX_cross,"[75.0, 85.0)__1",2326.0,B01001,all_persons,acs5_api,2022,puma,external_condition_v1_agesex
26,1001,2601001,AGEP_SEX_cross,"[75.0, 85.0)__2",2996.0,B01001,all_persons,acs5_api,2022,puma,external_condition_v1_agesex
26,1001,2601001,AGEP_SEX_cross,"[85.0, 1000.0)__1",1101.0,B01001,all_persons,acs5_api,2022,puma,external_condition_v1_agesex
26,1001,2601001,AGEP_SEX_cross,"[85.0, 1000.0)__2",1658.0,B01001,all_persons,acs5_api,2022,puma,external_condition_v1_agesex
26,1001,2601001,SCHL_allpop,not_25p,50776.0,B15003,all_persons,acs5_api,2022,puma,external_condition_v1_agesex
26,1001,2601001,SCHL_allpop,less_than_high_school,9115.0,B15003,all_persons,acs5_api,2022,puma,external_condition_v1_agesex
26,1001,2601001,SCHL_allpop,high_school_or_ged,30808.0,B15003,all_persons,acs5_api,2022,puma,external_condition_v1_agesex
26,1001,2601001,SCHL_allpop,some_college_or_assoc,33657.0,B15003,all_persons,acs5_api,2022,puma,external_condition_v1_agesex
26,1001,2601001,SCHL_allpop,bachelor_plus,29169.0,B15003,all_persons,acs5_api,2022,puma,external_condition_v1_agesex
26,1001,2601001,ESR_allpop,not_16p,32421.0,B23025,all_persons,acs5_api,2022,puma,external_condition_v1_agesex
26,1001,2601001,ESR_allpop,employed,82154.0,B23025,all_persons,acs5_api,2022,puma,external_condition_v1_agesex
26,1001,2601001,ESR_allpop,unemployed,3410.0,B23025,all_persons,acs5_api,2022,puma,external_condition_v1_agesex
26,1001,2601001,ESR_allpop,armed_forces,67.0,B23025,all_persons,acs5_api,2022,puma,external_condition_v1_agesex
26,1001,2601001,ESR_allpop,not_in_labor_force,35473.0,B23025,all_persons,acs5_api,2022,puma,external_condition_v1_agesex
26,1001,2601001,EARN_16p_bin,not_in_earnings_universe,64314.0,B20001+B01001,all_persons,acs5_api,2022,puma,external_condition_earn_v1
26,1001,2601001,EARN_16p_bin,lt_25k,28337.0,B20001,all_persons,acs5_api,2022,puma,external_condition_earn_v1
26,1001,2601001,EARN_16p_bin,25k_50k,29058.0,B20001,all_persons,acs5_api,2022,puma,external_condition_earn_v1
26,1001,2601001,EARN_16p_bin,50k_75k,16931.0,B20001,all_persons,acs5_api,2022,puma,external_condition_earn_v1
26,1001,2601001,EARN_16p_bin,75k_100k,7806.0,B20001,all_persons,acs5_api,2022,puma,external_condition_earn_v1
26,1001,2601001,EARN_16p_bin,ge_100k,7079.0,B20001,all_persons,acs5_api,2022,puma,external_condition_earn_v1
26,1002,2601002,AGEP_SEX_cross,"[0.0, 5.0)__1",6959.0,B01001,all_persons,acs5_api,2022,puma,external_condition_v1_agesex
26,1002,2601002,AGEP_SEX_cross,"[0.0, 5.0)__2",6369.0,B01001,all_persons,acs5_api,2022,puma,external_condition_v1_agesex
26,1002,2601002,AGEP_SEX_cross,"[5.0, 18.0)__1",14839.0,B01001,all_persons,acs5_api,2022,puma,external_condition_v1_agesex
26,1002,2601002,AGEP_SEX_cross,"[5.0, 18.0)__2",14747.0,B01001,all_persons,acs5_api,2022,puma,external_condition_v1_agesex
26,1002,2601002,AGEP_SEX_cross,"[18.0, 25.0)__1",12792.0,B01001,all_persons,acs5_api,2022,puma,external_condition_v1_agesex
26,1002,2601002,AGEP_SEX_cross,"[18.0, 25.0)__2",13806.0,B01001,all_persons,acs5_api,2022,puma,external_condition_v1_agesex
26,1002,2601002,AGEP_SEX_cross,"[25.0, 35.0)__1",20222.0,B01001,all_persons,acs5_api,2022,puma,external_condition_v1_agesex
26,1002,2601002,AGEP_SEX_cross,"[25.0, 35.0)__2",20155.0,B01001,all_persons,acs5_api,2022,puma,external_condition_v1_agesex
26,1002,2601002,AGEP_SEX_cross,"[35.0, 45.0)__1",12235.0,B01001,all_persons,acs5_api,2022,puma,external_condition_v1_agesex
26,1002,2601002,AGEP_SEX_cross,"[35.0, 45.0)__2",12040.0,B01001,all_persons,acs5_api,2022,puma,external_condition_v1_agesex
26,1002,2601002,AGEP_SEX_cross,"[45.0, 55.0)__1",9815.0,B01001,all_persons,acs5_api,2022,puma,external_condition_v1_agesex
26,1002,2601002,AGEP_SEX_cross,"[45.0, 55.0)__2",9508.0,B01001,all_persons,acs5_api,2022,puma,external_condition_v1_agesex
26,1002,2601002,AGEP_SEX_cross,"[55.0, 65.0)__1",10113.0,B01001,all_persons,acs5_api,2022,puma,external_condition_v1_agesex
26,1002,2601002,AGEP_SEX_cross,"[55.0, 65.0)__2",9986.0,B01001,all_persons,acs5_api,2022,puma,external_condition_v1_agesex
26,1002,2601002,AGEP_SEX_cross,"[65.0, 75.0)__1",6980.0,B01001,all_persons,acs5_api,2022,puma,external_condition_v1_agesex
26,1002,2601002,AGEP_SEX_cross,"[65.0, 75.0)__2",8334.0,B01001,all_persons,acs5_api,2022,puma,external_condition_v1_agesex
26,1002,2601002,AGEP_SEX_cross,"[75.0, 85.0)__1",2650.0,B01001,all_persons,acs5_api,2022,puma,external_condition_v1_agesex
26,1002,2601002,AGEP_SEX_cross,"[75.0, 85.0)__2",4142.0,B01001,all_persons,acs5_api,2022,puma,external_condition_v1_agesex
26,1002,2601002,AGEP_SEX_cross,"[85.0, 1000.0)__1",921.0,B01001,all_persons,acs5_api,2022,puma,external_condition_v1_agesex
26,1002,2601002,AGEP_SEX_cross,"[85.0, 1000.0)__2",2702.0,B01001,all_persons,acs5_api,2022,puma,external_condition_v1_agesex
26,1002,2601002,SCHL_allpop,not_25p,69512.0,B15003,all_persons,acs5_api,2022,puma,external_condition_v1_agesex
26,1002,2601002,SCHL_allpop,less_than_high_school,13777.0,B15003,all_persons,acs5_api,2022,puma,external_condition_v1_agesex
26,1002,2601002,SCHL_allpop,high_school_or_ged,29204.0,B15003,all_persons,acs5_api,2022,puma,external_condition_v1_agesex
26,1002,2601002,SCHL_allpop,some_college_or_assoc,36009.0,B15003,all_persons,acs5_api,2022,puma,external_condition_v1_agesex
26,1002,2601002,SCHL_allpop,bachelor_plus,50813.0,B15003,all_persons,acs5_api,2022,puma,external_condition_v1_agesex
26,1002,2601002,ESR_allpop,not_16p,38366.0,B23025,all_persons,acs5_api,2022,puma,external_condition_v1_agesex
26,1002,2601002,ESR_allpop,employed,104409.0,B23025,all_persons,acs5_api,2022,puma,external_condition_v1_agesex
26,1002,2601002,ESR_allpop,unemployed,6097.0,B23025,all_persons,acs5_api,2022,puma,external_condition_v1_agesex
26,1002,2601002,ESR_allpop,armed_forces,80.0,B23025,all_persons,acs5_api,2022,puma,external_condition_v1_agesex
26,1002,2601002,ESR_allpop,not_in_labor_force,50363.0,B23025,all_persons,acs5_api,2022,puma,external_condition_v1_agesex
26,1002,2601002,EARN_16p_bin,not_in_earnings_universe,82811.0,B20001+B01001,all_persons,acs5_api,2022,puma,external_condition_earn_v1
26,1002,2601002,EARN_16p_bin,lt_25k,42402.0,B20001,all_persons,acs5_api,2022,puma,external_condition_earn_v1
26,1002,2601002,EARN_16p_bin,25k_50k,34444.0,B20001,all_persons,acs5_api,2022,puma,external_condition_earn_v1
26,1002,2601002,EARN_16p_bin,50k_75k,21489.0,B20001,all_persons,acs5_api,2022,puma,external_condition_earn_v1
26,1002,2601002,EARN_16p_bin,75k_100k,9745.0,B20001,all_persons,acs5_api,2022,puma,external_condition_earn_v1
26,1002,2601002,EARN_16p_bin,ge_100k,8424.0,B20001,all_persons,acs5_api,2022,puma,external_condition_earn_v1
26,1003,2601003,AGEP_SEX_cross,"[0.0, 5.0)__1",6388.0,B01001,all_persons,acs5_api,2022,puma,external_condition_v1_agesex
26,1003,2601003,AGEP_SEX_cross,"[0.0, 5.0)__2",5161.0,B01001,all_persons,acs5_api,2022,puma,external_condition_v1_agesex
26,1003,2601003,AGEP_SEX_cross,"[5.0, 18.0)__1",17705.0,B01001,all_persons,acs5_api,2022,puma,external_condition_v1_agesex
26,1003,2601003,AGEP_SEX_cross,"[5.0, 18.0)__2",16601.0,B01001,all_persons,acs5_api,2022,puma,external_condition_v1_agesex
26,1003,2601003,AGEP_SEX_cross,"[18.0, 25.0)__1",7294.0,B01001,all_persons,acs5_api,2022,puma,external_condition_v1_agesex
26,1003,2601003,AGEP_SEX_cross,"[18.0, 25.0)__2",6776.0,B01001,all_persons,acs5_api,2022,puma,external_condition_v1_agesex
26,1003,2601003,AGEP_SEX_cross,"[25.0, 35.0)__1",10875.0,B01001,all_persons,acs5_api,2022,puma,external_condition_v1_agesex
26,1003,2601003,AGEP_SEX_cross,"[25.0, 35.0)__2",11555.0,B01001,all_persons,acs5_api,2022,puma,external_condition_v1_agesex
26,1003,2601003,AGEP_SEX_cross,"[35.0, 45.0)__1",12469.0,B01001,all_persons,acs5_api,2022,puma,external_condition_v1_agesex
26,1003,2601003,AGEP_SEX_cross,"[35.0, 45.0)__2",11916.0,B01001,all_persons,acs5_api,2022,puma,external_condition_v1_agesex
26,1003,2601003,AGEP_SEX_cross,"[45.0, 55.0)__1",10664.0,B01001,all_persons,acs5_api,2022,puma,external_condition_v1_agesex
26,1003,2601003,AGEP_SEX_cross,"[45.0, 55.0)__2",11402.0,B01001,all_persons,acs5_api,2022,puma,external_condition_v1_agesex
26,1003,2601003,AGEP_SEX_cross,"[55.0, 65.0)__1",10875.0,B01001,all_persons,acs5_api,2022,puma,external_condition_v1_agesex
26,1003,2601003,AGEP_SEX_cross,"[55.0, 65.0)__2",11384.0,B01001,all_persons,acs5_api,2022,puma,external_condition_v1_agesex
26,1003,2601003,AGEP_SEX_cross,"[65.0, 75.0)__1",7564.0,B01001,all_persons,acs5_api,2022,puma,external_condition_v1_agesex
26,1003,2601003,AGEP_SEX_cross,"[65.0, 75.0)__2",8292.0,B01001,all_persons,acs5_api,2022,puma,external_condition_v1_agesex
26,1003,2601003,AGEP_SEX_cross,"[75.0, 85.0)__1",3880.0,B01001,all_persons,acs5_api,2022,puma,external_condition_v1_agesex
26,1003,2601003,AGEP_SEX_cross,"[75.0, 85.0)__2",4488.0,B01001,all_persons,acs5_api,2022,puma,external_condition_v1_agesex
26,1003,2601003,AGEP_SEX_cross,"[85.0, 1000.0)__1",999.0,B01001,all_persons,acs5_api,2022,puma,external_condition_v1_agesex
26,1003,2601003,AGEP_SEX_cross,"[85.0, 1000.0)__2",1645.0,B01001,all_persons,acs5_api,2022,puma,external_condition_v1_agesex
26,1003,2601003,SCHL_allpop,not_25p,59925.0,B15003,all_persons,acs5_api,2022,puma,external_condition_v1_agesex
26,1003,2601003,SCHL_allpop,less_than_high_school,5694.0,B15003,all_persons,acs5_api,2022,puma,external_condition_v1_agesex
26,1003,2601003,SCHL_allpop,high_school_or_ged,20953.0,B15003,all_persons,acs5_api,2022,puma,external_condition_v1_agesex
26,1003,2601003,SCHL_allpop,some_college_or_assoc,31294.0,B15003,all_persons,acs5_api,2022,puma,external_condition_v1_agesex
26,1003,2601003,SCHL_allpop,bachelor_plus,60067.0,B15003,all_persons,acs5_api,2022,puma,external_condition_v1_agesex
26,1003,2601003,ESR_allpop,not_16p,41458.0,B23025,all_persons,acs5_api,2022,puma,external_condition_v1_agesex
26,1003,2601003,ESR_allpop,employed,91586.0,B23025,all_persons,acs5_api,2022,puma,external_condition_v1_agesex
26,1003,2601003,ESR_allpop,unemployed,3418.0,B23025,all_persons,acs5_api,2022,puma,external_condition_v1_agesex
26,1003,2601003,ESR_allpop,armed_forces,10.0,B23025,all_persons,acs5_api,2022,puma,external_condition_v1_agesex
26,1003,2601003,ESR_allpop,not_in_labor_force,41461.0,B23025,all_persons,acs5_api,2022,puma,external_condition_v1_agesex
26,1003,2601003,EARN_16p_bin,not_in_earnings_universe,77787.0,B20001+B01001,all_persons,acs5_api,2022,puma,external_condition_earn_v1
26,1003,2601003,EARN_16p_bin,lt_25k,28679.0,B20001,all_persons,acs5_api,2022,puma,external_condition_earn_v1
26,1003,2601003,EARN_16p_bin,25k_50k,23898.0,B20001,all_persons,acs5_api,2022,puma,external_condition_earn_v1
26,1003,2601003,EARN_16p_bin,50k_75k,17679.0,B20001,all_persons,acs5_api,2022,puma,external_condition_earn_v1
26,1003,2601003,EARN_16p_bin,75k_100k,10495.0,B20001,all_persons,acs5_api,2022,puma,external_condition_earn_v1
26,1003,2601003,EARN_16p_bin,ge_100k,19395.0,B20001,all_persons,acs5_api,2022,puma,external_condition_earn_v1
26,1004,2601004,AGEP_SEX_cross,"[0.0, 5.0)__1",3653.0,B01001,all_persons,acs5_api,2022,puma,external_condition_v1_agesex
26,1004,2601004,AGEP_SEX_cross,"[0.0, 5.0)__2",3734.0,B01001,all_persons,acs5_api,2022,puma,external_condition_v1_agesex
26,1004,2601004,AGEP_SEX_cross,"[5.0, 18.0)__1",11589.0,B01001,all_persons,acs5_api,2022,puma,external_condition_v1_agesex
26,1004,2601004,AGEP_SEX_cross,"[5.0, 18.0)__2",10974.0,B01001,all_persons,acs5_api,2022,puma,external_condition_v1_agesex
26,1004,2601004,AGEP_SEX_cross,"[18.0, 25.0)__1",4860.0,B01001,all_persons,acs5_api,2022,puma,external_condition_v1_agesex
26,1004,2601004,AGEP_SEX_cross,"[18.0, 25.0)__2",4268.0,B01001,all_persons,acs5_api,2022,puma,external_condition_v1_agesex
26,1004,2601004,AGEP_SEX_cross,"[25.0, 35.0)__1",8076.0,B01001,all_persons,acs5_api,2022,puma,external_condition_v1_agesex
26,1004,2601004,AGEP_SEX_cross,"[25.0, 35.0)__2",7378.0,B01001,all_persons,acs5_api,2022,puma,external_condition_v1_agesex
26,1004,2601004,AGEP_SEX_cross,"[35.0, 45.0)__1",8208.0,B01001,all_persons,acs5_api,2022,puma,external_condition_v1_agesex
26,1004,2601004,AGEP_SEX_cross,"[35.0, 45.0)__2",8538.0,B01001,all_persons,acs5_api,2022,puma,external_condition_v1_agesex
26,1004,2601004,AGEP_SEX_cross,"[45.0, 55.0)__1",8738.0,B01001,all_persons,acs5_api,2022,puma,external_condition_v1_agesex
26,1004,2601004,AGEP_SEX_cross,"[45.0, 55.0)__2",8081.0,B01001,all_persons,acs5_api,2022,puma,external_condition_v1_agesex
26,1004,2601004,AGEP_SEX_cross,"[55.0, 65.0)__1",9229.0,B01001,all_persons,acs5_api,2022,puma,external_condition_v1_agesex
26,1004,2601004,AGEP_SEX_cross,"[55.0, 65.0)__2",9193.0,B01001,all_persons,acs5_api,2022,puma,external_condition_v1_agesex
26,1004,2601004,AGEP_SEX_cross,"[65.0, 75.0)__1",6242.0,B01001,all_persons,acs5_api,2022,puma,external_condition_v1_agesex
26,1004,2601004,AGEP_SEX_cross,"[65.0, 75.0)__2",6448.0,B01001,all_persons,acs5_api,2022,puma,external_condition_v1_agesex
26,1004,2601004,AGEP_SEX_cross,"[75.0, 85.0)__1",2419.0,B01001,all_persons,acs5_api,2022,puma,external_condition_v1_agesex
26,1004,2601004,AGEP_SEX_cross,"[75.0, 85.0)__2",2963.0,B01001,all_persons,acs5_api,2022,puma,external_condition_v1_agesex
26,1004,2601004,AGEP_SEX_cross,"[85.0, 1000.0)__1",694.0,B01001,all_persons,acs5_api,2022,puma,external_condition_v1_agesex
26,1004,2601004,AGEP_SEX_cross,"[85.0, 1000.0)__2",1263.0,B01001,all_persons,acs5_api,2022,puma,external_condition_v1_agesex
26,1004,2601004,SCHL_allpop,not_25p,39078.0,B15003,all_persons,acs5_api,2022,puma,external_condition_v1_agesex
26,1004,2601004,SCHL_allpop,less_than_high_school,4643.0,B15003,all_persons,acs5_api,2022,puma,external_condition_v1_agesex
26,1004,2601004,SCHL_allpop,high_school_or_ged,23938.0,B15003,all_persons,acs5_api,2022,puma,external_condition_v1_agesex
26,1004,2601004,SCHL_allpop,some_college_or_assoc,29907.0,B15003,all_persons,acs5_api,2022,puma,external_condition_v1_agesex
26,1004,2601004,SCHL_allpop,bachelor_plus,28982.0,B15003,all_persons,acs5_api,2022,puma,external_condition_v1_agesex
26,1004,2601004,ESR_allpop,not_16p,26320.0,B23025,all_persons,acs5_api,2022,puma,external_condition_v1_agesex
26,1004,2601004,ESR_allpop,employed,64138.0,B23025,all_persons,acs5_api,2022,puma,external_condition_v1_agesex
26,1004,2601004,ESR_allpop,unemployed,3133.0,B23025,all_persons,acs5_api,2022,puma,external_condition_v1_agesex
26,1004,2601004,ESR_allpop,armed_forces,68.0,B23025,all_persons,acs5_api,2022,puma,external_condition_v1_agesex
26,1004,2601004,ESR_allpop,not_in_labor_force,32889.0,B23025,all_persons,acs5_api,2022,puma,external_condition_v1_agesex
26,1004,2601004,EARN_16p_bin,not_in_earnings_universe,56214.0,B20001+B01001,all_persons,acs5_api,2022,puma,external_condition_earn_v1
26,1004,2601004,EARN_16p_bin,lt_25k,19764.0,B20001,all_persons,acs5_api,2022,puma,external_condition_earn_v1
26,1004,2601004,EARN_16p_bin,25k_50k,18010.0,B20001,all_persons,acs5_api,2022,puma,external_condition_earn_v1
26,1004,2601004,EARN_16p_bin,50k_75k,14113.0,B20001,all_persons,acs5_api,2022,puma,external_condition_earn_v1
26,1004,2601004,EARN_16p_bin,75k_100k,9005.0,B20001,all_persons,acs5_api,2022,puma,external_condition_earn_v1
26,1004,2601004,EARN_16p_bin,ge_100k,9442.0,B20001,all_persons,acs5_api,2022,puma,external_condition_earn_v1
26,1100,2601100,AGEP_SEX_cross,"[0.0, 5.0)__1",5245.0,B01001,all_persons,acs5_api,2022,puma,external_condition_v1_agesex
26,1100,2601100,AGEP_SEX_cross,"[0.0, 5.0)__2",5131.0,B01001,all_persons,acs5_api,2022,puma,external_condition_v1_agesex
26,1100,2601100,AGEP_SEX_cross,"[5.0, 18.0)__1",15876.0,B01001,all_persons,acs5_api,2022,puma,external_condition_v1_agesex
26,1100,2601100,AGEP_SEX_cross,"[5.0, 18.0)__2",15021.0,B01001,all_persons,acs5_api,2022,puma,external_condition_v1_agesex
26,1100,2601100,AGEP_SEX_cross,"[18.0, 25.0)__1",10943.0,B01001,all_persons,acs5_api,2022,puma,external_condition_v1_agesex
26,1100,2601100,AGEP_SEX_cross,"[18.0, 25.0)__2",8026.0,B01001,all_persons,acs5_api,2022,puma,external_condition_v1_agesex
26,1100,2601100,AGEP_SEX_cross,"[25.0, 35.0)__1",14023.0,B01001,all_persons,acs5_api,2022,puma,external_condition_v1_agesex
26,1100,2601100,AGEP_SEX_cross,"[25.0, 35.0)__2",10964.0,B01001,all_persons,acs5_api,2022,puma,external_condition_v1_agesex
26,1100,2601100,AGEP_SEX_cross,"[35.0, 45.0)__1",13673.0,B01001,all_persons,acs5_api,2022,puma,external_condition_v1_agesex
26,1100,2601100,AGEP_SEX_cross,"[35.0, 45.0)__2",10739.0,B01001,all_persons,acs5_api,2022,puma,external_condition_v1_agesex
26,1100,2601100,AGEP_SEX_cross,"[45.0, 55.0)__1",13604.0,B01001,all_persons,acs5_api,2022,puma,external_condition_v1_agesex
26,1100,2601100,AGEP_SEX_cross,"[45.0, 55.0)__2",11127.0,B01001,all_persons,acs5_api,2022,puma,external_condition_v1_agesex
26,1100,2601100,AGEP_SEX_cross,"[55.0, 65.0)__1",14399.0,B01001,all_persons,acs5_api,2022,puma,external_condition_v1_agesex
26,1100,2601100,AGEP_SEX_cross,"[55.0, 65.0)__2",13233.0,B01001,all_persons,acs5_api,2022,puma,external_condition_v1_agesex
26,1100,2601100,AGEP_SEX_cross,"[65.0, 75.0)__1",10444.0,B01001,all_persons,acs5_api,2022,puma,external_condition_v1_agesex
26,1100,2601100,AGEP_SEX_cross,"[65.0, 75.0)__2",10779.0,B01001,all_persons,acs5_api,2022,puma,external_condition_v1_agesex
26,1100,2601100,AGEP_SEX_cross,"[75.0, 85.0)__1",4488.0,B01001,all_persons,acs5_api,2022,puma,external_condition_v1_agesex
26,1100,2601100,AGEP_SEX_cross,"[75.0, 85.0)__2",5476.0,B01001,all_persons,acs5_api,2022,puma,external_condition_v1_agesex
26,1100,2601100,AGEP_SEX_cross,"[85.0, 1000.0)__1",1407.0,B01001,all_persons,acs5_api,2022,puma,external_condition_v1_agesex
26,1100,2601100,AGEP_SEX_cross,"[85.0, 1000.0)__2",2116.0,B01001,all_persons,acs5_api,2022,puma,external_condition_v1_agesex
26,1100,2601100,SCHL_allpop,not_25p,60242.0,B15003,all_persons,acs5_api,2022,puma,external_condition_v1_agesex
26,1100,2601100,SCHL_allpop,less_than_high_school,13513.0,B15003,all_persons,acs5_api,2022,puma,external_condition_v1_agesex
26,1100,2601100,SCHL_allpop,high_school_or_ged,53937.0,B15003,all_persons,acs5_api,2022,puma,external_condition_v1_agesex
26,1100,2601100,SCHL_allpop,some_college_or_assoc,45423.0,B15003,all_persons,acs5_api,2022,puma,external_condition_v1_agesex
26,1100,2601100,SCHL_allpop,bachelor_plus,23599.0,B15003,all_persons,acs5_api,2022,puma,external_condition_v1_agesex
26,1100,2601100,ESR_allpop,not_16p,36489.0,B23025,all_persons,acs5_api,2022,puma,external_condition_v1_agesex
26,1100,2601100,ESR_allpop,employed,85058.0,B23025,all_persons,acs5_api,2022,puma,external_condition_v1_agesex
26,1100,2601100,ESR_allpop,unemployed,4721.0,B23025,all_persons,acs5_api,2022,puma,external_condition_v1_agesex
26,1100,2601100,ESR_allpop,armed_forces,158.0,B23025,all_persons,acs5_api,2022,puma,external_condition_v1_agesex
26,1100,2601100,ESR_allpop,not_in_labor_force,70288.0,B23025,all_persons,acs5_api,2022,puma,external_condition_v1_agesex
26,1100,2601100,EARN_16p_bin,not_in_earnings_universe,100161.0,B20001+B01001,all_persons,acs5_api,2022,puma,external_condition_earn_v1
26,1100,2601100,EARN_16p_bin,lt_25k,34898.0,B20001,all_persons,acs5_api,2022,puma,external_condition_earn_v1
26,1100,2601100,EARN_16p_bin,25k_50k,30775.0,B20001,all_persons,acs5_api,2022,puma,external_condition_earn_v1
26,1100,2601100,EARN_16p_bin,50k_75k,17539.0,B20001,all_persons,acs5_api,2022,puma,external_condition_earn_v1
26,1100,2601100,EARN_16p_bin,75k_100k,7427.0,B20001,all_persons,acs5_api,2022,puma,external_condition_earn_v1
26,1100,2601100,EARN_16p_bin,ge_100k,5914.0,B20001,all_persons,acs5_api,2022,puma,external_condition_earn_v1
26,1200,2601200,AGEP_SEX_cross,"[0.0, 5.0)__1",3166.0,B01001,all_persons,acs5_api,2022,puma,external_condition_v1_agesex
26,1200,2601200,AGEP_SEX_cross,"[0.0, 5.0)__2",3252.0,B01001,all_persons,acs5_api,2022,puma,external_condition_v1_agesex
26,1200,2601200,AGEP_SEX_cross,"[5.0, 18.0)__1",9577.0,B01001,all_persons,acs5_api,2022,puma,external_condition_v1_agesex
26,1200,2601200,AGEP_SEX_cross,"[5.0, 18.0)__2",9327.0,B01001,all_persons,acs5_api,2022,puma,external_condition_v1_agesex
26,1200,2601200,AGEP_SEX_cross,"[18.0, 25.0)__1",11918.0,B01001,all_persons,acs5_api,2022,puma,external_condition_v1_agesex
26,1200,2601200,AGEP_SEX_cross,"[18.0, 25.0)__2",12832.0,B01001,all_persons,acs5_api,2022,puma,external_condition_v1_agesex
26,1200,2601200,AGEP_SEX_cross,"[25.0, 35.0)__1",9063.0,B01001,all_persons,acs5_api,2022,puma,external_condition_v1_agesex
26,1200,2601200,AGEP_SEX_cross,"[25.0, 35.0)__2",7277.0,B01001,all_persons,acs5_api,2022,puma,external_condition_v1_agesex
26,1200,2601200,AGEP_SEX_cross,"[35.0, 45.0)__1",8211.0,B01001,all_persons,acs5_api,2022,puma,external_condition_v1_agesex
26,1200,2601200,AGEP_SEX_cross,"[35.0, 45.0)__2",6928.0,B01001,all_persons,acs5_api,2022,puma,external_condition_v1_agesex
26,1200,2601200,AGEP_SEX_cross,"[45.0, 55.0)__1",7895.0,B01001,all_persons,acs5_api,2022,puma,external_condition_v1_agesex
26,1200,2601200,AGEP_SEX_cross,"[45.0, 55.0)__2",7051.0,B01001,all_persons,acs5_api,2022,puma,external_condition_v1_agesex
26,1200,2601200,AGEP_SEX_cross,"[55.0, 65.0)__1",8853.0,B01001,all_persons,acs5_api,2022,puma,external_condition_v1_agesex
26,1200,2601200,AGEP_SEX_cross,"[55.0, 65.0)__2",8637.0,B01001,all_persons,acs5_api,2022,puma,external_condition_v1_agesex
26,1200,2601200,AGEP_SEX_cross,"[65.0, 75.0)__1",6846.0,B01001,all_persons,acs5_api,2022,puma,external_condition_v1_agesex
26,1200,2601200,AGEP_SEX_cross,"[65.0, 75.0)__2",7203.0,B01001,all_persons,acs5_api,2022,puma,external_condition_v1_agesex
26,1200,2601200,AGEP_SEX_cross,"[75.0, 85.0)__1",2965.0,B01001,all_persons,acs5_api,2022,puma,external_condition_v1_agesex
26,1200,2601200,AGEP_SEX_cross,"[75.0, 85.0)__2",3762.0,B01001,all_persons,acs5_api,2022,puma,external_condition_v1_agesex
26,1200,2601200,AGEP_SEX_cross,"[85.0, 1000.0)__1",1084.0,B01001,all_persons,acs5_api,2022,puma,external_condition_v1_agesex
26,1200,2601200,AGEP_SEX_cross,"[85.0, 1000.0)__2",1623.0,B01001,all_persons,acs5_api,2022,puma,external_condition_v1_agesex
26,1200,2601200,SCHL_allpop,not_25p,50072.0,B15003,all_persons,acs5_api,2022,puma,external_condition_v1_agesex
26,1200,2601200,SCHL_allpop,less_than_high_school,7905.0,B15003,all_persons,acs5_api,2022,puma,external_condition_v1_agesex
26,1200,2601200,SCHL_allpop,high_school_or_ged,31926.0,B15003,all_persons,acs5_api,2022,puma,external_condition_v1_agesex
26,1200,2601200,SCHL_allpop,some_college_or_assoc,28564.0,B15003,all_persons,acs5_api,2022,puma,external_condition_v1_agesex
26,1200,2601200,SCHL_allpop,bachelor_plus,19003.0,B15003,all_persons,acs5_api,2022,puma,external_condition_v1_agesex
26,1200,2601200,ESR_allpop,not_16p,22144.0,B23025,all_persons,acs5_api,2022,puma,external_condition_v1_agesex
26,1200,2601200,ESR_allpop,employed,59812.0,B23025,all_persons,acs5_api,2022,puma,external_condition_v1_agesex
26,1200,2601200,ESR_allpop,unemployed,4458.0,B23025,all_persons,acs5_api,2022,puma,external_condition_v1_agesex
26,1200,2601200,ESR_allpop,armed_forces,29.0,B23025,all_persons,acs5_api,2022,puma,external_condition_v1_agesex
26,1200,2601200,ESR_allpop,not_in_labor_force,51027.0,B23025,all_persons,acs5_api,2022,puma,external_condition_v1_agesex
26,1200,2601200,EARN_16p_bin,not_in_earnings_universe,66933.0,B20001+B01001,all_persons,acs5_api,2022,puma,external_condition_earn_v1
26,1200,2601200,EARN_16p_bin,lt_25k,33462.0,B20001,all_persons,acs5_api,2022,puma,external_condition_earn_v1
26,1200,2601200,EARN_16p_bin,25k_50k,18631.0,B20001,all_persons,acs5_api,2022,puma,external_condition_earn_v1
26,1200,2601200,EARN_16p_bin,50k_75k,9839.0,B20001,all_persons,acs5_api,2022,puma,external_condition_earn_v1
26,1200,2601200,EARN_16p_bin,75k_100k,4643.0,B20001,all_persons,acs5_api,2022,puma,external_condition_earn_v1
26,1200,2601200,EARN_16p_bin,ge_100k,3962.0,B20001,all_persons,acs5_api,2022,puma,external_condition_earn_v1
26,1300,2601300,AGEP_SEX_cross,"[0.0, 5.0)__1",2530.0,B01001,all_persons,acs5_api,2022,puma,external_condition_v1_agesex
26,1300,2601300,AGEP_SEX_cross,"[0.0, 5.0)__2",2398.0,B01001,all_persons,acs5_api,2022,puma,external_condition_v1_agesex
26,1300,2601300,AGEP_SEX_cross,"[5.0, 18.0)__1",7198.0,B01001,all_persons,acs5_api,2022,puma,external_condition_v1_agesex
26,1300,2601300,AGEP_SEX_cross,"[5.0, 18.0)__2",6790.0,B01001,all_persons,acs5_api,2022,puma,external_condition_v1_agesex
26,1300,2601300,AGEP_SEX_cross,"[18.0, 25.0)__1",3620.0,B01001,all_persons,acs5_api,2022,puma,external_condition_v1_agesex
26,1300,2601300,AGEP_SEX_cross,"[18.0, 25.0)__2",3146.0,B01001,all_persons,acs5_api,2022,puma,external_condition_v1_agesex
26,1300,2601300,AGEP_SEX_cross,"[25.0, 35.0)__1",5028.0,B01001,all_persons,acs5_api,2022,puma,external_condition_v1_agesex
26,1300,2601300,AGEP_SEX_cross,"[25.0, 35.0)__2",5032.0,B01001,all_persons,acs5_api,2022,puma,external_condition_v1_agesex
26,1300,2601300,AGEP_SEX_cross,"[35.0, 45.0)__1",5393.0,B01001,all_persons,acs5_api,2022,puma,external_condition_v1_agesex
26,1300,2601300,AGEP_SEX_cross,"[35.0, 45.0)__2",4937.0,B01001,all_persons,acs5_api,2022,puma,external_condition_v1_agesex
26,1300,2601300,AGEP_SEX_cross,"[45.0, 55.0)__1",6334.0,B01001,all_persons,acs5_api,2022,puma,external_condition_v1_agesex
26,1300,2601300,AGEP_SEX_cross,"[45.0, 55.0)__2",6234.0,B01001,all_persons,acs5_api,2022,puma,external_condition_v1_agesex
26,1300,2601300,AGEP_SEX_cross,"[55.0, 65.0)__1",9885.0,B01001,all_persons,acs5_api,2022,puma,external_condition_v1_agesex
26,1300,2601300,AGEP_SEX_cross,"[55.0, 65.0)__2",10070.0,B01001,all_persons,acs5_api,2022,puma,external_condition_v1_agesex
26,1300,2601300,AGEP_SEX_cross,"[65.0, 75.0)__1",9673.0,B01001,all_persons,acs5_api,2022,puma,external_condition_v1_agesex
26,1300,2601300,AGEP_SEX_cross,"[65.0, 75.0)__2",9346.0,B01001,all_persons,acs5_api,2022,puma,external_condition_v1_agesex
26,1300,2601300,AGEP_SEX_cross,"[75.0, 85.0)__1",4600.0,B01001,all_persons,acs5_api,2022,puma,external_condition_v1_agesex
26,1300,2601300,AGEP_SEX_cross,"[75.0, 85.0)__2",4848.0,B01001,all_persons,acs5_api,2022,puma,external_condition_v1_agesex
26,1300,2601300,AGEP_SEX_cross,"[85.0, 1000.0)__1",1312.0,B01001,all_persons,acs5_api,2022,puma,external_condition_v1_agesex
26,1300,2601300,AGEP_SEX_cross,"[85.0, 1000.0)__2",1813.0,B01001,all_persons,acs5_api,2022,puma,external_condition_v1_agesex
26,1300,2601300,SCHL_allpop,not_25p,25682.0,B15003,all_persons,acs5_api,2022,puma,external_condition_v1_agesex
26,1300,2601300,SCHL_allpop,less_than_high_school,8894.0,B15003,all_persons,acs5_api,2022,puma,external_condition_v1_agesex
26,1300,2601300,SCHL_allpop,high_school_or_ged,31150.0,B15003,all_persons,acs5_api,2022,puma,external_condition_v1_agesex
26,1300,2601300,SCHL_allpop,some_college_or_assoc,31096.0,B15003,all_persons,acs5_api,2022,puma,external_condition_v1_agesex
26,1300,2601300,SCHL_allpop,bachelor_plus,13365.0,B15003,all_persons,acs5_api,2022,puma,external_condition_v1_agesex
26,1300,2601300,ESR_allpop,not_16p,16380.0,B23025,all_persons,acs5_api,2022,puma,external_condition_v1_agesex
26,1300,2601300,ESR_allpop,employed,40577.0,B23025,all_persons,acs5_api,2022,puma,external_condition_v1_agesex
26,1300,2601300,ESR_allpop,unemployed,2993.0,B23025,all_persons,acs5_api,2022,puma,external_condition_v1_agesex
26,1300,2601300,ESR_allpop,armed_forces,83.0,B23025,all_persons,acs5_api,2022,puma,external_condition_v1_agesex
26,1300,2601300,ESR_allpop,not_in_labor_force,50154.0,B23025,all_persons,acs5_api,2022,puma,external_condition_v1_agesex
26,1300,2601300,EARN_16p_bin,not_in_earnings_universe,64057.0,B20001+B01001,all_persons,acs5_api,2022,puma,external_condition_earn_v1
26,1300,2601300,EARN_16p_bin,lt_25k,18650.0,B20001,all_persons,acs5_api,2022,puma,external_condition_earn_v1
26,1300,2601300,EARN_16p_bin,25k_50k,13746.0,B20001,all_persons,acs5_api,2022,puma,external_condition_earn_v1
26,1300,2601300,EARN_16p_bin,50k_75k,7555.0,B20001,all_persons,acs5_api,2022,puma,external_condition_earn_v1
26,1300,2601300,EARN_16p_bin,75k_100k,3025.0,B20001,all_persons,acs5_api,2022,puma,external_condition_earn_v1
26,1300,2601300,EARN_16p_bin,ge_100k,3154.0,B20001,all_persons,acs5_api,2022,puma,external_condition_earn_v1
26,1400,2601400,AGEP_SEX_cross,"[0.0, 5.0)__1",4969.0,B01001,all_persons,acs5_api,2022,puma,external_condition_v1_agesex
26,1400,2601400,AGEP_SEX_cross,"[0.0, 5.0)__2",4498.0,B01001,all_persons,acs5_api,2022,puma,external_condition_v1_agesex
26,1400,2601400,AGEP_SEX_cross,"[5.0, 18.0)__1",14792.0,B01001,all_persons,acs5_api,2022,puma,external_condition_v1_agesex
26,1400,2601400,AGEP_SEX_cross,"[5.0, 18.0)__2",13920.0,B01001,all_persons,acs5_api,2022,puma,external_condition_v1_agesex
26,1400,2601400,AGEP_SEX_cross,"[18.0, 25.0)__1",7471.0,B01001,all_persons,acs5_api,2022,puma,external_condition_v1_agesex
26,1400,2601400,AGEP_SEX_cross,"[18.0, 25.0)__2",7132.0,B01001,all_persons,acs5_api,2022,puma,external_condition_v1_agesex
26,1400,2601400,AGEP_SEX_cross,"[25.0, 35.0)__1",11764.0,B01001,all_persons,acs5_api,2022,puma,external_condition_v1_agesex
26,1400,2601400,AGEP_SEX_cross,"[25.0, 35.0)__2",11066.0,B01001,all_persons,acs5_api,2022,puma,external_condition_v1_agesex
26,1400,2601400,AGEP_SEX_cross,"[35.0, 45.0)__1",11528.0,B01001,all_persons,acs5_api,2022,puma,external_condition_v1_agesex
26,1400,2601400,AGEP_SEX_cross,"[35.0, 45.0)__2",11098.0,B01001,all_persons,acs5_api,2022,puma,external_condition_v1_agesex
26,1400,2601400,AGEP_SEX_cross,"[45.0, 55.0)__1",11835.0,B01001,all_persons,acs5_api,2022,puma,external_condition_v1_agesex
26,1400,2601400,AGEP_SEX_cross,"[45.0, 55.0)__2",11578.0,B01001,all_persons,acs5_api,2022,puma,external_condition_v1_agesex
26,1400,2601400,AGEP_SEX_cross,"[55.0, 65.0)__1",13681.0,B01001,all_persons,acs5_api,2022,puma,external_condition_v1_agesex
26,1400,2601400,AGEP_SEX_cross,"[55.0, 65.0)__2",14006.0,B01001,all_persons,acs5_api,2022,puma,external_condition_v1_agesex
26,1400,2601400,AGEP_SEX_cross,"[65.0, 75.0)__1",10333.0,B01001,all_persons,acs5_api,2022,puma,external_condition_v1_agesex
26,1400,2601400,AGEP_SEX_cross,"[65.0, 75.0)__2",11342.0,B01001,all_persons,acs5_api,2022,puma,external_condition_v1_agesex
26,1400,2601400,AGEP_SEX_cross,"[75.0, 85.0)__1",4968.0,B01001,all_persons,acs5_api,2022,puma,external_condition_v1_agesex
26,1400,2601400,AGEP_SEX_cross,"[75.0, 85.0)__2",6405.0,B01001,all_persons,acs5_api,2022,puma,external_condition_v1_agesex
26,1400,2601400,AGEP_SEX_cross,"[85.0, 1000.0)__1",1676.0,B01001,all_persons,acs5_api,2022,puma,external_condition_v1_agesex
26,1400,2601400,AGEP_SEX_cross,"[85.0, 1000.0)__2",3193.0,B01001,all_persons,acs5_api,2022,puma,external_condition_v1_agesex
26,1400,2601400,SCHL_allpop,not_25p,52782.0,B15003,all_persons,acs5_api,2022,puma,external_condition_v1_agesex
26,1400,2601400,SCHL_allpop,less_than_high_school,9759.0,B15003,all_persons,acs5_api,2022,puma,external_condition_v1_agesex
26,1400,2601400,SCHL_allpop,high_school_or_ged,41802.0,B15003,all_persons,acs5_api,2022,puma,external_condition_v1_agesex
26,1400,2601400,SCHL_allpop,some_college_or_assoc,46685.0,B15003,all_persons,acs5_api,2022,puma,external_condition_v1_agesex
26,1400,2601400,SCHL_allpop,bachelor_plus,36227.0,B15003,all_persons,acs5_api,2022,puma,external_condition_v1_agesex
26,1400,2601400,ESR_allpop,not_16p,33320.0,B23025,all_persons,acs5_api,2022,puma,external_condition_v1_agesex
26,1400,2601400,ESR_allpop,employed,86448.0,B23025,all_persons,acs5_api,2022,puma,external_condition_v1_agesex
26,1400,2601400,ESR_allpop,unemployed,4454.0,B23025,all_persons,acs5_api,2022,puma,external_condition_v1_agesex
26,1400,2601400,ESR_allpop,armed_forces,110.0,B23025,all_persons,acs5_api,2022,puma,external_condition_v1_agesex
26,1400,2601400,ESR_allpop,not_in_labor_force,62923.0,B23025,all_persons,acs5_api,2022,puma,external_condition_v1_agesex
26,1400,2601400,EARN_16p_bin,not_in_earnings_universe,92153.0,B20001+B01001,all_persons,acs5_api,2022,puma,external_condition_earn_v1
26,1400,2601400,EARN_16p_bin,lt_25k,32406.0,B20001,all_persons,acs5_api,2022,puma,external_condition_earn_v1
26,1400,2601400,EARN_16p_bin,25k_50k,25297.0,B20001,all_persons,acs5_api,2022,puma,external_condition_earn_v1
26,1400,2601400,EARN_16p_bin,50k_75k,17307.0,B20001,all_persons,acs5_api,2022,puma,external_condition_earn_v1
26,1400,2601400,EARN_16p_bin,75k_100k,9458.0,B20001,all_persons,acs5_api,2022,puma,external_condition_earn_v1
26,1400,2601400,EARN_16p_bin,ge_100k,10634.0,B20001,all_persons,acs5_api,2022,puma,external_condition_earn_v1
26,1500,2601500,AGEP_SEX_cross,"[0.0, 5.0)__1",5480.0,B01001,all_persons,acs5_api,2022,puma,external_condition_v1_agesex
26,1500,2601500,AGEP_SEX_cross,"[0.0, 5.0)__2",5253.0,B01001,all_persons,acs5_api,2022,puma,external_condition_v1_agesex
26,1500,2601500,AGEP_SEX_cross,"[5.0, 18.0)__1",15391.0,B01001,all_persons,acs5_api,2022,puma,external_condition_v1_agesex
26,1500,2601500,AGEP_SEX_cross,"[5.0, 18.0)__2",14469.0,B01001,all_persons,acs5_api,2022,puma,external_condition_v1_agesex
26,1500,2601500,AGEP_SEX_cross,"[18.0, 25.0)__1",9073.0,B01001,all_persons,acs5_api,2022,puma,external_condition_v1_agesex
26,1500,2601500,AGEP_SEX_cross,"[18.0, 25.0)__2",9087.0,B01001,all_persons,acs5_api,2022,puma,external_condition_v1_agesex
26,1500,2601500,AGEP_SEX_cross,"[25.0, 35.0)__1",11929.0,B01001,all_persons,acs5_api,2022,puma,external_condition_v1_agesex
26,1500,2601500,AGEP_SEX_cross,"[25.0, 35.0)__2",11683.0,B01001,all_persons,acs5_api,2022,puma,external_condition_v1_agesex
26,1500,2601500,AGEP_SEX_cross,"[35.0, 45.0)__1",10445.0,B01001,all_persons,acs5_api,2022,puma,external_condition_v1_agesex
26,1500,2601500,AGEP_SEX_cross,"[35.0, 45.0)__2",10551.0,B01001,all_persons,acs5_api,2022,puma,external_condition_v1_agesex
26,1500,2601500,AGEP_SEX_cross,"[45.0, 55.0)__1",11198.0,B01001,all_persons,acs5_api,2022,puma,external_condition_v1_agesex
26,1500,2601500,AGEP_SEX_cross,"[45.0, 55.0)__2",11491.0,B01001,all_persons,acs5_api,2022,puma,external_condition_v1_agesex
26,1500,2601500,AGEP_SEX_cross,"[55.0, 65.0)__1",12826.0,B01001,all_persons,acs5_api,2022,puma,external_condition_v1_agesex
26,1500,2601500,AGEP_SEX_cross,"[55.0, 65.0)__2",13698.0,B01001,all_persons,acs5_api,2022,puma,external_condition_v1_agesex
26,1500,2601500,AGEP_SEX_cross,"[65.0, 75.0)__1",10091.0,B01001,all_persons,acs5_api,2022,puma,external_condition_v1_agesex
26,1500,2601500,AGEP_SEX_cross,"[65.0, 75.0)__2",11515.0,B01001,all_persons,acs5_api,2022,puma,external_condition_v1_agesex
26,1500,2601500,AGEP_SEX_cross,"[75.0, 85.0)__1",4269.0,B01001,all_persons,acs5_api,2022,puma,external_condition_v1_agesex
26,1500,2601500,AGEP_SEX_cross,"[75.0, 85.0)__2",6263.0,B01001,all_persons,acs5_api,2022,puma,external_condition_v1_agesex
26,1500,2601500,AGEP_SEX_cross,"[85.0, 1000.0)__1",1963.0,B01001,all_persons,acs5_api,2022,puma,external_condition_v1_agesex
26,1500,2601500,AGEP_SEX_cross,"[85.0, 1000.0)__2",3146.0,B01001,all_persons,acs5_api,2022,puma,external_condition_v1_agesex
26,1500,2601500,SCHL_allpop,not_25p,58753.0,B15003,all_persons,acs5_api,2022,puma,external_condition_v1_agesex
26,1500,2601500,SCHL_allpop,less_than_high_school,12387.0,B15003,all_persons,acs5_api,2022,puma,external_condition_v1_agesex
26,1500,2601500,SCHL_allpop,high_school_or_ged,42801.0,B15003,all_persons,acs5_api,2022,puma,external_condition_v1_agesex
26,1500,2601500,SCHL_allpop,some_college_or_assoc,45896.0,B15003,all_persons,acs5_api,2022,puma,external_condition_v1_agesex
26,1500,2601500,SCHL_allpop,bachelor_plus,29984.0,B15003,all_persons,acs5_api,2022,puma,external_condition_v1_agesex
26,1500,2601500,ESR_allpop,not_16p,35482.0,B23025,all_persons,acs5_api,2022,puma,external_condition_v1_agesex
26,1500,2601500,ESR_allpop,employed,81523.0,B23025,all_persons,acs5_api,2022,puma,external_condition_v1_agesex
26,1500,2601500,ESR_allpop,unemployed,5803.0,B23025,all_persons,acs5_api,2022,puma,external_condition_v1_agesex
26,1500,2601500,ESR_allpop,armed_forces,91.0,B23025,all_persons,acs5_api,2022,puma,external_condition_v1_agesex
26,1500,2601500,ESR_allpop,not_in_labor_force,66922.0,B23025,all_persons,acs5_api,2022,puma,external_condition_v1_agesex
26,1500,2601500,EARN_16p_bin,not_in_earnings_universe,99507.0,B20001+B01001,all_persons,acs5_api,2022,puma,external_condition_earn_v1
26,1500,2601500,EARN_16p_bin,lt_25k,34002.0,B20001,all_persons,acs5_api,2022,puma,external_condition_earn_v1
26,1500,2601500,EARN_16p_bin,25k_50k,25604.0,B20001,all_persons,acs5_api,2022,puma,external_condition_earn_v1
26,1500,2601500,EARN_16p_bin,50k_75k,15121.0,B20001,all_persons,acs5_api,2022,puma,external_condition_earn_v1
26,1500,2601500,EARN_16p_bin,75k_100k,7147.0,B20001,all_persons,acs5_api,2022,puma,external_condition_earn_v1
26,1500,2601500,EARN_16p_bin,ge_100k,8440.0,B20001,all_persons,acs5_api,2022,puma,external_condition_earn_v1
26,1600,2601600,AGEP_SEX_cross,"[0.0, 5.0)__1",3193.0,B01001,all_persons,acs5_api,2022,puma,external_condition_v1_agesex
26,1600,2601600,AGEP_SEX_cross,"[0.0, 5.0)__2",2965.0,B01001,all_persons,acs5_api,2022,puma,external_condition_v1_agesex
26,1600,2601600,AGEP_SEX_cross,"[5.0, 18.0)__1",10010.0,B01001,all_persons,acs5_api,2022,puma,external_condition_v1_agesex
26,1600,2601600,AGEP_SEX_cross,"[5.0, 18.0)__2",9235.0,B01001,all_persons,acs5_api,2022,puma,external_condition_v1_agesex
26,1600,2601600,AGEP_SEX_cross,"[18.0, 25.0)__1",4865.0,B01001,all_persons,acs5_api,2022,puma,external_condition_v1_agesex
26,1600,2601600,AGEP_SEX_cross,"[18.0, 25.0)__2",4395.0,B01001,all_persons,acs5_api,2022,puma,external_condition_v1_agesex
26,1600,2601600,AGEP_SEX_cross,"[25.0, 35.0)__1",6826.0,B01001,all_persons,acs5_api,2022,puma,external_condition_v1_agesex
26,1600,2601600,AGEP_SEX_cross,"[25.0, 35.0)__2",6350.0,B01001,all_persons,acs5_api,2022,puma,external_condition_v1_agesex
26,1600,2601600,AGEP_SEX_cross,"[35.0, 45.0)__1",6952.0,B01001,all_persons,acs5_api,2022,puma,external_condition_v1_agesex
26,1600,2601600,AGEP_SEX_cross,"[35.0, 45.0)__2",6515.0,B01001,all_persons,acs5_api,2022,puma,external_condition_v1_agesex
26,1600,2601600,AGEP_SEX_cross,"[45.0, 55.0)__1",7866.0,B01001,all_persons,acs5_api,2022,puma,external_condition_v1_agesex
26,1600,2601600,AGEP_SEX_cross,"[45.0, 55.0)__2",7572.0,B01001,all_persons,acs5_api,2022,puma,external_condition_v1_agesex
26,1600,2601600,AGEP_SEX_cross,"[55.0, 65.0)__1",10313.0,B01001,all_persons,acs5_api,2022,puma,external_condition_v1_agesex
26,1600,2601600,AGEP_SEX_cross,"[55.0, 65.0)__2",9889.0,B01001,all_persons,acs5_api,2022,puma,external_condition_v1_agesex
26,1600,2601600,AGEP_SEX_cross,"[65.0, 75.0)__1",8307.0,B01001,all_persons,acs5_api,2022,puma,external_condition_v1_agesex
26,1600,2601600,AGEP_SEX_cross,"[65.0, 75.0)__2",8411.0,B01001,all_persons,acs5_api,2022,puma,external_condition_v1_agesex
26,1600,2601600,AGEP_SEX_cross,"[75.0, 85.0)__1",3804.0,B01001,all_persons,acs5_api,2022,puma,external_condition_v1_agesex
26,1600,2601600,AGEP_SEX_cross,"[75.0, 85.0)__2",4561.0,B01001,all_persons,acs5_api,2022,puma,external_condition_v1_agesex
26,1600,2601600,AGEP_SEX_cross,"[85.0, 1000.0)__1",1300.0,B01001,all_persons,acs5_api,2022,puma,external_condition_v1_agesex
26,1600,2601600,AGEP_SEX_cross,"[85.0, 1000.0)__2",2109.0,B01001,all_persons,acs5_api,2022,puma,external_condition_v1_agesex
26,1600,2601600,SCHL_allpop,not_25p,34663.0,B15003,all_persons,acs5_api,2022,puma,external_condition_v1_agesex
26,1600,2601600,SCHL_allpop,less_than_high_school,7928.0,B15003,all_persons,acs5_api,2022,puma,external_condition_v1_agesex
26,1600,2601600,SCHL_allpop,high_school_or_ged,39779.0,B15003,all_persons,acs5_api,2022,puma,external_condition_v1_agesex
26,1600,2601600,SCHL_allpop,some_college_or_assoc,28885.0,B15003,all_persons,acs5_api,2022,puma,external_condition_v1_agesex
26,1600,2601600,SCHL_allpop,bachelor_plus,14183.0,B15003,all_persons,acs5_api,2022,puma,external_condition_v1_agesex
26,1600,2601600,ESR_allpop,not_16p,22257.0,B23025,all_persons,acs5_api,2022,puma,external_condition_v1_agesex
26,1600,2601600,ESR_allpop,employed,53866.0,B23025,all_persons,acs5_api,2022,puma,external_condition_v1_agesex
26,1600,2601600,ESR_allpop,unemployed,3463.0,B23025,all_persons,acs5_api,2022,puma,external_condition_v1_agesex
26,1600,2601600,ESR_allpop,armed_forces,26.0,B23025,all_persons,acs5_api,2022,puma,external_condition_v1_agesex
26,1600,2601600,ESR_allpop,not_in_labor_force,45826.0,B23025,all_persons,acs5_api,2022,puma,external_condition_v1_agesex
26,1600,2601600,EARN_16p_bin,not_in_earnings_universe,64707.0,B20001+B01001,all_persons,acs5_api,2022,puma,external_condition_earn_v1
26,1600,2601600,EARN_16p_bin,lt_25k,21901.0,B20001,all_persons,acs5_api,2022,puma,external_condition_earn_v1
26,1600,2601600,EARN_16p_bin,25k_50k,18684.0,B20001,all_persons,acs5_api,2022,puma,external_condition_earn_v1
26,1600,2601600,EARN_16p_bin,50k_75k,10939.0,B20001,all_persons,acs5_api,2022,puma,external_condition_earn_v1
26,1600,2601600,EARN_16p_bin,75k_100k,4946.0,B20001,all_persons,acs5_api,2022,puma,external_condition_earn_v1
26,1600,2601600,EARN_16p_bin,ge_100k,4261.0,B20001,all_persons,acs5_api,2022,puma,external_condition_earn_v1
26,1701,2601701,AGEP_SEX_cross,"[0.0, 5.0)__1",3658.0,B01001,all_persons,acs5_api,2022,puma,external_condition_v1_agesex
26,1701,2601701,AGEP_SEX_cross,"[0.0, 5.0)__2",3245.0,B01001,all_persons,acs5_api,2022,puma,external_condition_v1_agesex
26,1701,2601701,AGEP_SEX_cross,"[5.0, 18.0)__1",11647.0,B01001,all_persons,acs5_api,2022,puma,external_condition_v1_agesex
26,1701,2601701,AGEP_SEX_cross,"[5.0, 18.0)__2",10619.0,B01001,all_persons,acs5_api,2022,puma,external_condition_v1_agesex
26,1701,2601701,AGEP_SEX_cross,"[18.0, 25.0)__1",6072.0,B01001,all_persons,acs5_api,2022,puma,external_condition_v1_agesex
26,1701,2601701,AGEP_SEX_cross,"[18.0, 25.0)__2",5275.0,B01001,all_persons,acs5_api,2022,puma,external_condition_v1_agesex
26,1701,2601701,AGEP_SEX_cross,"[25.0, 35.0)__1",8189.0,B01001,all_persons,acs5_api,2022,puma,external_condition_v1_agesex
26,1701,2601701,AGEP_SEX_cross,"[25.0, 35.0)__2",7412.0,B01001,all_persons,acs5_api,2022,puma,external_condition_v1_agesex
26,1701,2601701,AGEP_SEX_cross,"[35.0, 45.0)__1",8262.0,B01001,all_persons,acs5_api,2022,puma,external_condition_v1_agesex
26,1701,2601701,AGEP_SEX_cross,"[35.0, 45.0)__2",8481.0,B01001,all_persons,acs5_api,2022,puma,external_condition_v1_agesex
26,1701,2601701,AGEP_SEX_cross,"[45.0, 55.0)__1",9919.0,B01001,all_persons,acs5_api,2022,puma,external_condition_v1_agesex
26,1701,2601701,AGEP_SEX_cross,"[45.0, 55.0)__2",9451.0,B01001,all_persons,acs5_api,2022,puma,external_condition_v1_agesex
26,1701,2601701,AGEP_SEX_cross,"[55.0, 65.0)__1",11166.0,B01001,all_persons,acs5_api,2022,puma,external_condition_v1_agesex
26,1701,2601701,AGEP_SEX_cross,"[55.0, 65.0)__2",11341.0,B01001,all_persons,acs5_api,2022,puma,external_condition_v1_agesex
26,1701,2601701,AGEP_SEX_cross,"[65.0, 75.0)__1",8585.0,B01001,all_persons,acs5_api,2022,puma,external_condition_v1_agesex
26,1701,2601701,AGEP_SEX_cross,"[65.0, 75.0)__2",8867.0,B01001,all_persons,acs5_api,2022,puma,external_condition_v1_agesex
26,1701,2601701,AGEP_SEX_cross,"[75.0, 85.0)__1",3859.0,B01001,all_persons,acs5_api,2022,puma,external_condition_v1_agesex
26,1701,2601701,AGEP_SEX_cross,"[75.0, 85.0)__2",4077.0,B01001,all_persons,acs5_api,2022,puma,external_condition_v1_agesex
26,1701,2601701,AGEP_SEX_cross,"[85.0, 1000.0)__1",702.0,B01001,all_persons,acs5_api,2022,puma,external_condition_v1_agesex
26,1701,2601701,AGEP_SEX_cross,"[85.0, 1000.0)__2",1617.0,B01001,all_persons,acs5_api,2022,puma,external_condition_v1_agesex
26,1701,2601701,SCHL_allpop,not_25p,40516.0,B15003,all_persons,acs5_api,2022,puma,external_condition_v1_agesex
26,1701,2601701,SCHL_allpop,less_than_high_school,7583.0,B15003,all_persons,acs5_api,2022,puma,external_condition_v1_agesex
26,1701,2601701,SCHL_allpop,high_school_or_ged,35143.0,B15003,all_persons,acs5_api,2022,puma,external_condition_v1_agesex
26,1701,2601701,SCHL_allpop,some_college_or_assoc,37518.0,B15003,all_persons,acs5_api,2022,puma,external_condition_v1_agesex
26,1701,2601701,SCHL_allpop,bachelor_plus,21684.0,B15003,all_persons,acs5_api,2022,puma,external_condition_v1_agesex
26,1701,2601701,ESR_allpop,not_16p,25503.0,B23025,all_persons,acs5_api,2022,puma,external_condition_v1_agesex
26,1701,2601701,ESR_allpop,employed,65655.0,B23025,all_persons,acs5_api,2022,puma,external_condition_v1_agesex
26,1701,2601701,ESR_allpop,unemployed,3953.0,B23025,all_persons,acs5_api,2022,puma,external_condition_v1_agesex
26,1701,2601701,ESR_allpop,armed_forces,12.0,B23025,all_persons,acs5_api,2022,puma,external_condition_v1_agesex
26,1701,2601701,ESR_allpop,not_in_labor_force,47321.0,B23025,all_persons,acs5_api,2022,puma,external_condition_v1_agesex
26,1701,2601701,EARN_16p_bin,not_in_earnings_universe,69965.0,B20001+B01001,all_persons,acs5_api,2022,puma,external_condition_earn_v1
26,1701,2601701,EARN_16p_bin,lt_25k,23731.0,B20001,all_persons,acs5_api,2022,puma,external_condition_earn_v1
26,1701,2601701,EARN_16p_bin,25k_50k,18991.0,B20001,all_persons,acs5_api,2022,puma,external_condition_earn_v1
26,1701,2601701,EARN_16p_bin,50k_75k,13088.0,B20001,all_persons,acs5_api,2022,puma,external_condition_earn_v1
26,1701,2601701,EARN_16p_bin,75k_100k,7523.0,B20001,all_persons,acs5_api,2022,puma,external_condition_earn_v1
26,1701,2601701,EARN_16p_bin,ge_100k,9146.0,B20001,all_persons,acs5_api,2022,puma,external_condition_earn_v1
26,1702,2601702,AGEP_SEX_cross,"[0.0, 5.0)__1",3741.0,B01001,all_persons,acs5_api,2022,puma,external_condition_v1_agesex
26,1702,2601702,AGEP_SEX_cross,"[0.0, 5.0)__2",3550.0,B01001,all_persons,acs5_api,2022,puma,external_condition_v1_agesex
26,1702,2601702,AGEP_SEX_cross,"[5.0, 18.0)__1",10846.0,B01001,all_persons,acs5_api,2022,puma,external_condition_v1_agesex
26,1702,2601702,AGEP_SEX_cross,"[5.0, 18.0)__2",10576.0,B01001,all_persons,acs5_api,2022,puma,external_condition_v1_agesex
26,1702,2601702,AGEP_SEX_cross,"[18.0, 25.0)__1",5243.0,B01001,all_persons,acs5_api,2022,puma,external_condition_v1_agesex
26,1702,2601702,AGEP_SEX_cross,"[18.0, 25.0)__2",5982.0,B01001,all_persons,acs5_api,2022,puma,external_condition_v1_agesex
26,1702,2601702,AGEP_SEX_cross,"[25.0, 35.0)__1",8145.0,B01001,all_persons,acs5_api,2022,puma,external_condition_v1_agesex
26,1702,2601702,AGEP_SEX_cross,"[25.0, 35.0)__2",8882.0,B01001,all_persons,acs5_api,2022,puma,external_condition_v1_agesex
26,1702,2601702,AGEP_SEX_cross,"[35.0, 45.0)__1",6801.0,B01001,all_persons,acs5_api,2022,puma,external_condition_v1_agesex
26,1702,2601702,AGEP_SEX_cross,"[35.0, 45.0)__2",7028.0,B01001,all_persons,acs5_api,2022,puma,external_condition_v1_agesex
26,1702,2601702,AGEP_SEX_cross,"[45.0, 55.0)__1",7794.0,B01001,all_persons,acs5_api,2022,puma,external_condition_v1_agesex
26,1702,2601702,AGEP_SEX_cross,"[45.0, 55.0)__2",8657.0,B01001,all_persons,acs5_api,2022,puma,external_condition_v1_agesex
26,1702,2601702,AGEP_SEX_cross,"[55.0, 65.0)__1",8482.0,B01001,all_persons,acs5_api,2022,puma,external_condition_v1_agesex
26,1702,2601702,AGEP_SEX_cross,"[55.0, 65.0)__2",9673.0,B01001,all_persons,acs5_api,2022,puma,external_condition_v1_agesex
26,1702,2601702,AGEP_SEX_cross,"[65.0, 75.0)__1",5595.0,B01001,all_persons,acs5_api,2022,puma,external_condition_v1_agesex
26,1702,2601702,AGEP_SEX_cross,"[65.0, 75.0)__2",7378.0,B01001,all_persons,acs5_api,2022,puma,external_condition_v1_agesex
26,1702,2601702,AGEP_SEX_cross,"[75.0, 85.0)__1",3081.0,B01001,all_persons,acs5_api,2022,puma,external_condition_v1_agesex
26,1702,2601702,AGEP_SEX_cross,"[75.0, 85.0)__2",3729.0,B01001,all_persons,acs5_api,2022,puma,external_condition_v1_agesex
26,1702,2601702,AGEP_SEX_cross,"[85.0, 1000.0)__1",1278.0,B01001,all_persons,acs5_api,2022,puma,external_condition_v1_agesex
26,1702,2601702,AGEP_SEX_cross,"[85.0, 1000.0)__2",2586.0,B01001,all_persons,acs5_api,2022,puma,external_condition_v1_agesex
26,1702,2601702,SCHL_allpop,not_25p,39938.0,B15003,all_persons,acs5_api,2022,puma,external_condition_v1_agesex
26,1702,2601702,SCHL_allpop,less_than_high_school,7804.0,B15003,all_persons,acs5_api,2022,puma,external_condition_v1_agesex
26,1702,2601702,SCHL_allpop,high_school_or_ged,26221.0,B15003,all_persons,acs5_api,2022,puma,external_condition_v1_agesex
26,1702,2601702,SCHL_allpop,some_college_or_assoc,32183.0,B15003,all_persons,acs5_api,2022,puma,external_condition_v1_agesex
26,1702,2601702,SCHL_allpop,bachelor_plus,22901.0,B15003,all_persons,acs5_api,2022,puma,external_condition_v1_agesex
26,1702,2601702,ESR_allpop,not_16p,25563.0,B23025,all_persons,acs5_api,2022,puma,external_condition_v1_agesex
26,1702,2601702,ESR_allpop,employed,56940.0,B23025,all_persons,acs5_api,2022,puma,external_condition_v1_agesex
26,1702,2601702,ESR_allpop,unemployed,4209.0,B23025,all_persons,acs5_api,2022,puma,external_condition_v1_agesex
26,1702,2601702,ESR_allpop,armed_forces,31.0,B23025,all_persons,acs5_api,2022,puma,external_condition_v1_agesex
26,1702,2601702,ESR_allpop,not_in_labor_force,42304.0,B23025,all_persons,acs5_api,2022,puma,external_condition_v1_agesex
26,1702,2601702,EARN_16p_bin,not_in_earnings_universe,65887.0,B20001+B01001,all_persons,acs5_api,2022,puma,external_condition_earn_v1
26,1702,2601702,EARN_16p_bin,lt_25k,22045.0,B20001,all_persons,acs5_api,2022,puma,external_condition_earn_v1
26,1702,2601702,EARN_16p_bin,25k_50k,18503.0,B20001,all_persons,acs5_api,2022,puma,external_condition_earn_v1
26,1702,2601702,EARN_16p_bin,50k_75k,9975.0,B20001,all_persons,acs5_api,2022,puma,external_condition_earn_v1
26,1702,2601702,EARN_16p_bin,75k_100k,5921.0,B20001,all_persons,acs5_api,2022,puma,external_condition_earn_v1
26,1702,2601702,EARN_16p_bin,ge_100k,6716.0,B20001,all_persons,acs5_api,2022,puma,external_condition_earn_v1
26,1703,2601703,AGEP_SEX_cross,"[0.0, 5.0)__1",3598.0,B01001,all_persons,acs5_api,2022,puma,external_condition_v1_agesex
26,1703,2601703,AGEP_SEX_cross,"[0.0, 5.0)__2",3528.0,B01001,all_persons,acs5_api,2022,puma,external_condition_v1_agesex
26,1703,2601703,AGEP_SEX_cross,"[5.0, 18.0)__1",9523.0,B01001,all_persons,acs5_api,2022,puma,external_condition_v1_agesex
26,1703,2601703,AGEP_SEX_cross,"[5.0, 18.0)__2",8672.0,B01001,all_persons,acs5_api,2022,puma,external_condition_v1_agesex
26,1703,2601703,AGEP_SEX_cross,"[18.0, 25.0)__1",5971.0,B01001,all_persons,acs5_api,2022,puma,external_condition_v1_agesex
26,1703,2601703,AGEP_SEX_cross,"[18.0, 25.0)__2",4917.0,B01001,all_persons,acs5_api,2022,puma,external_condition_v1_agesex
26,1703,2601703,AGEP_SEX_cross,"[25.0, 35.0)__1",7545.0,B01001,all_persons,acs5_api,2022,puma,external_condition_v1_agesex
26,1703,2601703,AGEP_SEX_cross,"[25.0, 35.0)__2",7346.0,B01001,all_persons,acs5_api,2022,puma,external_condition_v1_agesex
26,1703,2601703,AGEP_SEX_cross,"[35.0, 45.0)__1",5988.0,B01001,all_persons,acs5_api,2022,puma,external_condition_v1_agesex
26,1703,2601703,AGEP_SEX_cross,"[35.0, 45.0)__2",6819.0,B01001,all_persons,acs5_api,2022,puma,external_condition_v1_agesex
26,1703,2601703,AGEP_SEX_cross,"[45.0, 55.0)__1",6397.0,B01001,all_persons,acs5_api,2022,puma,external_condition_v1_agesex
26,1703,2601703,AGEP_SEX_cross,"[45.0, 55.0)__2",6136.0,B01001,all_persons,acs5_api,2022,puma,external_condition_v1_agesex
26,1703,2601703,AGEP_SEX_cross,"[55.0, 65.0)__1",6863.0,B01001,all_persons,acs5_api,2022,puma,external_condition_v1_agesex
26,1703,2601703,AGEP_SEX_cross,"[55.0, 65.0)__2",7053.0,B01001,all_persons,acs5_api,2022,puma,external_condition_v1_agesex
26,1703,2601703,AGEP_SEX_cross,"[65.0, 75.0)__1",4133.0,B01001,all_persons,acs5_api,2022,puma,external_condition_v1_agesex
26,1703,2601703,AGEP_SEX_cross,"[65.0, 75.0)__2",4817.0,B01001,all_persons,acs5_api,2022,puma,external_condition_v1_agesex
26,1703,2601703,AGEP_SEX_cross,"[75.0, 85.0)__1",1506.0,B01001,all_persons,acs5_api,2022,puma,external_condition_v1_agesex
26,1703,2601703,AGEP_SEX_cross,"[75.0, 85.0)__2",2394.0,B01001,all_persons,acs5_api,2022,puma,external_condition_v1_agesex
26,1703,2601703,AGEP_SEX_cross,"[85.0, 1000.0)__1",536.0,B01001,all_persons,acs5_api,2022,puma,external_condition_v1_agesex
26,1703,2601703,AGEP_SEX_cross,"[85.0, 1000.0)__2",1224.0,B01001,all_persons,acs5_api,2022,puma,external_condition_v1_agesex
26,1703,2601703,SCHL_allpop,not_25p,36209.0,B15003,all_persons,acs5_api,2022,puma,external_condition_v1_agesex
26,1703,2601703,SCHL_allpop,less_than_high_school,10329.0,B15003,all_persons,acs5_api,2022,puma,external_condition_v1_agesex
26,1703,2601703,SCHL_allpop,high_school_or_ged,26102.0,B15003,all_persons,acs5_api,2022,puma,external_condition_v1_agesex
26,1703,2601703,SCHL_allpop,some_college_or_assoc,24298.0,B15003,all_persons,acs5_api,2022,puma,external_condition_v1_agesex
26,1703,2601703,SCHL_allpop,bachelor_plus,8028.0,B15003,all_persons,acs5_api,2022,puma,external_condition_v1_agesex
26,1703,2601703,ESR_allpop,not_16p,22430.0,B23025,all_persons,acs5_api,2022,puma,external_condition_v1_agesex
26,1703,2601703,ESR_allpop,employed,38072.0,B23025,all_persons,acs5_api,2022,puma,external_condition_v1_agesex
26,1703,2601703,ESR_allpop,unemployed,7394.0,B23025,all_persons,acs5_api,2022,puma,external_condition_v1_agesex
26,1703,2601703,ESR_allpop,armed_forces,0.0,B23025,all_persons,acs5_api,2022,puma,external_condition_v1_agesex
26,1703,2601703,ESR_allpop,not_in_labor_force,37070.0,B23025,all_persons,acs5_api,2022,puma,external_condition_v1_agesex
26,1703,2601703,EARN_16p_bin,not_in_earnings_universe,60057.0,B20001+B01001,all_persons,acs5_api,2022,puma,external_condition_earn_v1
26,1703,2601703,EARN_16p_bin,lt_25k,21815.0,B20001,all_persons,acs5_api,2022,puma,external_condition_earn_v1
26,1703,2601703,EARN_16p_bin,25k_50k,14326.0,B20001,all_persons,acs5_api,2022,puma,external_condition_earn_v1
26,1703,2601703,EARN_16p_bin,50k_75k,5483.0,B20001,all_persons,acs5_api,2022,puma,external_condition_earn_v1
26,1703,2601703,EARN_16p_bin,75k_100k,1858.0,B20001,all_persons,acs5_api,2022,puma,external_condition_earn_v1
26,1703,2601703,EARN_16p_bin,ge_100k,1427.0,B20001,all_persons,acs5_api,2022,puma,external_condition_earn_v1
26,1704,2601704,AGEP_SEX_cross,"[0.0, 5.0)__1",4590.0,B01001,all_persons,acs5_api,2022,puma,external_condition_v1_agesex
26,1704,2601704,AGEP_SEX_cross,"[0.0, 5.0)__2",4728.0,B01001,all_persons,acs5_api,2022,puma,external_condition_v1_agesex
26,1704,2601704,AGEP_SEX_cross,"[5.0, 18.0)__1",15335.0,B01001,all_persons,acs5_api,2022,puma,external_condition_v1_agesex
26,1704,2601704,AGEP_SEX_cross,"[5.0, 18.0)__2",14524.0,B01001,all_persons,acs5_api,2022,puma,external_condition_v1_agesex
26,1704,2601704,AGEP_SEX_cross,"[18.0, 25.0)__1",7147.0,B01001,all_persons,acs5_api,2022,puma,external_condition_v1_agesex
26,1704,2601704,AGEP_SEX_cross,"[18.0, 25.0)__2",6780.0,B01001,all_persons,acs5_api,2022,puma,external_condition_v1_agesex
26,1704,2601704,AGEP_SEX_cross,"[25.0, 35.0)__1",10664.0,B01001,all_persons,acs5_api,2022,puma,external_condition_v1_agesex
26,1704,2601704,AGEP_SEX_cross,"[25.0, 35.0)__2",10405.0,B01001,all_persons,acs5_api,2022,puma,external_condition_v1_agesex
26,1704,2601704,AGEP_SEX_cross,"[35.0, 45.0)__1",10909.0,B01001,all_persons,acs5_api,2022,puma,external_condition_v1_agesex
26,1704,2601704,AGEP_SEX_cross,"[35.0, 45.0)__2",11020.0,B01001,all_persons,acs5_api,2022,puma,external_condition_v1_agesex
26,1704,2601704,AGEP_SEX_cross,"[45.0, 55.0)__1",12133.0,B01001,all_persons,acs5_api,2022,puma,external_condition_v1_agesex
26,1704,2601704,AGEP_SEX_cross,"[45.0, 55.0)__2",12564.0,B01001,all_persons,acs5_api,2022,puma,external_condition_v1_agesex
26,1704,2601704,AGEP_SEX_cross,"[55.0, 65.0)__1",13780.0,B01001,all_persons,acs5_api,2022,puma,external_condition_v1_agesex
26,1704,2601704,AGEP_SEX_cross,"[55.0, 65.0)__2",14271.0,B01001,all_persons,acs5_api,2022,puma,external_condition_v1_agesex
26,1704,2601704,AGEP_SEX_cross,"[65.0, 75.0)__1",10843.0,B01001,all_persons,acs5_api,2022,puma,external_condition_v1_agesex
26,1704,2601704,AGEP_SEX_cross,"[65.0, 75.0)__2",11527.0,B01001,all_persons,acs5_api,2022,puma,external_condition_v1_agesex
26,1704,2601704,AGEP_SEX_cross,"[75.0, 85.0)__1",4219.0,B01001,all_persons,acs5_api,2022,puma,external_condition_v1_agesex
26,1704,2601704,AGEP_SEX_cross,"[75.0, 85.0)__2",5922.0,B01001,all_persons,acs5_api,2022,puma,external_condition_v1_agesex
26,1704,2601704,AGEP_SEX_cross,"[85.0, 1000.0)__1",1669.0,B01001,all_persons,acs5_api,2022,puma,external_condition_v1_agesex
26,1704,2601704,AGEP_SEX_cross,"[85.0, 1000.0)__2",2604.0,B01001,all_persons,acs5_api,2022,puma,external_condition_v1_agesex
26,1704,2601704,SCHL_allpop,not_25p,53104.0,B15003,all_persons,acs5_api,2022,puma,external_condition_v1_agesex
26,1704,2601704,SCHL_allpop,less_than_high_school,8441.0,B15003,all_persons,acs5_api,2022,puma,external_condition_v1_agesex
26,1704,2601704,SCHL_allpop,high_school_or_ged,40496.0,B15003,all_persons,acs5_api,2022,puma,external_condition_v1_agesex
26,1704,2601704,SCHL_allpop,some_college_or_assoc,50901.0,B15003,all_persons,acs5_api,2022,puma,external_condition_v1_agesex
26,1704,2601704,SCHL_allpop,bachelor_plus,32692.0,B15003,all_persons,acs5_api,2022,puma,external_condition_v1_agesex
26,1704,2601704,ESR_allpop,not_16p,33688.0,B23025,all_persons,acs5_api,2022,puma,external_condition_v1_agesex
26,1704,2601704,ESR_allpop,employed,85672.0,B23025,all_persons,acs5_api,2022,puma,external_condition_v1_agesex
26,1704,2601704,ESR_allpop,unemployed,4183.0,B23025,all_persons,acs5_api,2022,puma,external_condition_v1_agesex
26,1704,2601704,ESR_allpop,armed_forces,131.0,B23025,all_persons,acs5_api,2022,puma,external_condition_v1_agesex
26,1704,2601704,ESR_allpop,not_in_labor_force,61960.0,B23025,all_persons,acs5_api,2022,puma,external_condition_v1_agesex
26,1704,2601704,EARN_16p_bin,not_in_earnings_universe,91710.0,B20001+B01001,all_persons,acs5_api,2022,puma,external_condition_earn_v1
26,1704,2601704,EARN_16p_bin,lt_25k,30833.0,B20001,all_persons,acs5_api,2022,puma,external_condition_earn_v1
26,1704,2601704,EARN_16p_bin,25k_50k,24723.0,B20001,all_persons,acs5_api,2022,puma,external_condition_earn_v1
26,1704,2601704,EARN_16p_bin,50k_75k,17469.0,B20001,all_persons,acs5_api,2022,puma,external_condition_earn_v1
26,1704,2601704,EARN_16p_bin,75k_100k,10099.0,B20001,all_persons,acs5_api,2022,puma,external_condition_earn_v1
26,1704,2601704,EARN_16p_bin,ge_100k,10800.0,B20001,all_persons,acs5_api,2022,puma,external_condition_earn_v1
26,1801,2601801,AGEP_SEX_cross,"[0.0, 5.0)__1",3570.0,B01001,all_persons,acs5_api,2022,puma,external_condition_v1_agesex
26,1801,2601801,AGEP_SEX_cross,"[0.0, 5.0)__2",4087.0,B01001,all_persons,acs5_api,2022,puma,external_condition_v1_agesex
26,1801,2601801,AGEP_SEX_cross,"[5.0, 18.0)__1",12116.0,B01001,all_persons,acs5_api,2022,puma,external_condition_v1_agesex
26,1801,2601801,AGEP_SEX_cross,"[5.0, 18.0)__2",11152.0,B01001,all_persons,acs5_api,2022,puma,external_condition_v1_agesex
26,1801,2601801,AGEP_SEX_cross,"[18.0, 25.0)__1",19120.0,B01001,all_persons,acs5_api,2022,puma,external_condition_v1_agesex
26,1801,2601801,AGEP_SEX_cross,"[18.0, 25.0)__2",20362.0,B01001,all_persons,acs5_api,2022,puma,external_condition_v1_agesex
26,1801,2601801,AGEP_SEX_cross,"[25.0, 35.0)__1",10162.0,B01001,all_persons,acs5_api,2022,puma,external_condition_v1_agesex
26,1801,2601801,AGEP_SEX_cross,"[25.0, 35.0)__2",8950.0,B01001,all_persons,acs5_api,2022,puma,external_condition_v1_agesex
26,1801,2601801,AGEP_SEX_cross,"[35.0, 45.0)__1",9129.0,B01001,all_persons,acs5_api,2022,puma,external_condition_v1_agesex
26,1801,2601801,AGEP_SEX_cross,"[35.0, 45.0)__2",9698.0,B01001,all_persons,acs5_api,2022,puma,external_condition_v1_agesex
26,1801,2601801,AGEP_SEX_cross,"[45.0, 55.0)__1",8903.0,B01001,all_persons,acs5_api,2022,puma,external_condition_v1_agesex
26,1801,2601801,AGEP_SEX_cross,"[45.0, 55.0)__2",9034.0,B01001,all_persons,acs5_api,2022,puma,external_condition_v1_agesex
26,1801,2601801,AGEP_SEX_cross,"[55.0, 65.0)__1",8877.0,B01001,all_persons,acs5_api,2022,puma,external_condition_v1_agesex
26,1801,2601801,AGEP_SEX_cross,"[55.0, 65.0)__2",9694.0,B01001,all_persons,acs5_api,2022,puma,external_condition_v1_agesex
26,1801,2601801,AGEP_SEX_cross,"[65.0, 75.0)__1",7236.0,B01001,all_persons,acs5_api,2022,puma,external_condition_v1_agesex
26,1801,2601801,AGEP_SEX_cross,"[65.0, 75.0)__2",8268.0,B01001,all_persons,acs5_api,2022,puma,external_condition_v1_agesex
26,1801,2601801,AGEP_SEX_cross,"[75.0, 85.0)__1",3194.0,B01001,all_persons,acs5_api,2022,puma,external_condition_v1_agesex
26,1801,2601801,AGEP_SEX_cross,"[75.0, 85.0)__2",3728.0,B01001,all_persons,acs5_api,2022,puma,external_condition_v1_agesex
26,1801,2601801,AGEP_SEX_cross,"[85.0, 1000.0)__1",1137.0,B01001,all_persons,acs5_api,2022,puma,external_condition_v1_agesex
26,1801,2601801,AGEP_SEX_cross,"[85.0, 1000.0)__2",2239.0,B01001,all_persons,acs5_api,2022,puma,external_condition_v1_agesex
26,1801,2601801,SCHL_allpop,not_25p,70407.0,B15003,all_persons,acs5_api,2022,puma,external_condition_v1_agesex
26,1801,2601801,SCHL_allpop,less_than_high_school,4134.0,B15003,all_persons,acs5_api,2022,puma,external_condition_v1_agesex
26,1801,2601801,SCHL_allpop,high_school_or_ged,18937.0,B15003,all_persons,acs5_api,2022,puma,external_condition_v1_agesex
26,1801,2601801,SCHL_allpop,some_college_or_assoc,28220.0,B15003,all_persons,acs5_api,2022,puma,external_condition_v1_agesex
26,1801,2601801,SCHL_allpop,bachelor_plus,48958.0,B15003,all_persons,acs5_api,2022,puma,external_condition_v1_agesex
26,1801,2601801,ESR_allpop,not_16p,27047.0,B23025,all_persons,acs5_api,2022,puma,external_condition_v1_agesex
26,1801,2601801,ESR_allpop,employed,85556.0,B23025,all_persons,acs5_api,2022,puma,external_condition_v1_agesex
26,1801,2601801,ESR_allpop,unemployed,4690.0,B23025,all_persons,acs5_api,2022,puma,external_condition_v1_agesex
26,1801,2601801,ESR_allpop,armed_forces,156.0,B23025,all_persons,acs5_api,2022,puma,external_condition_v1_agesex
26,1801,2601801,ESR_allpop,not_in_labor_force,53207.0,B23025,all_persons,acs5_api,2022,puma,external_condition_v1_agesex
26,1801,2601801,EARN_16p_bin,not_in_earnings_universe,67075.0,B20001+B01001,all_persons,acs5_api,2022,puma,external_condition_earn_v1
26,1801,2601801,EARN_16p_bin,lt_25k,44367.0,B20001,all_persons,acs5_api,2022,puma,external_condition_earn_v1
26,1801,2601801,EARN_16p_bin,25k_50k,20912.0,B20001,all_persons,acs5_api,2022,puma,external_condition_earn_v1
26,1801,2601801,EARN_16p_bin,50k_75k,14876.0,B20001,all_persons,acs5_api,2022,puma,external_condition_earn_v1
26,1801,2601801,EARN_16p_bin,75k_100k,10291.0,B20001,all_persons,acs5_api,2022,puma,external_condition_earn_v1
26,1801,2601801,EARN_16p_bin,ge_100k,13135.0,B20001,all_persons,acs5_api,2022,puma,external_condition_earn_v1
26,1802,2601802,AGEP_SEX_cross,"[0.0, 5.0)__1",4141.0,B01001,all_persons,acs5_api,2022,puma,external_condition_v1_agesex
26,1802,2601802,AGEP_SEX_cross,"[0.0, 5.0)__2",3325.0,B01001,all_persons,acs5_api,2022,puma,external_condition_v1_agesex
26,1802,2601802,AGEP_SEX_cross,"[5.0, 18.0)__1",8527.0,B01001,all_persons,acs5_api,2022,puma,external_condition_v1_agesex
26,1802,2601802,AGEP_SEX_cross,"[5.0, 18.0)__2",8503.0,B01001,all_persons,acs5_api,2022,puma,external_condition_v1_agesex
26,1802,2601802,AGEP_SEX_cross,"[18.0, 25.0)__1",7055.0,B01001,all_persons,acs5_api,2022,puma,external_condition_v1_agesex
26,1802,2601802,AGEP_SEX_cross,"[18.0, 25.0)__2",6463.0,B01001,all_persons,acs5_api,2022,puma,external_condition_v1_agesex
26,1802,2601802,AGEP_SEX_cross,"[25.0, 35.0)__1",10288.0,B01001,all_persons,acs5_api,2022,puma,external_condition_v1_agesex
26,1802,2601802,AGEP_SEX_cross,"[25.0, 35.0)__2",10795.0,B01001,all_persons,acs5_api,2022,puma,external_condition_v1_agesex
26,1802,2601802,AGEP_SEX_cross,"[35.0, 45.0)__1",7220.0,B01001,all_persons,acs5_api,2022,puma,external_condition_v1_agesex
26,1802,2601802,AGEP_SEX_cross,"[35.0, 45.0)__2",6570.0,B01001,all_persons,acs5_api,2022,puma,external_condition_v1_agesex
26,1802,2601802,AGEP_SEX_cross,"[45.0, 55.0)__1",5636.0,B01001,all_persons,acs5_api,2022,puma,external_condition_v1_agesex
26,1802,2601802,AGEP_SEX_cross,"[45.0, 55.0)__2",6077.0,B01001,all_persons,acs5_api,2022,puma,external_condition_v1_agesex
26,1802,2601802,AGEP_SEX_cross,"[55.0, 65.0)__1",6139.0,B01001,all_persons,acs5_api,2022,puma,external_condition_v1_agesex
26,1802,2601802,AGEP_SEX_cross,"[55.0, 65.0)__2",6728.0,B01001,all_persons,acs5_api,2022,puma,external_condition_v1_agesex
26,1802,2601802,AGEP_SEX_cross,"[65.0, 75.0)__1",4272.0,B01001,all_persons,acs5_api,2022,puma,external_condition_v1_agesex
26,1802,2601802,AGEP_SEX_cross,"[65.0, 75.0)__2",5097.0,B01001,all_persons,acs5_api,2022,puma,external_condition_v1_agesex
26,1802,2601802,AGEP_SEX_cross,"[75.0, 85.0)__1",1209.0,B01001,all_persons,acs5_api,2022,puma,external_condition_v1_agesex
26,1802,2601802,AGEP_SEX_cross,"[75.0, 85.0)__2",2184.0,B01001,all_persons,acs5_api,2022,puma,external_condition_v1_agesex
26,1802,2601802,AGEP_SEX_cross,"[85.0, 1000.0)__1",604.0,B01001,all_persons,acs5_api,2022,puma,external_condition_v1_agesex
26,1802,2601802,AGEP_SEX_cross,"[85.0, 1000.0)__2",1051.0,B01001,all_persons,acs5_api,2022,puma,external_condition_v1_agesex
26,1802,2601802,SCHL_allpop,not_25p,38014.0,B15003,all_persons,acs5_api,2022,puma,external_condition_v1_agesex
26,1802,2601802,SCHL_allpop,less_than_high_school,7040.0,B15003,all_persons,acs5_api,2022,puma,external_condition_v1_agesex
26,1802,2601802,SCHL_allpop,high_school_or_ged,18375.0,B15003,all_persons,acs5_api,2022,puma,external_condition_v1_agesex
26,1802,2601802,SCHL_allpop,some_college_or_assoc,26650.0,B15003,all_persons,acs5_api,2022,puma,external_condition_v1_agesex
26,1802,2601802,SCHL_allpop,bachelor_plus,21805.0,B15003,all_persons,acs5_api,2022,puma,external_condition_v1_agesex
26,1802,2601802,ESR_allpop,not_16p,21819.0,B23025,all_persons,acs5_api,2022,puma,external_condition_v1_agesex
26,1802,2601802,ESR_allpop,employed,55574.0,B23025,all_persons,acs5_api,2022,puma,external_condition_v1_agesex
26,1802,2601802,ESR_allpop,unemployed,4994.0,B23025,all_persons,acs5_api,2022,puma,external_condition_v1_agesex
26,1802,2601802,ESR_allpop,armed_forces,22.0,B23025,all_persons,acs5_api,2022,puma,external_condition_v1_agesex
26,1802,2601802,ESR_allpop,not_in_labor_force,29475.0,B23025,all_persons,acs5_api,2022,puma,external_condition_v1_agesex
26,1802,2601802,EARN_16p_bin,not_in_earnings_universe,48990.0,B20001+B01001,all_persons,acs5_api,2022,puma,external_condition_earn_v1
26,1802,2601802,EARN_16p_bin,lt_25k,24347.0,B20001,all_persons,acs5_api,2022,puma,external_condition_earn_v1
26,1802,2601802,EARN_16p_bin,25k_50k,20191.0,B20001,all_persons,acs5_api,2022,puma,external_condition_earn_v1
26,1802,2601802,EARN_16p_bin,50k_75k,11172.0,B20001,all_persons,acs5_api,2022,puma,external_condition_earn_v1
26,1802,2601802,EARN_16p_bin,75k_100k,4483.0,B20001,all_persons,acs5_api,2022,puma,external_condition_earn_v1
26,1802,2601802,EARN_16p_bin,ge_100k,2701.0,B20001,all_persons,acs5_api,2022,puma,external_condition_earn_v1
26,1900,2601900,AGEP_SEX_cross,"[0.0, 5.0)__1",5003.0,B01001,all_persons,acs5_api,2022,puma,external_condition_v1_agesex
26,1900,2601900,AGEP_SEX_cross,"[0.0, 5.0)__2",4845.0,B01001,all_persons,acs5_api,2022,puma,external_condition_v1_agesex
26,1900,2601900,AGEP_SEX_cross,"[5.0, 18.0)__1",15409.0,B01001,all_persons,acs5_api,2022,puma,external_condition_v1_agesex
26,1900,2601900,AGEP_SEX_cross,"[5.0, 18.0)__2",14398.0,B01001,all_persons,acs5_api,2022,puma,external_condition_v1_agesex
26,1900,2601900,AGEP_SEX_cross,"[18.0, 25.0)__1",8237.0,B01001,all_persons,acs5_api,2022,puma,external_condition_v1_agesex
26,1900,2601900,AGEP_SEX_cross,"[18.0, 25.0)__2",7788.0,B01001,all_persons,acs5_api,2022,puma,external_condition_v1_agesex
26,1900,2601900,AGEP_SEX_cross,"[25.0, 35.0)__1",11850.0,B01001,all_persons,acs5_api,2022,puma,external_condition_v1_agesex
26,1900,2601900,AGEP_SEX_cross,"[25.0, 35.0)__2",11415.0,B01001,all_persons,acs5_api,2022,puma,external_condition_v1_agesex
26,1900,2601900,AGEP_SEX_cross,"[35.0, 45.0)__1",11956.0,B01001,all_persons,acs5_api,2022,puma,external_condition_v1_agesex
26,1900,2601900,AGEP_SEX_cross,"[35.0, 45.0)__2",11503.0,B01001,all_persons,acs5_api,2022,puma,external_condition_v1_agesex
26,1900,2601900,AGEP_SEX_cross,"[45.0, 55.0)__1",11696.0,B01001,all_persons,acs5_api,2022,puma,external_condition_v1_agesex
26,1900,2601900,AGEP_SEX_cross,"[45.0, 55.0)__2",12161.0,B01001,all_persons,acs5_api,2022,puma,external_condition_v1_agesex
26,1900,2601900,AGEP_SEX_cross,"[55.0, 65.0)__1",13195.0,B01001,all_persons,acs5_api,2022,puma,external_condition_v1_agesex
26,1900,2601900,AGEP_SEX_cross,"[55.0, 65.0)__2",13761.0,B01001,all_persons,acs5_api,2022,puma,external_condition_v1_agesex
26,1900,2601900,AGEP_SEX_cross,"[65.0, 75.0)__1",10325.0,B01001,all_persons,acs5_api,2022,puma,external_condition_v1_agesex
26,1900,2601900,AGEP_SEX_cross,"[65.0, 75.0)__2",10822.0,B01001,all_persons,acs5_api,2022,puma,external_condition_v1_agesex
26,1900,2601900,AGEP_SEX_cross,"[75.0, 85.0)__1",4313.0,B01001,all_persons,acs5_api,2022,puma,external_condition_v1_agesex
26,1900,2601900,AGEP_SEX_cross,"[75.0, 85.0)__2",5426.0,B01001,all_persons,acs5_api,2022,puma,external_condition_v1_agesex
26,1900,2601900,AGEP_SEX_cross,"[85.0, 1000.0)__1",1496.0,B01001,all_persons,acs5_api,2022,puma,external_condition_v1_agesex
26,1900,2601900,AGEP_SEX_cross,"[85.0, 1000.0)__2",2722.0,B01001,all_persons,acs5_api,2022,puma,external_condition_v1_agesex
26,1900,2601900,SCHL_allpop,not_25p,55680.0,B15003,all_persons,acs5_api,2022,puma,external_condition_v1_agesex
26,1900,2601900,SCHL_allpop,less_than_high_school,6757.0,B15003,all_persons,acs5_api,2022,puma,external_condition_v1_agesex
26,1900,2601900,SCHL_allpop,high_school_or_ged,34910.0,B15003,all_persons,acs5_api,2022,puma,external_condition_v1_agesex
26,1900,2601900,SCHL_allpop,some_college_or_assoc,49730.0,B15003,all_persons,acs5_api,2022,puma,external_condition_v1_agesex
26,1900,2601900,SCHL_allpop,bachelor_plus,41244.0,B15003,all_persons,acs5_api,2022,puma,external_condition_v1_agesex
26,1900,2601900,ESR_allpop,not_16p,34945.0,B23025,all_persons,acs5_api,2022,puma,external_condition_v1_agesex
26,1900,2601900,ESR_allpop,employed,93188.0,B23025,all_persons,acs5_api,2022,puma,external_condition_v1_agesex
26,1900,2601900,ESR_allpop,unemployed,4247.0,B23025,all_persons,acs5_api,2022,puma,external_condition_v1_agesex
26,1900,2601900,ESR_allpop,armed_forces,97.0,B23025,all_persons,acs5_api,2022,puma,external_condition_v1_agesex
26,1900,2601900,ESR_allpop,not_in_labor_force,55844.0,B23025,all_persons,acs5_api,2022,puma,external_condition_v1_agesex
26,1900,2601900,EARN_16p_bin,not_in_earnings_universe,85963.0,B20001+B01001,all_persons,acs5_api,2022,puma,external_condition_earn_v1
26,1900,2601900,EARN_16p_bin,lt_25k,30382.0,B20001,all_persons,acs5_api,2022,puma,external_condition_earn_v1
26,1900,2601900,EARN_16p_bin,25k_50k,27100.0,B20001,all_persons,acs5_api,2022,puma,external_condition_earn_v1
26,1900,2601900,EARN_16p_bin,50k_75k,20044.0,B20001,all_persons,acs5_api,2022,puma,external_condition_earn_v1
26,1900,2601900,EARN_16p_bin,75k_100k,12556.0,B20001,all_persons,acs5_api,2022,puma,external_condition_earn_v1
26,1900,2601900,EARN_16p_bin,ge_100k,12276.0,B20001,all_persons,acs5_api,2022,puma,external_condition_earn_v1
26,2000,2602000,AGEP_SEX_cross,"[0.0, 5.0)__1",5712.0,B01001,all_persons,acs5_api,2022,puma,external_condition_v1_agesex
26,2000,2602000,AGEP_SEX_cross,"[0.0, 5.0)__2",5446.0,B01001,all_persons,acs5_api,2022,puma,external_condition_v1_agesex
26,2000,2602000,AGEP_SEX_cross,"[5.0, 18.0)__1",17316.0,B01001,all_persons,acs5_api,2022,puma,external_condition_v1_agesex
26,2000,2602000,AGEP_SEX_cross,"[5.0, 18.0)__2",15926.0,B01001,all_persons,acs5_api,2022,puma,external_condition_v1_agesex
26,2000,2602000,AGEP_SEX_cross,"[18.0, 25.0)__1",8458.0,B01001,all_persons,acs5_api,2022,puma,external_condition_v1_agesex
26,2000,2602000,AGEP_SEX_cross,"[18.0, 25.0)__2",8108.0,B01001,all_persons,acs5_api,2022,puma,external_condition_v1_agesex
26,2000,2602000,AGEP_SEX_cross,"[25.0, 35.0)__1",11979.0,B01001,all_persons,acs5_api,2022,puma,external_condition_v1_agesex
26,2000,2602000,AGEP_SEX_cross,"[25.0, 35.0)__2",11733.0,B01001,all_persons,acs5_api,2022,puma,external_condition_v1_agesex
26,2000,2602000,AGEP_SEX_cross,"[35.0, 45.0)__1",11762.0,B01001,all_persons,acs5_api,2022,puma,external_condition_v1_agesex
26,2000,2602000,AGEP_SEX_cross,"[35.0, 45.0)__2",11911.0,B01001,all_persons,acs5_api,2022,puma,external_condition_v1_agesex
26,2000,2602000,AGEP_SEX_cross,"[45.0, 55.0)__1",12121.0,B01001,all_persons,acs5_api,2022,puma,external_condition_v1_agesex
26,2000,2602000,AGEP_SEX_cross,"[45.0, 55.0)__2",12097.0,B01001,all_persons,acs5_api,2022,puma,external_condition_v1_agesex
26,2000,2602000,AGEP_SEX_cross,"[55.0, 65.0)__1",14139.0,B01001,all_persons,acs5_api,2022,puma,external_condition_v1_agesex
26,2000,2602000,AGEP_SEX_cross,"[55.0, 65.0)__2",14018.0,B01001,all_persons,acs5_api,2022,puma,external_condition_v1_agesex
26,2000,2602000,AGEP_SEX_cross,"[65.0, 75.0)__1",10424.0,B01001,all_persons,acs5_api,2022,puma,external_condition_v1_agesex
26,2000,2602000,AGEP_SEX_cross,"[65.0, 75.0)__2",11140.0,B01001,all_persons,acs5_api,2022,puma,external_condition_v1_agesex
26,2000,2602000,AGEP_SEX_cross,"[75.0, 85.0)__1",4480.0,B01001,all_persons,acs5_api,2022,puma,external_condition_v1_agesex
26,2000,2602000,AGEP_SEX_cross,"[75.0, 85.0)__2",5623.0,B01001,all_persons,acs5_api,2022,puma,external_condition_v1_agesex
26,2000,2602000,AGEP_SEX_cross,"[85.0, 1000.0)__1",1416.0,B01001,all_persons,acs5_api,2022,puma,external_condition_v1_agesex
26,2000,2602000,AGEP_SEX_cross,"[85.0, 1000.0)__2",2783.0,B01001,all_persons,acs5_api,2022,puma,external_condition_v1_agesex
26,2000,2602000,SCHL_allpop,not_25p,60966.0,B15003,all_persons,acs5_api,2022,puma,external_condition_v1_agesex
26,2000,2602000,SCHL_allpop,less_than_high_school,11140.0,B15003,all_persons,acs5_api,2022,puma,external_condition_v1_agesex
26,2000,2602000,SCHL_allpop,high_school_or_ged,48325.0,B15003,all_persons,acs5_api,2022,puma,external_condition_v1_agesex
26,2000,2602000,SCHL_allpop,some_college_or_assoc,45562.0,B15003,all_persons,acs5_api,2022,puma,external_condition_v1_agesex
26,2000,2602000,SCHL_allpop,bachelor_plus,30599.0,B15003,all_persons,acs5_api,2022,puma,external_condition_v1_agesex
26,2000,2602000,ESR_allpop,not_16p,38821.0,B23025,all_persons,acs5_api,2022,puma,external_condition_v1_agesex
26,2000,2602000,ESR_allpop,employed,88452.0,B23025,all_persons,acs5_api,2022,puma,external_condition_v1_agesex
26,2000,2602000,ESR_allpop,unemployed,5942.0,B23025,all_persons,acs5_api,2022,puma,external_condition_v1_agesex
26,2000,2602000,ESR_allpop,armed_forces,193.0,B23025,all_persons,acs5_api,2022,puma,external_condition_v1_agesex
26,2000,2602000,ESR_allpop,not_in_labor_force,63184.0,B23025,all_persons,acs5_api,2022,puma,external_condition_v1_agesex
26,2000,2602000,EARN_16p_bin,not_in_earnings_universe,96744.0,B20001+B01001,all_persons,acs5_api,2022,puma,external_condition_earn_v1
26,2000,2602000,EARN_16p_bin,lt_25k,34375.0,B20001,all_persons,acs5_api,2022,puma,external_condition_earn_v1
26,2000,2602000,EARN_16p_bin,25k_50k,28928.0,B20001,all_persons,acs5_api,2022,puma,external_condition_earn_v1
26,2000,2602000,EARN_16p_bin,50k_75k,18283.0,B20001,all_persons,acs5_api,2022,puma,external_condition_earn_v1
26,2000,2602000,EARN_16p_bin,75k_100k,9005.0,B20001,all_persons,acs5_api,2022,puma,external_condition_earn_v1
26,2000,2602000,EARN_16p_bin,ge_100k,9257.0,B20001,all_persons,acs5_api,2022,puma,external_condition_earn_v1
26,2101,2602101,AGEP_SEX_cross,"[0.0, 5.0)__1",3967.0,B01001,all_persons,acs5_api,2022,puma,external_condition_v1_agesex
26,2101,2602101,AGEP_SEX_cross,"[0.0, 5.0)__2",3962.0,B01001,all_persons,acs5_api,2022,puma,external_condition_v1_agesex
26,2101,2602101,AGEP_SEX_cross,"[5.0, 18.0)__1",12038.0,B01001,all_persons,acs5_api,2022,puma,external_condition_v1_agesex
26,2101,2602101,AGEP_SEX_cross,"[5.0, 18.0)__2",10997.0,B01001,all_persons,acs5_api,2022,puma,external_condition_v1_agesex
26,2101,2602101,AGEP_SEX_cross,"[18.0, 25.0)__1",6610.0,B01001,all_persons,acs5_api,2022,puma,external_condition_v1_agesex
26,2101,2602101,AGEP_SEX_cross,"[18.0, 25.0)__2",7282.0,B01001,all_persons,acs5_api,2022,puma,external_condition_v1_agesex
26,2101,2602101,AGEP_SEX_cross,"[25.0, 35.0)__1",8904.0,B01001,all_persons,acs5_api,2022,puma,external_condition_v1_agesex
26,2101,2602101,AGEP_SEX_cross,"[25.0, 35.0)__2",8255.0,B01001,all_persons,acs5_api,2022,puma,external_condition_v1_agesex
26,2101,2602101,AGEP_SEX_cross,"[35.0, 45.0)__1",9097.0,B01001,all_persons,acs5_api,2022,puma,external_condition_v1_agesex
26,2101,2602101,AGEP_SEX_cross,"[35.0, 45.0)__2",8938.0,B01001,all_persons,acs5_api,2022,puma,external_condition_v1_agesex
26,2101,2602101,AGEP_SEX_cross,"[45.0, 55.0)__1",7995.0,B01001,all_persons,acs5_api,2022,puma,external_condition_v1_agesex
26,2101,2602101,AGEP_SEX_cross,"[45.0, 55.0)__2",8487.0,B01001,all_persons,acs5_api,2022,puma,external_condition_v1_agesex
26,2101,2602101,AGEP_SEX_cross,"[55.0, 65.0)__1",8396.0,B01001,all_persons,acs5_api,2022,puma,external_condition_v1_agesex
26,2101,2602101,AGEP_SEX_cross,"[55.0, 65.0)__2",8983.0,B01001,all_persons,acs5_api,2022,puma,external_condition_v1_agesex
26,2101,2602101,AGEP_SEX_cross,"[65.0, 75.0)__1",7281.0,B01001,all_persons,acs5_api,2022,puma,external_condition_v1_agesex
26,2101,2602101,AGEP_SEX_cross,"[65.0, 75.0)__2",7620.0,B01001,all_persons,acs5_api,2022,puma,external_condition_v1_agesex
26,2101,2602101,AGEP_SEX_cross,"[75.0, 85.0)__1",2944.0,B01001,all_persons,acs5_api,2022,puma,external_condition_v1_agesex
26,2101,2602101,AGEP_SEX_cross,"[75.0, 85.0)__2",3841.0,B01001,all_persons,acs5_api,2022,puma,external_condition_v1_agesex
26,2101,2602101,AGEP_SEX_cross,"[85.0, 1000.0)__1",1021.0,B01001,all_persons,acs5_api,2022,puma,external_condition_v1_agesex
26,2101,2602101,AGEP_SEX_cross,"[85.0, 1000.0)__2",1892.0,B01001,all_persons,acs5_api,2022,puma,external_condition_v1_agesex
26,2101,2602101,SCHL_allpop,not_25p,44856.0,B15003,all_persons,acs5_api,2022,puma,external_condition_v1_agesex
26,2101,2602101,SCHL_allpop,less_than_high_school,4675.0,B15003,all_persons,acs5_api,2022,puma,external_condition_v1_agesex
26,2101,2602101,SCHL_allpop,high_school_or_ged,22651.0,B15003,all_persons,acs5_api,2022,puma,external_condition_v1_agesex
26,2101,2602101,SCHL_allpop,some_college_or_assoc,29471.0,B15003,all_persons,acs5_api,2022,puma,external_condition_v1_agesex
26,2101,2602101,SCHL_allpop,bachelor_plus,36857.0,B15003,all_persons,acs5_api,2022,puma,external_condition_v1_agesex
26,2101,2602101,ESR_allpop,not_16p,27878.0,B23025,all_persons,acs5_api,2022,puma,external_condition_v1_agesex
26,2101,2602101,ESR_allpop,employed,68848.0,B23025,all_persons,acs5_api,2022,puma,external_condition_v1_agesex
26,2101,2602101,ESR_allpop,unemployed,4146.0,B23025,all_persons,acs5_api,2022,puma,external_condition_v1_agesex
26,2101,2602101,ESR_allpop,armed_forces,104.0,B23025,all_persons,acs5_api,2022,puma,external_condition_v1_agesex
26,2101,2602101,ESR_allpop,not_in_labor_force,37534.0,B23025,all_persons,acs5_api,2022,puma,external_condition_v1_agesex
26,2101,2602101,EARN_16p_bin,not_in_earnings_universe,62632.0,B20001+B01001,all_persons,acs5_api,2022,puma,external_condition_earn_v1
26,2101,2602101,EARN_16p_bin,lt_25k,22648.0,B20001,all_persons,acs5_api,2022,puma,external_condition_earn_v1
26,2101,2602101,EARN_16p_bin,25k_50k,19786.0,B20001,all_persons,acs5_api,2022,puma,external_condition_earn_v1
26,2101,2602101,EARN_16p_bin,50k_75k,14964.0,B20001,all_persons,acs5_api,2022,puma,external_condition_earn_v1
26,2101,2602101,EARN_16p_bin,75k_100k,8049.0,B20001,all_persons,acs5_api,2022,puma,external_condition_earn_v1
26,2101,2602101,EARN_16p_bin,ge_100k,10431.0,B20001,all_persons,acs5_api,2022,puma,external_condition_earn_v1
26,2102,2602102,AGEP_SEX_cross,"[0.0, 5.0)__1",3733.0,B01001,all_persons,acs5_api,2022,puma,external_condition_v1_agesex
26,2102,2602102,AGEP_SEX_cross,"[0.0, 5.0)__2",3226.0,B01001,all_persons,acs5_api,2022,puma,external_condition_v1_agesex
26,2102,2602102,AGEP_SEX_cross,"[5.0, 18.0)__1",9033.0,B01001,all_persons,acs5_api,2022,puma,external_condition_v1_agesex
26,2102,2602102,AGEP_SEX_cross,"[5.0, 18.0)__2",8972.0,B01001,all_persons,acs5_api,2022,puma,external_condition_v1_agesex
26,2102,2602102,AGEP_SEX_cross,"[18.0, 25.0)__1",13320.0,B01001,all_persons,acs5_api,2022,puma,external_condition_v1_agesex
26,2102,2602102,AGEP_SEX_cross,"[18.0, 25.0)__2",13390.0,B01001,all_persons,acs5_api,2022,puma,external_condition_v1_agesex
26,2102,2602102,AGEP_SEX_cross,"[25.0, 35.0)__1",8984.0,B01001,all_persons,acs5_api,2022,puma,external_condition_v1_agesex
26,2102,2602102,AGEP_SEX_cross,"[25.0, 35.0)__2",9197.0,B01001,all_persons,acs5_api,2022,puma,external_condition_v1_agesex
26,2102,2602102,AGEP_SEX_cross,"[35.0, 45.0)__1",6673.0,B01001,all_persons,acs5_api,2022,puma,external_condition_v1_agesex
26,2102,2602102,AGEP_SEX_cross,"[35.0, 45.0)__2",6579.0,B01001,all_persons,acs5_api,2022,puma,external_condition_v1_agesex
26,2102,2602102,AGEP_SEX_cross,"[45.0, 55.0)__1",6096.0,B01001,all_persons,acs5_api,2022,puma,external_condition_v1_agesex
26,2102,2602102,AGEP_SEX_cross,"[45.0, 55.0)__2",5576.0,B01001,all_persons,acs5_api,2022,puma,external_condition_v1_agesex
26,2102,2602102,AGEP_SEX_cross,"[55.0, 65.0)__1",5943.0,B01001,all_persons,acs5_api,2022,puma,external_condition_v1_agesex
26,2102,2602102,AGEP_SEX_cross,"[55.0, 65.0)__2",6277.0,B01001,all_persons,acs5_api,2022,puma,external_condition_v1_agesex
26,2102,2602102,AGEP_SEX_cross,"[65.0, 75.0)__1",3991.0,B01001,all_persons,acs5_api,2022,puma,external_condition_v1_agesex
26,2102,2602102,AGEP_SEX_cross,"[65.0, 75.0)__2",5253.0,B01001,all_persons,acs5_api,2022,puma,external_condition_v1_agesex
26,2102,2602102,AGEP_SEX_cross,"[75.0, 85.0)__1",1952.0,B01001,all_persons,acs5_api,2022,puma,external_condition_v1_agesex
26,2102,2602102,AGEP_SEX_cross,"[75.0, 85.0)__2",2824.0,B01001,all_persons,acs5_api,2022,puma,external_condition_v1_agesex
26,2102,2602102,AGEP_SEX_cross,"[85.0, 1000.0)__1",617.0,B01001,all_persons,acs5_api,2022,puma,external_condition_v1_agesex
26,2102,2602102,AGEP_SEX_cross,"[85.0, 1000.0)__2",1280.0,B01001,all_persons,acs5_api,2022,puma,external_condition_v1_agesex
26,2102,2602102,SCHL_allpop,not_25p,51674.0,B15003,all_persons,acs5_api,2022,puma,external_condition_v1_agesex
26,2102,2602102,SCHL_allpop,less_than_high_school,4615.0,B15003,all_persons,acs5_api,2022,puma,external_condition_v1_agesex
26,2102,2602102,SCHL_allpop,high_school_or_ged,15146.0,B15003,all_persons,acs5_api,2022,puma,external_condition_v1_agesex
26,2102,2602102,SCHL_allpop,some_college_or_assoc,21584.0,B15003,all_persons,acs5_api,2022,puma,external_condition_v1_agesex
26,2102,2602102,SCHL_allpop,bachelor_plus,29897.0,B15003,all_persons,acs5_api,2022,puma,external_condition_v1_agesex
26,2102,2602102,ESR_allpop,not_16p,22076.0,B23025,all_persons,acs5_api,2022,puma,external_condition_v1_agesex
26,2102,2602102,ESR_allpop,employed,62681.0,B23025,all_persons,acs5_api,2022,puma,external_condition_v1_agesex
26,2102,2602102,ESR_allpop,unemployed,4909.0,B23025,all_persons,acs5_api,2022,puma,external_condition_v1_agesex
26,2102,2602102,ESR_allpop,armed_forces,123.0,B23025,all_persons,acs5_api,2022,puma,external_condition_v1_agesex
26,2102,2602102,ESR_allpop,not_in_labor_force,33127.0,B23025,all_persons,acs5_api,2022,puma,external_condition_v1_agesex
26,2102,2602102,EARN_16p_bin,not_in_earnings_universe,50642.0,B20001+B01001,all_persons,acs5_api,2022,puma,external_condition_earn_v1
26,2102,2602102,EARN_16p_bin,lt_25k,31968.0,B20001,all_persons,acs5_api,2022,puma,external_condition_earn_v1
26,2102,2602102,EARN_16p_bin,25k_50k,17793.0,B20001,all_persons,acs5_api,2022,puma,external_condition_earn_v1
26,2102,2602102,EARN_16p_bin,50k_75k,11264.0,B20001,all_persons,acs5_api,2022,puma,external_condition_earn_v1
26,2102,2602102,EARN_16p_bin,75k_100k,4472.0,B20001,all_persons,acs5_api,2022,puma,external_condition_earn_v1
26,2102,2602102,EARN_16p_bin,ge_100k,6777.0,B20001,all_persons,acs5_api,2022,puma,external_condition_earn_v1
26,2200,2602200,AGEP_SEX_cross,"[0.0, 5.0)__1",3442.0,B01001,all_persons,acs5_api,2022,puma,external_condition_v1_agesex
26,2200,2602200,AGEP_SEX_cross,"[0.0, 5.0)__2",3106.0,B01001,all_persons,acs5_api,2022,puma,external_condition_v1_agesex
26,2200,2602200,AGEP_SEX_cross,"[5.0, 18.0)__1",9420.0,B01001,all_persons,acs5_api,2022,puma,external_condition_v1_agesex
26,2200,2602200,AGEP_SEX_cross,"[5.0, 18.0)__2",9237.0,B01001,all_persons,acs5_api,2022,puma,external_condition_v1_agesex
26,2200,2602200,AGEP_SEX_cross,"[18.0, 25.0)__1",4323.0,B01001,all_persons,acs5_api,2022,puma,external_condition_v1_agesex
26,2200,2602200,AGEP_SEX_cross,"[18.0, 25.0)__2",4067.0,B01001,all_persons,acs5_api,2022,puma,external_condition_v1_agesex
26,2200,2602200,AGEP_SEX_cross,"[25.0, 35.0)__1",6571.0,B01001,all_persons,acs5_api,2022,puma,external_condition_v1_agesex
26,2200,2602200,AGEP_SEX_cross,"[25.0, 35.0)__2",5969.0,B01001,all_persons,acs5_api,2022,puma,external_condition_v1_agesex
26,2200,2602200,AGEP_SEX_cross,"[35.0, 45.0)__1",6659.0,B01001,all_persons,acs5_api,2022,puma,external_condition_v1_agesex
26,2200,2602200,AGEP_SEX_cross,"[35.0, 45.0)__2",5818.0,B01001,all_persons,acs5_api,2022,puma,external_condition_v1_agesex
26,2200,2602200,AGEP_SEX_cross,"[45.0, 55.0)__1",6622.0,B01001,all_persons,acs5_api,2022,puma,external_condition_v1_agesex
26,2200,2602200,AGEP_SEX_cross,"[45.0, 55.0)__2",5810.0,B01001,all_persons,acs5_api,2022,puma,external_condition_v1_agesex
26,2200,2602200,AGEP_SEX_cross,"[55.0, 65.0)__1",7684.0,B01001,all_persons,acs5_api,2022,puma,external_condition_v1_agesex
26,2200,2602200,AGEP_SEX_cross,"[55.0, 65.0)__2",7444.0,B01001,all_persons,acs5_api,2022,puma,external_condition_v1_agesex
26,2200,2602200,AGEP_SEX_cross,"[65.0, 75.0)__1",5840.0,B01001,all_persons,acs5_api,2022,puma,external_condition_v1_agesex
26,2200,2602200,AGEP_SEX_cross,"[65.0, 75.0)__2",5961.0,B01001,all_persons,acs5_api,2022,puma,external_condition_v1_agesex
26,2200,2602200,AGEP_SEX_cross,"[75.0, 85.0)__1",2639.0,B01001,all_persons,acs5_api,2022,puma,external_condition_v1_agesex
26,2200,2602200,AGEP_SEX_cross,"[75.0, 85.0)__2",3364.0,B01001,all_persons,acs5_api,2022,puma,external_condition_v1_agesex
26,2200,2602200,AGEP_SEX_cross,"[85.0, 1000.0)__1",622.0,B01001,all_persons,acs5_api,2022,puma,external_condition_v1_agesex
26,2200,2602200,AGEP_SEX_cross,"[85.0, 1000.0)__2",1084.0,B01001,all_persons,acs5_api,2022,puma,external_condition_v1_agesex
26,2200,2602200,SCHL_allpop,not_25p,33595.0,B15003,all_persons,acs5_api,2022,puma,external_condition_v1_agesex
26,2200,2602200,SCHL_allpop,less_than_high_school,8717.0,B15003,all_persons,acs5_api,2022,puma,external_condition_v1_agesex
26,2200,2602200,SCHL_allpop,high_school_or_ged,27153.0,B15003,all_persons,acs5_api,2022,puma,external_condition_v1_agesex
26,2200,2602200,SCHL_allpop,some_college_or_assoc,24178.0,B15003,all_persons,acs5_api,2022,puma,external_condition_v1_agesex
26,2200,2602200,SCHL_allpop,bachelor_plus,12039.0,B15003,all_persons,acs5_api,2022,puma,external_condition_v1_agesex
26,2200,2602200,ESR_allpop,not_16p,22282.0,B23025,all_persons,acs5_api,2022,puma,external_condition_v1_agesex
26,2200,2602200,ESR_allpop,employed,47175.0,B23025,all_persons,acs5_api,2022,puma,external_condition_v1_agesex
26,2200,2602200,ESR_allpop,unemployed,2539.0,B23025,all_persons,acs5_api,2022,puma,external_condition_v1_agesex
26,2200,2602200,ESR_allpop,armed_forces,0.0,B23025,all_persons,acs5_api,2022,puma,external_condition_v1_agesex
26,2200,2602200,ESR_allpop,not_in_labor_force,33686.0,B23025,all_persons,acs5_api,2022,puma,external_condition_v1_agesex
26,2200,2602200,EARN_16p_bin,not_in_earnings_universe,52863.0,B20001+B01001,all_persons,acs5_api,2022,puma,external_condition_earn_v1
26,2200,2602200,EARN_16p_bin,lt_25k,18135.0,B20001,all_persons,acs5_api,2022,puma,external_condition_earn_v1
26,2200,2602200,EARN_16p_bin,25k_50k,17422.0,B20001,all_persons,acs5_api,2022,puma,external_condition_earn_v1
26,2200,2602200,EARN_16p_bin,50k_75k,10114.0,B20001,all_persons,acs5_api,2022,puma,external_condition_earn_v1
26,2200,2602200,EARN_16p_bin,75k_100k,4087.0,B20001,all_persons,acs5_api,2022,puma,external_condition_earn_v1
26,2200,2602200,EARN_16p_bin,ge_100k,3061.0,B20001,all_persons,acs5_api,2022,puma,external_condition_earn_v1
26,2300,2602300,AGEP_SEX_cross,"[0.0, 5.0)__1",3498.0,B01001,all_persons,acs5_api,2022,puma,external_condition_v1_agesex
26,2300,2602300,AGEP_SEX_cross,"[0.0, 5.0)__2",3316.0,B01001,all_persons,acs5_api,2022,puma,external_condition_v1_agesex
26,2300,2602300,AGEP_SEX_cross,"[5.0, 18.0)__1",10738.0,B01001,all_persons,acs5_api,2022,puma,external_condition_v1_agesex
26,2300,2602300,AGEP_SEX_cross,"[5.0, 18.0)__2",10414.0,B01001,all_persons,acs5_api,2022,puma,external_condition_v1_agesex
26,2300,2602300,AGEP_SEX_cross,"[18.0, 25.0)__1",5249.0,B01001,all_persons,acs5_api,2022,puma,external_condition_v1_agesex
26,2300,2602300,AGEP_SEX_cross,"[18.0, 25.0)__2",4872.0,B01001,all_persons,acs5_api,2022,puma,external_condition_v1_agesex
26,2300,2602300,AGEP_SEX_cross,"[25.0, 35.0)__1",7105.0,B01001,all_persons,acs5_api,2022,puma,external_condition_v1_agesex
26,2300,2602300,AGEP_SEX_cross,"[25.0, 35.0)__2",6705.0,B01001,all_persons,acs5_api,2022,puma,external_condition_v1_agesex
26,2300,2602300,AGEP_SEX_cross,"[35.0, 45.0)__1",7389.0,B01001,all_persons,acs5_api,2022,puma,external_condition_v1_agesex
26,2300,2602300,AGEP_SEX_cross,"[35.0, 45.0)__2",7229.0,B01001,all_persons,acs5_api,2022,puma,external_condition_v1_agesex
26,2300,2602300,AGEP_SEX_cross,"[45.0, 55.0)__1",7977.0,B01001,all_persons,acs5_api,2022,puma,external_condition_v1_agesex
26,2300,2602300,AGEP_SEX_cross,"[45.0, 55.0)__2",7982.0,B01001,all_persons,acs5_api,2022,puma,external_condition_v1_agesex
26,2300,2602300,AGEP_SEX_cross,"[55.0, 65.0)__1",9706.0,B01001,all_persons,acs5_api,2022,puma,external_condition_v1_agesex
26,2300,2602300,AGEP_SEX_cross,"[55.0, 65.0)__2",9691.0,B01001,all_persons,acs5_api,2022,puma,external_condition_v1_agesex
26,2300,2602300,AGEP_SEX_cross,"[65.0, 75.0)__1",7763.0,B01001,all_persons,acs5_api,2022,puma,external_condition_v1_agesex
26,2300,2602300,AGEP_SEX_cross,"[65.0, 75.0)__2",7984.0,B01001,all_persons,acs5_api,2022,puma,external_condition_v1_agesex
26,2300,2602300,AGEP_SEX_cross,"[75.0, 85.0)__1",3187.0,B01001,all_persons,acs5_api,2022,puma,external_condition_v1_agesex
26,2300,2602300,AGEP_SEX_cross,"[75.0, 85.0)__2",3801.0,B01001,all_persons,acs5_api,2022,puma,external_condition_v1_agesex
26,2300,2602300,AGEP_SEX_cross,"[85.0, 1000.0)__1",1136.0,B01001,all_persons,acs5_api,2022,puma,external_condition_v1_agesex
26,2300,2602300,AGEP_SEX_cross,"[85.0, 1000.0)__2",1498.0,B01001,all_persons,acs5_api,2022,puma,external_condition_v1_agesex
26,2300,2602300,SCHL_allpop,not_25p,38087.0,B15003,all_persons,acs5_api,2022,puma,external_condition_v1_agesex
26,2300,2602300,SCHL_allpop,less_than_high_school,9855.0,B15003,all_persons,acs5_api,2022,puma,external_condition_v1_agesex
26,2300,2602300,SCHL_allpop,high_school_or_ged,29584.0,B15003,all_persons,acs5_api,2022,puma,external_condition_v1_agesex
26,2300,2602300,SCHL_allpop,some_college_or_assoc,30292.0,B15003,all_persons,acs5_api,2022,puma,external_condition_v1_agesex
26,2300,2602300,SCHL_allpop,bachelor_plus,19422.0,B15003,all_persons,acs5_api,2022,puma,external_condition_v1_agesex
26,2300,2602300,ESR_allpop,not_16p,24508.0,B23025,all_persons,acs5_api,2022,puma,external_condition_v1_agesex
26,2300,2602300,ESR_allpop,employed,58303.0,B23025,all_persons,acs5_api,2022,puma,external_condition_v1_agesex
26,2300,2602300,ESR_allpop,unemployed,2941.0,B23025,all_persons,acs5_api,2022,puma,external_condition_v1_agesex
26,2300,2602300,ESR_allpop,armed_forces,72.0,B23025,all_persons,acs5_api,2022,puma,external_condition_v1_agesex
26,2300,2602300,ESR_allpop,not_in_labor_force,41416.0,B23025,all_persons,acs5_api,2022,puma,external_condition_v1_agesex
26,2300,2602300,EARN_16p_bin,not_in_earnings_universe,61828.0,B20001+B01001,all_persons,acs5_api,2022,puma,external_condition_earn_v1
26,2300,2602300,EARN_16p_bin,lt_25k,22939.0,B20001,all_persons,acs5_api,2022,puma,external_condition_earn_v1
26,2300,2602300,EARN_16p_bin,25k_50k,18851.0,B20001,all_persons,acs5_api,2022,puma,external_condition_earn_v1
26,2300,2602300,EARN_16p_bin,50k_75k,12309.0,B20001,all_persons,acs5_api,2022,puma,external_condition_earn_v1
26,2300,2602300,EARN_16p_bin,75k_100k,5085.0,B20001,all_persons,acs5_api,2022,puma,external_condition_earn_v1
26,2300,2602300,EARN_16p_bin,ge_100k,6228.0,B20001,all_persons,acs5_api,2022,puma,external_condition_earn_v1
26,2400,2602400,AGEP_SEX_cross,"[0.0, 5.0)__1",4312.0,B01001,all_persons,acs5_api,2022,puma,external_condition_v1_agesex
26,2400,2602400,AGEP_SEX_cross,"[0.0, 5.0)__2",4037.0,B01001,all_persons,acs5_api,2022,puma,external_condition_v1_agesex
26,2400,2602400,AGEP_SEX_cross,"[5.0, 18.0)__1",12660.0,B01001,all_persons,acs5_api,2022,puma,external_condition_v1_agesex
26,2400,2602400,AGEP_SEX_cross,"[5.0, 18.0)__2",12122.0,B01001,all_persons,acs5_api,2022,puma,external_condition_v1_agesex
26,2400,2602400,AGEP_SEX_cross,"[18.0, 25.0)__1",6452.0,B01001,all_persons,acs5_api,2022,puma,external_condition_v1_agesex
26,2400,2602400,AGEP_SEX_cross,"[18.0, 25.0)__2",6305.0,B01001,all_persons,acs5_api,2022,puma,external_condition_v1_agesex
26,2400,2602400,AGEP_SEX_cross,"[25.0, 35.0)__1",8941.0,B01001,all_persons,acs5_api,2022,puma,external_condition_v1_agesex
26,2400,2602400,AGEP_SEX_cross,"[25.0, 35.0)__2",8667.0,B01001,all_persons,acs5_api,2022,puma,external_condition_v1_agesex
26,2400,2602400,AGEP_SEX_cross,"[35.0, 45.0)__1",9048.0,B01001,all_persons,acs5_api,2022,puma,external_condition_v1_agesex
26,2400,2602400,AGEP_SEX_cross,"[35.0, 45.0)__2",8996.0,B01001,all_persons,acs5_api,2022,puma,external_condition_v1_agesex
26,2400,2602400,AGEP_SEX_cross,"[45.0, 55.0)__1",9220.0,B01001,all_persons,acs5_api,2022,puma,external_condition_v1_agesex
26,2400,2602400,AGEP_SEX_cross,"[45.0, 55.0)__2",9432.0,B01001,all_persons,acs5_api,2022,puma,external_condition_v1_agesex
26,2400,2602400,AGEP_SEX_cross,"[55.0, 65.0)__1",10997.0,B01001,all_persons,acs5_api,2022,puma,external_condition_v1_agesex
26,2400,2602400,AGEP_SEX_cross,"[55.0, 65.0)__2",11294.0,B01001,all_persons,acs5_api,2022,puma,external_condition_v1_agesex
26,2400,2602400,AGEP_SEX_cross,"[65.0, 75.0)__1",8775.0,B01001,all_persons,acs5_api,2022,puma,external_condition_v1_agesex
26,2400,2602400,AGEP_SEX_cross,"[65.0, 75.0)__2",9682.0,B01001,all_persons,acs5_api,2022,puma,external_condition_v1_agesex
26,2400,2602400,AGEP_SEX_cross,"[75.0, 85.0)__1",3775.0,B01001,all_persons,acs5_api,2022,puma,external_condition_v1_agesex
26,2400,2602400,AGEP_SEX_cross,"[75.0, 85.0)__2",4635.0,B01001,all_persons,acs5_api,2022,puma,external_condition_v1_agesex
26,2400,2602400,AGEP_SEX_cross,"[85.0, 1000.0)__1",1683.0,B01001,all_persons,acs5_api,2022,puma,external_condition_v1_agesex
26,2400,2602400,AGEP_SEX_cross,"[85.0, 1000.0)__2",2905.0,B01001,all_persons,acs5_api,2022,puma,external_condition_v1_agesex
26,2400,2602400,SCHL_allpop,not_25p,45888.0,B15003,all_persons,acs5_api,2022,puma,external_condition_v1_agesex
26,2400,2602400,SCHL_allpop,less_than_high_school,9041.0,B15003,all_persons,acs5_api,2022,puma,external_condition_v1_agesex
26,2400,2602400,SCHL_allpop,high_school_or_ged,29889.0,B15003,all_persons,acs5_api,2022,puma,external_condition_v1_agesex
26,2400,2602400,SCHL_allpop,some_college_or_assoc,36623.0,B15003,all_persons,acs5_api,2022,puma,external_condition_v1_agesex
26,2400,2602400,SCHL_allpop,bachelor_plus,32497.0,B15003,all_persons,acs5_api,2022,puma,external_condition_v1_agesex
26,2400,2602400,ESR_allpop,not_16p,29365.0,B23025,all_persons,acs5_api,2022,puma,external_condition_v1_agesex
26,2400,2602400,ESR_allpop,employed,71098.0,B23025,all_persons,acs5_api,2022,puma,external_condition_v1_agesex
26,2400,2602400,ESR_allpop,unemployed,5022.0,B23025,all_persons,acs5_api,2022,puma,external_condition_v1_agesex
26,2400,2602400,ESR_allpop,armed_forces,47.0,B23025,all_persons,acs5_api,2022,puma,external_condition_v1_agesex
26,2400,2602400,ESR_allpop,not_in_labor_force,48406.0,B23025,all_persons,acs5_api,2022,puma,external_condition_v1_agesex
26,2400,2602400,EARN_16p_bin,not_in_earnings_universe,73943.0,B20001+B01001,all_persons,acs5_api,2022,puma,external_condition_earn_v1
26,2400,2602400,EARN_16p_bin,lt_25k,29667.0,B20001,all_persons,acs5_api,2022,puma,external_condition_earn_v1
26,2400,2602400,EARN_16p_bin,25k_50k,21219.0,B20001,all_persons,acs5_api,2022,puma,external_condition_earn_v1
26,2400,2602400,EARN_16p_bin,50k_75k,13341.0,B20001,all_persons,acs5_api,2022,puma,external_condition_earn_v1
26,2400,2602400,EARN_16p_bin,75k_100k,6987.0,B20001,all_persons,acs5_api,2022,puma,external_condition_earn_v1
26,2400,2602400,EARN_16p_bin,ge_100k,8781.0,B20001,all_persons,acs5_api,2022,puma,external_condition_earn_v1
26,2500,2602500,AGEP_SEX_cross,"[0.0, 5.0)__1",3921.0,B01001,all_persons,acs5_api,2022,puma,external_condition_v1_agesex
26,2500,2602500,AGEP_SEX_cross,"[0.0, 5.0)__2",3710.0,B01001,all_persons,acs5_api,2022,puma,external_condition_v1_agesex
26,2500,2602500,AGEP_SEX_cross,"[5.0, 18.0)__1",11707.0,B01001,all_persons,acs5_api,2022,puma,external_condition_v1_agesex
26,2500,2602500,AGEP_SEX_cross,"[5.0, 18.0)__2",10952.0,B01001,all_persons,acs5_api,2022,puma,external_condition_v1_agesex
26,2500,2602500,AGEP_SEX_cross,"[18.0, 25.0)__1",7295.0,B01001,all_persons,acs5_api,2022,puma,external_condition_v1_agesex
26,2500,2602500,AGEP_SEX_cross,"[18.0, 25.0)__2",6384.0,B01001,all_persons,acs5_api,2022,puma,external_condition_v1_agesex
26,2500,2602500,AGEP_SEX_cross,"[25.0, 35.0)__1",8427.0,B01001,all_persons,acs5_api,2022,puma,external_condition_v1_agesex
26,2500,2602500,AGEP_SEX_cross,"[25.0, 35.0)__2",7676.0,B01001,all_persons,acs5_api,2022,puma,external_condition_v1_agesex
26,2500,2602500,AGEP_SEX_cross,"[35.0, 45.0)__1",9015.0,B01001,all_persons,acs5_api,2022,puma,external_condition_v1_agesex
26,2500,2602500,AGEP_SEX_cross,"[35.0, 45.0)__2",7957.0,B01001,all_persons,acs5_api,2022,puma,external_condition_v1_agesex
26,2500,2602500,AGEP_SEX_cross,"[45.0, 55.0)__1",9467.0,B01001,all_persons,acs5_api,2022,puma,external_condition_v1_agesex
26,2500,2602500,AGEP_SEX_cross,"[45.0, 55.0)__2",8763.0,B01001,all_persons,acs5_api,2022,puma,external_condition_v1_agesex
26,2500,2602500,AGEP_SEX_cross,"[55.0, 65.0)__1",10548.0,B01001,all_persons,acs5_api,2022,puma,external_condition_v1_agesex
26,2500,2602500,AGEP_SEX_cross,"[55.0, 65.0)__2",10504.0,B01001,all_persons,acs5_api,2022,puma,external_condition_v1_agesex
26,2500,2602500,AGEP_SEX_cross,"[65.0, 75.0)__1",8366.0,B01001,all_persons,acs5_api,2022,puma,external_condition_v1_agesex
26,2500,2602500,AGEP_SEX_cross,"[65.0, 75.0)__2",8965.0,B01001,all_persons,acs5_api,2022,puma,external_condition_v1_agesex
26,2500,2602500,AGEP_SEX_cross,"[75.0, 85.0)__1",3887.0,B01001,all_persons,acs5_api,2022,puma,external_condition_v1_agesex
26,2500,2602500,AGEP_SEX_cross,"[75.0, 85.0)__2",4298.0,B01001,all_persons,acs5_api,2022,puma,external_condition_v1_agesex
26,2500,2602500,AGEP_SEX_cross,"[85.0, 1000.0)__1",850.0,B01001,all_persons,acs5_api,2022,puma,external_condition_v1_agesex
26,2500,2602500,AGEP_SEX_cross,"[85.0, 1000.0)__2",2269.0,B01001,all_persons,acs5_api,2022,puma,external_condition_v1_agesex
26,2500,2602500,SCHL_allpop,not_25p,43969.0,B15003,all_persons,acs5_api,2022,puma,external_condition_v1_agesex
26,2500,2602500,SCHL_allpop,less_than_high_school,9222.0,B15003,all_persons,acs5_api,2022,puma,external_condition_v1_agesex
26,2500,2602500,SCHL_allpop,high_school_or_ged,37716.0,B15003,all_persons,acs5_api,2022,puma,external_condition_v1_agesex
26,2500,2602500,SCHL_allpop,some_college_or_assoc,32270.0,B15003,all_persons,acs5_api,2022,puma,external_condition_v1_agesex
26,2500,2602500,SCHL_allpop,bachelor_plus,21784.0,B15003,all_persons,acs5_api,2022,puma,external_condition_v1_agesex
26,2500,2602500,ESR_allpop,not_16p,26628.0,B23025,all_persons,acs5_api,2022,puma,external_condition_v1_agesex
26,2500,2602500,ESR_allpop,employed,64221.0,B23025,all_persons,acs5_api,2022,puma,external_condition_v1_agesex
26,2500,2602500,ESR_allpop,unemployed,3523.0,B23025,all_persons,acs5_api,2022,puma,external_condition_v1_agesex
26,2500,2602500,ESR_allpop,armed_forces,72.0,B23025,all_persons,acs5_api,2022,puma,external_condition_v1_agesex
26,2500,2602500,ESR_allpop,not_in_labor_force,50517.0,B23025,all_persons,acs5_api,2022,puma,external_condition_v1_agesex
26,2500,2602500,EARN_16p_bin,not_in_earnings_universe,71345.0,B20001+B01001,all_persons,acs5_api,2022,puma,external_condition_earn_v1
26,2500,2602500,EARN_16p_bin,lt_25k,27358.0,B20001,all_persons,acs5_api,2022,puma,external_condition_earn_v1
26,2500,2602500,EARN_16p_bin,25k_50k,21593.0,B20001,all_persons,acs5_api,2022,puma,external_condition_earn_v1
26,2500,2602500,EARN_16p_bin,50k_75k,12739.0,B20001,all_persons,acs5_api,2022,puma,external_condition_earn_v1
26,2500,2602500,EARN_16p_bin,75k_100k,6232.0,B20001,all_persons,acs5_api,2022,puma,external_condition_earn_v1
26,2500,2602500,EARN_16p_bin,ge_100k,5694.0,B20001,all_persons,acs5_api,2022,puma,external_condition_earn_v1
26,2600,2602600,AGEP_SEX_cross,"[0.0, 5.0)__1",4479.0,B01001,all_persons,acs5_api,2022,puma,external_condition_v1_agesex
26,2600,2602600,AGEP_SEX_cross,"[0.0, 5.0)__2",4266.0,B01001,all_persons,acs5_api,2022,puma,external_condition_v1_agesex
26,2600,2602600,AGEP_SEX_cross,"[5.0, 18.0)__1",12996.0,B01001,all_persons,acs5_api,2022,puma,external_condition_v1_agesex
26,2600,2602600,AGEP_SEX_cross,"[5.0, 18.0)__2",12098.0,B01001,all_persons,acs5_api,2022,puma,external_condition_v1_agesex
26,2600,2602600,AGEP_SEX_cross,"[18.0, 25.0)__1",7767.0,B01001,all_persons,acs5_api,2022,puma,external_condition_v1_agesex
26,2600,2602600,AGEP_SEX_cross,"[18.0, 25.0)__2",6899.0,B01001,all_persons,acs5_api,2022,puma,external_condition_v1_agesex
26,2600,2602600,AGEP_SEX_cross,"[25.0, 35.0)__1",11206.0,B01001,all_persons,acs5_api,2022,puma,external_condition_v1_agesex
26,2600,2602600,AGEP_SEX_cross,"[25.0, 35.0)__2",9358.0,B01001,all_persons,acs5_api,2022,puma,external_condition_v1_agesex
26,2600,2602600,AGEP_SEX_cross,"[35.0, 45.0)__1",10395.0,B01001,all_persons,acs5_api,2022,puma,external_condition_v1_agesex
26,2600,2602600,AGEP_SEX_cross,"[35.0, 45.0)__2",8650.0,B01001,all_persons,acs5_api,2022,puma,external_condition_v1_agesex
26,2600,2602600,AGEP_SEX_cross,"[45.0, 55.0)__1",10906.0,B01001,all_persons,acs5_api,2022,puma,external_condition_v1_agesex
26,2600,2602600,AGEP_SEX_cross,"[45.0, 55.0)__2",9441.0,B01001,all_persons,acs5_api,2022,puma,external_condition_v1_agesex
26,2600,2602600,AGEP_SEX_cross,"[55.0, 65.0)__1",11600.0,B01001,all_persons,acs5_api,2022,puma,external_condition_v1_agesex
26,2600,2602600,AGEP_SEX_cross,"[55.0, 65.0)__2",11335.0,B01001,all_persons,acs5_api,2022,puma,external_condition_v1_agesex
26,2600,2602600,AGEP_SEX_cross,"[65.0, 75.0)__1",8457.0,B01001,all_persons,acs5_api,2022,puma,external_condition_v1_agesex
26,2600,2602600,AGEP_SEX_cross,"[65.0, 75.0)__2",8965.0,B01001,all_persons,acs5_api,2022,puma,external_condition_v1_agesex
26,2600,2602600,AGEP_SEX_cross,"[75.0, 85.0)__1",3696.0,B01001,all_persons,acs5_api,2022,puma,external_condition_v1_agesex
26,2600,2602600,AGEP_SEX_cross,"[75.0, 85.0)__2",4674.0,B01001,all_persons,acs5_api,2022,puma,external_condition_v1_agesex
26,2600,2602600,AGEP_SEX_cross,"[85.0, 1000.0)__1",1274.0,B01001,all_persons,acs5_api,2022,puma,external_condition_v1_agesex
26,2600,2602600,AGEP_SEX_cross,"[85.0, 1000.0)__2",2175.0,B01001,all_persons,acs5_api,2022,puma,external_condition_v1_agesex
26,2600,2602600,SCHL_allpop,not_25p,48505.0,B15003,all_persons,acs5_api,2022,puma,external_condition_v1_agesex
26,2600,2602600,SCHL_allpop,less_than_high_school,8960.0,B15003,all_persons,acs5_api,2022,puma,external_condition_v1_agesex
26,2600,2602600,SCHL_allpop,high_school_or_ged,39774.0,B15003,all_persons,acs5_api,2022,puma,external_condition_v1_agesex
26,2600,2602600,SCHL_allpop,some_college_or_assoc,38189.0,B15003,all_persons,acs5_api,2022,puma,external_condition_v1_agesex
26,2600,2602600,SCHL_allpop,bachelor_plus,25209.0,B15003,all_persons,acs5_api,2022,puma,external_condition_v1_agesex
26,2600,2602600,ESR_allpop,not_16p,29921.0,B23025,all_persons,acs5_api,2022,puma,external_condition_v1_agesex
26,2600,2602600,ESR_allpop,employed,69264.0,B23025,all_persons,acs5_api,2022,puma,external_condition_v1_agesex
26,2600,2602600,ESR_allpop,unemployed,4673.0,B23025,all_persons,acs5_api,2022,puma,external_condition_v1_agesex
26,2600,2602600,ESR_allpop,armed_forces,191.0,B23025,all_persons,acs5_api,2022,puma,external_condition_v1_agesex
26,2600,2602600,ESR_allpop,not_in_labor_force,56588.0,B23025,all_persons,acs5_api,2022,puma,external_condition_v1_agesex
26,2600,2602600,EARN_16p_bin,not_in_earnings_universe,79982.0,B20001+B01001,all_persons,acs5_api,2022,puma,external_condition_earn_v1
26,2600,2602600,EARN_16p_bin,lt_25k,29111.0,B20001,all_persons,acs5_api,2022,puma,external_condition_earn_v1
26,2600,2602600,EARN_16p_bin,25k_50k,22549.0,B20001,all_persons,acs5_api,2022,puma,external_condition_earn_v1
26,2600,2602600,EARN_16p_bin,50k_75k,14401.0,B20001,all_persons,acs5_api,2022,puma,external_condition_earn_v1
26,2600,2602600,EARN_16p_bin,75k_100k,7832.0,B20001,all_persons,acs5_api,2022,puma,external_condition_earn_v1
26,2600,2602600,EARN_16p_bin,ge_100k,6762.0,B20001,all_persons,acs5_api,2022,puma,external_condition_earn_v1
26,2701,2602701,AGEP_SEX_cross,"[0.0, 5.0)__1",2587.0,B01001,all_persons,acs5_api,2022,puma,external_condition_v1_agesex
26,2701,2602701,AGEP_SEX_cross,"[0.0, 5.0)__2",2629.0,B01001,all_persons,acs5_api,2022,puma,external_condition_v1_agesex
26,2701,2602701,AGEP_SEX_cross,"[5.0, 18.0)__1",9984.0,B01001,all_persons,acs5_api,2022,puma,external_condition_v1_agesex
26,2701,2602701,AGEP_SEX_cross,"[5.0, 18.0)__2",9339.0,B01001,all_persons,acs5_api,2022,puma,external_condition_v1_agesex
26,2701,2602701,AGEP_SEX_cross,"[18.0, 25.0)__1",5036.0,B01001,all_persons,acs5_api,2022,puma,external_condition_v1_agesex
26,2701,2602701,AGEP_SEX_cross,"[18.0, 25.0)__2",4105.0,B01001,all_persons,acs5_api,2022,puma,external_condition_v1_agesex
26,2701,2602701,AGEP_SEX_cross,"[25.0, 35.0)__1",5227.0,B01001,all_persons,acs5_api,2022,puma,external_condition_v1_agesex
26,2701,2602701,AGEP_SEX_cross,"[25.0, 35.0)__2",5171.0,B01001,all_persons,acs5_api,2022,puma,external_condition_v1_agesex
26,2701,2602701,AGEP_SEX_cross,"[35.0, 45.0)__1",7230.0,B01001,all_persons,acs5_api,2022,puma,external_condition_v1_agesex
26,2701,2602701,AGEP_SEX_cross,"[35.0, 45.0)__2",7034.0,B01001,all_persons,acs5_api,2022,puma,external_condition_v1_agesex
26,2701,2602701,AGEP_SEX_cross,"[45.0, 55.0)__1",8607.0,B01001,all_persons,acs5_api,2022,puma,external_condition_v1_agesex
26,2701,2602701,AGEP_SEX_cross,"[45.0, 55.0)__2",8494.0,B01001,all_persons,acs5_api,2022,puma,external_condition_v1_agesex
26,2701,2602701,AGEP_SEX_cross,"[55.0, 65.0)__1",8635.0,B01001,all_persons,acs5_api,2022,puma,external_condition_v1_agesex
26,2701,2602701,AGEP_SEX_cross,"[55.0, 65.0)__2",8573.0,B01001,all_persons,acs5_api,2022,puma,external_condition_v1_agesex
26,2701,2602701,AGEP_SEX_cross,"[65.0, 75.0)__1",6759.0,B01001,all_persons,acs5_api,2022,puma,external_condition_v1_agesex
26,2701,2602701,AGEP_SEX_cross,"[65.0, 75.0)__2",7061.0,B01001,all_persons,acs5_api,2022,puma,external_condition_v1_agesex
26,2701,2602701,AGEP_SEX_cross,"[75.0, 85.0)__1",2912.0,B01001,all_persons,acs5_api,2022,puma,external_condition_v1_agesex
26,2701,2602701,AGEP_SEX_cross,"[75.0, 85.0)__2",3241.0,B01001,all_persons,acs5_api,2022,puma,external_condition_v1_agesex
26,2701,2602701,AGEP_SEX_cross,"[85.0, 1000.0)__1",746.0,B01001,all_persons,acs5_api,2022,puma,external_condition_v1_agesex
26,2701,2602701,AGEP_SEX_cross,"[85.0, 1000.0)__2",1575.0,B01001,all_persons,acs5_api,2022,puma,external_condition_v1_agesex
26,2701,2602701,SCHL_allpop,not_25p,33680.0,B15003,all_persons,acs5_api,2022,puma,external_condition_v1_agesex
26,2701,2602701,SCHL_allpop,less_than_high_school,3301.0,B15003,all_persons,acs5_api,2022,puma,external_condition_v1_agesex
26,2701,2602701,SCHL_allpop,high_school_or_ged,14242.0,B15003,all_persons,acs5_api,2022,puma,external_condition_v1_agesex
26,2701,2602701,SCHL_allpop,some_college_or_assoc,22952.0,B15003,all_persons,acs5_api,2022,puma,external_condition_v1_agesex
26,2701,2602701,SCHL_allpop,bachelor_plus,40770.0,B15003,all_persons,acs5_api,2022,puma,external_condition_v1_agesex
26,2701,2602701,ESR_allpop,not_16p,20915.0,B23025,all_persons,acs5_api,2022,puma,external_condition_v1_agesex
26,2701,2602701,ESR_allpop,employed,56940.0,B23025,all_persons,acs5_api,2022,puma,external_condition_v1_agesex
26,2701,2602701,ESR_allpop,unemployed,1783.0,B23025,all_persons,acs5_api,2022,puma,external_condition_v1_agesex
26,2701,2602701,ESR_allpop,armed_forces,0.0,B23025,all_persons,acs5_api,2022,puma,external_condition_v1_agesex
26,2701,2602701,ESR_allpop,not_in_labor_force,35307.0,B23025,all_persons,acs5_api,2022,puma,external_condition_v1_agesex
26,2701,2602701,EARN_16p_bin,not_in_earnings_universe,50340.0,B20001+B01001,all_persons,acs5_api,2022,puma,external_condition_earn_v1
26,2701,2602701,EARN_16p_bin,lt_25k,19863.0,B20001,all_persons,acs5_api,2022,puma,external_condition_earn_v1
26,2701,2602701,EARN_16p_bin,25k_50k,12721.0,B20001,all_persons,acs5_api,2022,puma,external_condition_earn_v1
26,2701,2602701,EARN_16p_bin,50k_75k,9948.0,B20001,all_persons,acs5_api,2022,puma,external_condition_earn_v1
26,2701,2602701,EARN_16p_bin,75k_100k,6629.0,B20001,all_persons,acs5_api,2022,puma,external_condition_earn_v1
26,2701,2602701,EARN_16p_bin,ge_100k,15444.0,B20001,all_persons,acs5_api,2022,puma,external_condition_earn_v1
26,2702,2602702,AGEP_SEX_cross,"[0.0, 5.0)__1",2517.0,B01001,all_persons,acs5_api,2022,puma,external_condition_v1_agesex
26,2702,2602702,AGEP_SEX_cross,"[0.0, 5.0)__2",2281.0,B01001,all_persons,acs5_api,2022,puma,external_condition_v1_agesex
26,2702,2602702,AGEP_SEX_cross,"[5.0, 18.0)__1",5159.0,B01001,all_persons,acs5_api,2022,puma,external_condition_v1_agesex
26,2702,2602702,AGEP_SEX_cross,"[5.0, 18.0)__2",5061.0,B01001,all_persons,acs5_api,2022,puma,external_condition_v1_agesex
26,2702,2602702,AGEP_SEX_cross,"[18.0, 25.0)__1",19759.0,B01001,all_persons,acs5_api,2022,puma,external_condition_v1_agesex
26,2702,2602702,AGEP_SEX_cross,"[18.0, 25.0)__2",20380.0,B01001,all_persons,acs5_api,2022,puma,external_condition_v1_agesex
26,2702,2602702,AGEP_SEX_cross,"[25.0, 35.0)__1",11024.0,B01001,all_persons,acs5_api,2022,puma,external_condition_v1_agesex
26,2702,2602702,AGEP_SEX_cross,"[25.0, 35.0)__2",9680.0,B01001,all_persons,acs5_api,2022,puma,external_condition_v1_agesex
26,2702,2602702,AGEP_SEX_cross,"[35.0, 45.0)__1",6352.0,B01001,all_persons,acs5_api,2022,puma,external_condition_v1_agesex
26,2702,2602702,AGEP_SEX_cross,"[35.0, 45.0)__2",5923.0,B01001,all_persons,acs5_api,2022,puma,external_condition_v1_agesex
26,2702,2602702,AGEP_SEX_cross,"[45.0, 55.0)__1",5118.0,B01001,all_persons,acs5_api,2022,puma,external_condition_v1_agesex
26,2702,2602702,AGEP_SEX_cross,"[45.0, 55.0)__2",4734.0,B01001,all_persons,acs5_api,2022,puma,external_condition_v1_agesex
26,2702,2602702,AGEP_SEX_cross,"[55.0, 65.0)__1",4443.0,B01001,all_persons,acs5_api,2022,puma,external_condition_v1_agesex
26,2702,2602702,AGEP_SEX_cross,"[55.0, 65.0)__2",5192.0,B01001,all_persons,acs5_api,2022,puma,external_condition_v1_agesex
26,2702,2602702,AGEP_SEX_cross,"[65.0, 75.0)__1",4059.0,B01001,all_persons,acs5_api,2022,puma,external_condition_v1_agesex
26,2702,2602702,AGEP_SEX_cross,"[65.0, 75.0)__2",4648.0,B01001,all_persons,acs5_api,2022,puma,external_condition_v1_agesex
26,2702,2602702,AGEP_SEX_cross,"[75.0, 85.0)__1",2093.0,B01001,all_persons,acs5_api,2022,puma,external_condition_v1_agesex
26,2702,2602702,AGEP_SEX_cross,"[75.0, 85.0)__2",2844.0,B01001,all_persons,acs5_api,2022,puma,external_condition_v1_agesex
26,2702,2602702,AGEP_SEX_cross,"[85.0, 1000.0)__1",680.0,B01001,all_persons,acs5_api,2022,puma,external_condition_v1_agesex
26,2702,2602702,AGEP_SEX_cross,"[85.0, 1000.0)__2",1247.0,B01001,all_persons,acs5_api,2022,puma,external_condition_v1_agesex
26,2702,2602702,SCHL_allpop,not_25p,55157.0,B15003,all_persons,acs5_api,2022,puma,external_condition_v1_agesex
26,2702,2602702,SCHL_allpop,less_than_high_school,1475.0,B15003,all_persons,acs5_api,2022,puma,external_condition_v1_agesex
26,2702,2602702,SCHL_allpop,high_school_or_ged,4909.0,B15003,all_persons,acs5_api,2022,puma,external_condition_v1_agesex
26,2702,2602702,SCHL_allpop,some_college_or_assoc,8856.0,B15003,all_persons,acs5_api,2022,puma,external_condition_v1_agesex
26,2702,2602702,SCHL_allpop,bachelor_plus,52797.0,B15003,all_persons,acs5_api,2022,puma,external_condition_v1_agesex
26,2702,2602702,ESR_allpop,not_16p,13425.0,B23025,all_persons,acs5_api,2022,puma,external_condition_v1_agesex
26,2702,2602702,ESR_allpop,employed,64045.0,B23025,all_persons,acs5_api,2022,puma,external_condition_v1_agesex
26,2702,2602702,ESR_allpop,unemployed,2431.0,B23025,all_persons,acs5_api,2022,puma,external_condition_v1_agesex
26,2702,2602702,ESR_allpop,armed_forces,156.0,B23025,all_persons,acs5_api,2022,puma,external_condition_v1_agesex
26,2702,2602702,ESR_allpop,not_in_labor_force,43137.0,B23025,all_persons,acs5_api,2022,puma,external_condition_v1_agesex
26,2702,2602702,EARN_16p_bin,not_in_earnings_universe,41877.0,B20001+B01001,all_persons,acs5_api,2022,puma,external_condition_earn_v1
26,2702,2602702,EARN_16p_bin,lt_25k,37160.0,B20001,all_persons,acs5_api,2022,puma,external_condition_earn_v1
26,2702,2602702,EARN_16p_bin,25k_50k,14342.0,B20001,all_persons,acs5_api,2022,puma,external_condition_earn_v1
26,2702,2602702,EARN_16p_bin,50k_75k,9022.0,B20001,all_persons,acs5_api,2022,puma,external_condition_earn_v1
26,2702,2602702,EARN_16p_bin,75k_100k,6236.0,B20001,all_persons,acs5_api,2022,puma,external_condition_earn_v1
26,2702,2602702,EARN_16p_bin,ge_100k,14557.0,B20001,all_persons,acs5_api,2022,puma,external_condition_earn_v1
26,2703,2602703,AGEP_SEX_cross,"[0.0, 5.0)__1",3636.0,B01001,all_persons,acs5_api,2022,puma,external_condition_v1_agesex
26,2703,2602703,AGEP_SEX_cross,"[0.0, 5.0)__2",3617.0,B01001,all_persons,acs5_api,2022,puma,external_condition_v1_agesex
26,2703,2602703,AGEP_SEX_cross,"[5.0, 18.0)__1",10665.0,B01001,all_persons,acs5_api,2022,puma,external_condition_v1_agesex
26,2703,2602703,AGEP_SEX_cross,"[5.0, 18.0)__2",10121.0,B01001,all_persons,acs5_api,2022,puma,external_condition_v1_agesex
26,2703,2602703,AGEP_SEX_cross,"[18.0, 25.0)__1",9723.0,B01001,all_persons,acs5_api,2022,puma,external_condition_v1_agesex
26,2703,2602703,AGEP_SEX_cross,"[18.0, 25.0)__2",9224.0,B01001,all_persons,acs5_api,2022,puma,external_condition_v1_agesex
26,2703,2602703,AGEP_SEX_cross,"[25.0, 35.0)__1",11316.0,B01001,all_persons,acs5_api,2022,puma,external_condition_v1_agesex
26,2703,2602703,AGEP_SEX_cross,"[25.0, 35.0)__2",10004.0,B01001,all_persons,acs5_api,2022,puma,external_condition_v1_agesex
26,2703,2602703,AGEP_SEX_cross,"[35.0, 45.0)__1",8756.0,B01001,all_persons,acs5_api,2022,puma,external_condition_v1_agesex
26,2703,2602703,AGEP_SEX_cross,"[35.0, 45.0)__2",8113.0,B01001,all_persons,acs5_api,2022,puma,external_condition_v1_agesex
26,2703,2602703,AGEP_SEX_cross,"[45.0, 55.0)__1",7341.0,B01001,all_persons,acs5_api,2022,puma,external_condition_v1_agesex
26,2703,2602703,AGEP_SEX_cross,"[45.0, 55.0)__2",7725.0,B01001,all_persons,acs5_api,2022,puma,external_condition_v1_agesex
26,2703,2602703,AGEP_SEX_cross,"[55.0, 65.0)__1",7451.0,B01001,all_persons,acs5_api,2022,puma,external_condition_v1_agesex
26,2703,2602703,AGEP_SEX_cross,"[55.0, 65.0)__2",7588.0,B01001,all_persons,acs5_api,2022,puma,external_condition_v1_agesex
26,2703,2602703,AGEP_SEX_cross,"[65.0, 75.0)__1",4686.0,B01001,all_persons,acs5_api,2022,puma,external_condition_v1_agesex
26,2703,2602703,AGEP_SEX_cross,"[65.0, 75.0)__2",5724.0,B01001,all_persons,acs5_api,2022,puma,external_condition_v1_agesex
26,2703,2602703,AGEP_SEX_cross,"[75.0, 85.0)__1",1902.0,B01001,all_persons,acs5_api,2022,puma,external_condition_v1_agesex
26,2703,2602703,AGEP_SEX_cross,"[75.0, 85.0)__2",2839.0,B01001,all_persons,acs5_api,2022,puma,external_condition_v1_agesex
26,2703,2602703,AGEP_SEX_cross,"[85.0, 1000.0)__1",694.0,B01001,all_persons,acs5_api,2022,puma,external_condition_v1_agesex
26,2703,2602703,AGEP_SEX_cross,"[85.0, 1000.0)__2",967.0,B01001,all_persons,acs5_api,2022,puma,external_condition_v1_agesex
26,2703,2602703,SCHL_allpop,not_25p,46986.0,B15003,all_persons,acs5_api,2022,puma,external_condition_v1_agesex
26,2703,2602703,SCHL_allpop,less_than_high_school,5158.0,B15003,all_persons,acs5_api,2022,puma,external_condition_v1_agesex
26,2703,2602703,SCHL_allpop,high_school_or_ged,14636.0,B15003,all_persons,acs5_api,2022,puma,external_condition_v1_agesex
26,2703,2602703,SCHL_allpop,some_college_or_assoc,24293.0,B15003,all_persons,acs5_api,2022,puma,external_condition_v1_agesex
26,2703,2602703,SCHL_allpop,bachelor_plus,41019.0,B15003,all_persons,acs5_api,2022,puma,external_condition_v1_agesex
26,2703,2602703,ESR_allpop,not_16p,24810.0,B23025,all_persons,acs5_api,2022,puma,external_condition_v1_agesex
26,2703,2602703,ESR_allpop,employed,67690.0,B23025,all_persons,acs5_api,2022,puma,external_condition_v1_agesex
26,2703,2602703,ESR_allpop,unemployed,5064.0,B23025,all_persons,acs5_api,2022,puma,external_condition_v1_agesex
26,2703,2602703,ESR_allpop,armed_forces,52.0,B23025,all_persons,acs5_api,2022,puma,external_condition_v1_agesex
26,2703,2602703,ESR_allpop,not_in_labor_force,34476.0,B23025,all_persons,acs5_api,2022,puma,external_condition_v1_agesex
26,2703,2602703,EARN_16p_bin,not_in_earnings_universe,55146.0,B20001+B01001,all_persons,acs5_api,2022,puma,external_condition_earn_v1
26,2703,2602703,EARN_16p_bin,lt_25k,26107.0,B20001,all_persons,acs5_api,2022,puma,external_condition_earn_v1
26,2703,2602703,EARN_16p_bin,25k_50k,19186.0,B20001,all_persons,acs5_api,2022,puma,external_condition_earn_v1
26,2703,2602703,EARN_16p_bin,50k_75k,12010.0,B20001,all_persons,acs5_api,2022,puma,external_condition_earn_v1
26,2703,2602703,EARN_16p_bin,75k_100k,8053.0,B20001,all_persons,acs5_api,2022,puma,external_condition_earn_v1
26,2703,2602703,EARN_16p_bin,ge_100k,11590.0,B20001,all_persons,acs5_api,2022,puma,external_condition_earn_v1
26,2800,2602800,AGEP_SEX_cross,"[0.0, 5.0)__1",4798.0,B01001,all_persons,acs5_api,2022,puma,external_condition_v1_agesex
26,2800,2602800,AGEP_SEX_cross,"[0.0, 5.0)__2",4657.0,B01001,all_persons,acs5_api,2022,puma,external_condition_v1_agesex
26,2800,2602800,AGEP_SEX_cross,"[5.0, 18.0)__1",15839.0,B01001,all_persons,acs5_api,2022,puma,external_condition_v1_agesex
26,2800,2602800,AGEP_SEX_cross,"[5.0, 18.0)__2",14810.0,B01001,all_persons,acs5_api,2022,puma,external_condition_v1_agesex
26,2800,2602800,AGEP_SEX_cross,"[18.0, 25.0)__1",8380.0,B01001,all_persons,acs5_api,2022,puma,external_condition_v1_agesex
26,2800,2602800,AGEP_SEX_cross,"[18.0, 25.0)__2",7499.0,B01001,all_persons,acs5_api,2022,puma,external_condition_v1_agesex
26,2800,2602800,AGEP_SEX_cross,"[25.0, 35.0)__1",11146.0,B01001,all_persons,acs5_api,2022,puma,external_condition_v1_agesex
26,2800,2602800,AGEP_SEX_cross,"[25.0, 35.0)__2",10134.0,B01001,all_persons,acs5_api,2022,puma,external_condition_v1_agesex
26,2800,2602800,AGEP_SEX_cross,"[35.0, 45.0)__1",11775.0,B01001,all_persons,acs5_api,2022,puma,external_condition_v1_agesex
26,2800,2602800,AGEP_SEX_cross,"[35.0, 45.0)__2",11187.0,B01001,all_persons,acs5_api,2022,puma,external_condition_v1_agesex
26,2800,2602800,AGEP_SEX_cross,"[45.0, 55.0)__1",13653.0,B01001,all_persons,acs5_api,2022,puma,external_condition_v1_agesex
26,2800,2602800,AGEP_SEX_cross,"[45.0, 55.0)__2",13666.0,B01001,all_persons,acs5_api,2022,puma,external_condition_v1_agesex
26,2800,2602800,AGEP_SEX_cross,"[55.0, 65.0)__1",15779.0,B01001,all_persons,acs5_api,2022,puma,external_condition_v1_agesex
26,2800,2602800,AGEP_SEX_cross,"[55.0, 65.0)__2",15379.0,B01001,all_persons,acs5_api,2022,puma,external_condition_v1_agesex
26,2800,2602800,AGEP_SEX_cross,"[65.0, 75.0)__1",10893.0,B01001,all_persons,acs5_api,2022,puma,external_condition_v1_agesex
26,2800,2602800,AGEP_SEX_cross,"[65.0, 75.0)__2",11210.0,B01001,all_persons,acs5_api,2022,puma,external_condition_v1_agesex
26,2800,2602800,AGEP_SEX_cross,"[75.0, 85.0)__1",4684.0,B01001,all_persons,acs5_api,2022,puma,external_condition_v1_agesex
26,2800,2602800,AGEP_SEX_cross,"[75.0, 85.0)__2",5176.0,B01001,all_persons,acs5_api,2022,puma,external_condition_v1_agesex
26,2800,2602800,AGEP_SEX_cross,"[85.0, 1000.0)__1",1319.0,B01001,all_persons,acs5_api,2022,puma,external_condition_v1_agesex
26,2800,2602800,AGEP_SEX_cross,"[85.0, 1000.0)__2",2318.0,B01001,all_persons,acs5_api,2022,puma,external_condition_v1_agesex
26,2800,2602800,SCHL_allpop,not_25p,55983.0,B15003,all_persons,acs5_api,2022,puma,external_condition_v1_agesex
26,2800,2602800,SCHL_allpop,less_than_high_school,5416.0,B15003,all_persons,acs5_api,2022,puma,external_condition_v1_agesex
26,2800,2602800,SCHL_allpop,high_school_or_ged,34417.0,B15003,all_persons,acs5_api,2022,puma,external_condition_v1_agesex
26,2800,2602800,SCHL_allpop,some_college_or_assoc,45732.0,B15003,all_persons,acs5_api,2022,puma,external_condition_v1_agesex
26,2800,2602800,SCHL_allpop,bachelor_plus,52754.0,B15003,all_persons,acs5_api,2022,puma,external_condition_v1_agesex
26,2800,2602800,ESR_allpop,not_16p,34819.0,B23025,all_persons,acs5_api,2022,puma,external_condition_v1_agesex
26,2800,2602800,ESR_allpop,employed,98534.0,B23025,all_persons,acs5_api,2022,puma,external_condition_v1_agesex
26,2800,2602800,ESR_allpop,unemployed,4059.0,B23025,all_persons,acs5_api,2022,puma,external_condition_v1_agesex
26,2800,2602800,ESR_allpop,armed_forces,110.0,B23025,all_persons,acs5_api,2022,puma,external_condition_v1_agesex
26,2800,2602800,ESR_allpop,not_in_labor_force,56780.0,B23025,all_persons,acs5_api,2022,puma,external_condition_v1_agesex
26,2800,2602800,EARN_16p_bin,not_in_earnings_universe,85926.0,B20001+B01001,all_persons,acs5_api,2022,puma,external_condition_earn_v1
26,2800,2602800,EARN_16p_bin,lt_25k,30652.0,B20001,all_persons,acs5_api,2022,puma,external_condition_earn_v1
26,2800,2602800,EARN_16p_bin,25k_50k,24052.0,B20001,all_persons,acs5_api,2022,puma,external_condition_earn_v1
26,2800,2602800,EARN_16p_bin,50k_75k,19079.0,B20001,all_persons,acs5_api,2022,puma,external_condition_earn_v1
26,2800,2602800,EARN_16p_bin,75k_100k,13369.0,B20001,all_persons,acs5_api,2022,puma,external_condition_earn_v1
26,2800,2602800,EARN_16p_bin,ge_100k,21224.0,B20001,all_persons,acs5_api,2022,puma,external_condition_earn_v1
26,2901,2602901,AGEP_SEX_cross,"[0.0, 5.0)__1",3693.0,B01001,all_persons,acs5_api,2022,puma,external_condition_v1_agesex
26,2901,2602901,AGEP_SEX_cross,"[0.0, 5.0)__2",3551.0,B01001,all_persons,acs5_api,2022,puma,external_condition_v1_agesex
26,2901,2602901,AGEP_SEX_cross,"[5.0, 18.0)__1",11961.0,B01001,all_persons,acs5_api,2022,puma,external_condition_v1_agesex
26,2901,2602901,AGEP_SEX_cross,"[5.0, 18.0)__2",11710.0,B01001,all_persons,acs5_api,2022,puma,external_condition_v1_agesex
26,2901,2602901,AGEP_SEX_cross,"[18.0, 25.0)__1",5391.0,B01001,all_persons,acs5_api,2022,puma,external_condition_v1_agesex
26,2901,2602901,AGEP_SEX_cross,"[18.0, 25.0)__2",4649.0,B01001,all_persons,acs5_api,2022,puma,external_condition_v1_agesex
26,2901,2602901,AGEP_SEX_cross,"[25.0, 35.0)__1",7609.0,B01001,all_persons,acs5_api,2022,puma,external_condition_v1_agesex
26,2901,2602901,AGEP_SEX_cross,"[25.0, 35.0)__2",7046.0,B01001,all_persons,acs5_api,2022,puma,external_condition_v1_agesex
26,2901,2602901,AGEP_SEX_cross,"[35.0, 45.0)__1",9215.0,B01001,all_persons,acs5_api,2022,puma,external_condition_v1_agesex
26,2901,2602901,AGEP_SEX_cross,"[35.0, 45.0)__2",8687.0,B01001,all_persons,acs5_api,2022,puma,external_condition_v1_agesex
26,2901,2602901,AGEP_SEX_cross,"[45.0, 55.0)__1",10280.0,B01001,all_persons,acs5_api,2022,puma,external_condition_v1_agesex
26,2901,2602901,AGEP_SEX_cross,"[45.0, 55.0)__2",9918.0,B01001,all_persons,acs5_api,2022,puma,external_condition_v1_agesex
26,2901,2602901,AGEP_SEX_cross,"[55.0, 65.0)__1",11147.0,B01001,all_persons,acs5_api,2022,puma,external_condition_v1_agesex
26,2901,2602901,AGEP_SEX_cross,"[55.0, 65.0)__2",11726.0,B01001,all_persons,acs5_api,2022,puma,external_condition_v1_agesex
26,2901,2602901,AGEP_SEX_cross,"[65.0, 75.0)__1",7756.0,B01001,all_persons,acs5_api,2022,puma,external_condition_v1_agesex
26,2901,2602901,AGEP_SEX_cross,"[65.0, 75.0)__2",7416.0,B01001,all_persons,acs5_api,2022,puma,external_condition_v1_agesex
26,2901,2602901,AGEP_SEX_cross,"[75.0, 85.0)__1",2804.0,B01001,all_persons,acs5_api,2022,puma,external_condition_v1_agesex
26,2901,2602901,AGEP_SEX_cross,"[75.0, 85.0)__2",3852.0,B01001,all_persons,acs5_api,2022,puma,external_condition_v1_agesex
26,2901,2602901,AGEP_SEX_cross,"[85.0, 1000.0)__1",944.0,B01001,all_persons,acs5_api,2022,puma,external_condition_v1_agesex
26,2901,2602901,AGEP_SEX_cross,"[85.0, 1000.0)__2",1819.0,B01001,all_persons,acs5_api,2022,puma,external_condition_v1_agesex
26,2901,2602901,SCHL_allpop,not_25p,40955.0,B15003,all_persons,acs5_api,2022,puma,external_condition_v1_agesex
26,2901,2602901,SCHL_allpop,less_than_high_school,4832.0,B15003,all_persons,acs5_api,2022,puma,external_condition_v1_agesex
26,2901,2602901,SCHL_allpop,high_school_or_ged,24551.0,B15003,all_persons,acs5_api,2022,puma,external_condition_v1_agesex
26,2901,2602901,SCHL_allpop,some_college_or_assoc,31944.0,B15003,all_persons,acs5_api,2022,puma,external_condition_v1_agesex
26,2901,2602901,SCHL_allpop,bachelor_plus,38892.0,B15003,all_persons,acs5_api,2022,puma,external_condition_v1_agesex
26,2901,2602901,ESR_allpop,not_16p,27377.0,B23025,all_persons,acs5_api,2022,puma,external_condition_v1_agesex
26,2901,2602901,ESR_allpop,employed,70377.0,B23025,all_persons,acs5_api,2022,puma,external_condition_v1_agesex
26,2901,2602901,ESR_allpop,unemployed,3168.0,B23025,all_persons,acs5_api,2022,puma,external_condition_v1_agesex
26,2901,2602901,ESR_allpop,armed_forces,51.0,B23025,all_persons,acs5_api,2022,puma,external_condition_v1_agesex
26,2901,2602901,ESR_allpop,not_in_labor_force,40201.0,B23025,all_persons,acs5_api,2022,puma,external_condition_v1_agesex
26,2901,2602901,EARN_16p_bin,not_in_earnings_universe,63979.0,B20001+B01001,all_persons,acs5_api,2022,puma,external_condition_earn_v1
26,2901,2602901,EARN_16p_bin,lt_25k,21151.0,B20001,all_persons,acs5_api,2022,puma,external_condition_earn_v1
26,2901,2602901,EARN_16p_bin,25k_50k,16057.0,B20001,all_persons,acs5_api,2022,puma,external_condition_earn_v1
26,2901,2602901,EARN_16p_bin,50k_75k,12247.0,B20001,all_persons,acs5_api,2022,puma,external_condition_earn_v1
26,2901,2602901,EARN_16p_bin,75k_100k,9394.0,B20001,all_persons,acs5_api,2022,puma,external_condition_earn_v1
26,2901,2602901,EARN_16p_bin,ge_100k,18346.0,B20001,all_persons,acs5_api,2022,puma,external_condition_earn_v1
26,2902,2602902,AGEP_SEX_cross,"[0.0, 5.0)__1",3389.0,B01001,all_persons,acs5_api,2022,puma,external_condition_v1_agesex
26,2902,2602902,AGEP_SEX_cross,"[0.0, 5.0)__2",3463.0,B01001,all_persons,acs5_api,2022,puma,external_condition_v1_agesex
26,2902,2602902,AGEP_SEX_cross,"[5.0, 18.0)__1",13255.0,B01001,all_persons,acs5_api,2022,puma,external_condition_v1_agesex
26,2902,2602902,AGEP_SEX_cross,"[5.0, 18.0)__2",12012.0,B01001,all_persons,acs5_api,2022,puma,external_condition_v1_agesex
26,2902,2602902,AGEP_SEX_cross,"[18.0, 25.0)__1",6394.0,B01001,all_persons,acs5_api,2022,puma,external_condition_v1_agesex
26,2902,2602902,AGEP_SEX_cross,"[18.0, 25.0)__2",5386.0,B01001,all_persons,acs5_api,2022,puma,external_condition_v1_agesex
26,2902,2602902,AGEP_SEX_cross,"[25.0, 35.0)__1",7251.0,B01001,all_persons,acs5_api,2022,puma,external_condition_v1_agesex
26,2902,2602902,AGEP_SEX_cross,"[25.0, 35.0)__2",6857.0,B01001,all_persons,acs5_api,2022,puma,external_condition_v1_agesex
26,2902,2602902,AGEP_SEX_cross,"[35.0, 45.0)__1",8557.0,B01001,all_persons,acs5_api,2022,puma,external_condition_v1_agesex
26,2902,2602902,AGEP_SEX_cross,"[35.0, 45.0)__2",9048.0,B01001,all_persons,acs5_api,2022,puma,external_condition_v1_agesex
26,2902,2602902,AGEP_SEX_cross,"[45.0, 55.0)__1",10955.0,B01001,all_persons,acs5_api,2022,puma,external_condition_v1_agesex
26,2902,2602902,AGEP_SEX_cross,"[45.0, 55.0)__2",9760.0,B01001,all_persons,acs5_api,2022,puma,external_condition_v1_agesex
26,2902,2602902,AGEP_SEX_cross,"[55.0, 65.0)__1",10471.0,B01001,all_persons,acs5_api,2022,puma,external_condition_v1_agesex
26,2902,2602902,AGEP_SEX_cross,"[55.0, 65.0)__2",10799.0,B01001,all_persons,acs5_api,2022,puma,external_condition_v1_agesex
26,2902,2602902,AGEP_SEX_cross,"[65.0, 75.0)__1",6583.0,B01001,all_persons,acs5_api,2022,puma,external_condition_v1_agesex
26,2902,2602902,AGEP_SEX_cross,"[65.0, 75.0)__2",7788.0,B01001,all_persons,acs5_api,2022,puma,external_condition_v1_agesex
26,2902,2602902,AGEP_SEX_cross,"[75.0, 85.0)__1",2742.0,B01001,all_persons,acs5_api,2022,puma,external_condition_v1_agesex
26,2902,2602902,AGEP_SEX_cross,"[75.0, 85.0)__2",3050.0,B01001,all_persons,acs5_api,2022,puma,external_condition_v1_agesex
26,2902,2602902,AGEP_SEX_cross,"[85.0, 1000.0)__1",592.0,B01001,all_persons,acs5_api,2022,puma,external_condition_v1_agesex
26,2902,2602902,AGEP_SEX_cross,"[85.0, 1000.0)__2",1325.0,B01001,all_persons,acs5_api,2022,puma,external_condition_v1_agesex
26,2902,2602902,SCHL_allpop,not_25p,43899.0,B15003,all_persons,acs5_api,2022,puma,external_condition_v1_agesex
26,2902,2602902,SCHL_allpop,less_than_high_school,4157.0,B15003,all_persons,acs5_api,2022,puma,external_condition_v1_agesex
26,2902,2602902,SCHL_allpop,high_school_or_ged,17058.0,B15003,all_persons,acs5_api,2022,puma,external_condition_v1_agesex
26,2902,2602902,SCHL_allpop,some_college_or_assoc,29400.0,B15003,all_persons,acs5_api,2022,puma,external_condition_v1_agesex
26,2902,2602902,SCHL_allpop,bachelor_plus,45163.0,B15003,all_persons,acs5_api,2022,puma,external_condition_v1_agesex
26,2902,2602902,ESR_allpop,not_16p,27791.0,B23025,all_persons,acs5_api,2022,puma,external_condition_v1_agesex
26,2902,2602902,ESR_allpop,employed,71883.0,B23025,all_persons,acs5_api,2022,puma,external_condition_v1_agesex
26,2902,2602902,ESR_allpop,unemployed,3458.0,B23025,all_persons,acs5_api,2022,puma,external_condition_v1_agesex
26,2902,2602902,ESR_allpop,armed_forces,0.0,B23025,all_persons,acs5_api,2022,puma,external_condition_v1_agesex
26,2902,2602902,ESR_allpop,not_in_labor_force,36545.0,B23025,all_persons,acs5_api,2022,puma,external_condition_v1_agesex
26,2902,2602902,EARN_16p_bin,not_in_earnings_universe,60679.0,B20001+B01001,all_persons,acs5_api,2022,puma,external_condition_earn_v1
26,2902,2602902,EARN_16p_bin,lt_25k,23023.0,B20001,all_persons,acs5_api,2022,puma,external_condition_earn_v1
26,2902,2602902,EARN_16p_bin,25k_50k,15409.0,B20001,all_persons,acs5_api,2022,puma,external_condition_earn_v1
26,2902,2602902,EARN_16p_bin,50k_75k,11117.0,B20001,all_persons,acs5_api,2022,puma,external_condition_earn_v1
26,2902,2602902,EARN_16p_bin,75k_100k,8601.0,B20001,all_persons,acs5_api,2022,puma,external_condition_earn_v1
26,2902,2602902,EARN_16p_bin,ge_100k,20848.0,B20001,all_persons,acs5_api,2022,puma,external_condition_earn_v1
26,2903,2602903,AGEP_SEX_cross,"[0.0, 5.0)__1",4737.0,B01001,all_persons,acs5_api,2022,puma,external_condition_v1_agesex
26,2903,2602903,AGEP_SEX_cross,"[0.0, 5.0)__2",4233.0,B01001,all_persons,acs5_api,2022,puma,external_condition_v1_agesex
26,2903,2602903,AGEP_SEX_cross,"[5.0, 18.0)__1",14729.0,B01001,all_persons,acs5_api,2022,puma,external_condition_v1_agesex
26,2903,2602903,AGEP_SEX_cross,"[5.0, 18.0)__2",14305.0,B01001,all_persons,acs5_api,2022,puma,external_condition_v1_agesex
26,2903,2602903,AGEP_SEX_cross,"[18.0, 25.0)__1",8687.0,B01001,all_persons,acs5_api,2022,puma,external_condition_v1_agesex
26,2903,2602903,AGEP_SEX_cross,"[18.0, 25.0)__2",7951.0,B01001,all_persons,acs5_api,2022,puma,external_condition_v1_agesex
26,2903,2602903,AGEP_SEX_cross,"[25.0, 35.0)__1",10240.0,B01001,all_persons,acs5_api,2022,puma,external_condition_v1_agesex
26,2903,2602903,AGEP_SEX_cross,"[25.0, 35.0)__2",8183.0,B01001,all_persons,acs5_api,2022,puma,external_condition_v1_agesex
26,2903,2602903,AGEP_SEX_cross,"[35.0, 45.0)__1",11514.0,B01001,all_persons,acs5_api,2022,puma,external_condition_v1_agesex
26,2903,2602903,AGEP_SEX_cross,"[35.0, 45.0)__2",11583.0,B01001,all_persons,acs5_api,2022,puma,external_condition_v1_agesex
26,2903,2602903,AGEP_SEX_cross,"[45.0, 55.0)__1",11998.0,B01001,all_persons,acs5_api,2022,puma,external_condition_v1_agesex
26,2903,2602903,AGEP_SEX_cross,"[45.0, 55.0)__2",12445.0,B01001,all_persons,acs5_api,2022,puma,external_condition_v1_agesex
26,2903,2602903,AGEP_SEX_cross,"[55.0, 65.0)__1",12458.0,B01001,all_persons,acs5_api,2022,puma,external_condition_v1_agesex
26,2903,2602903,AGEP_SEX_cross,"[55.0, 65.0)__2",12039.0,B01001,all_persons,acs5_api,2022,puma,external_condition_v1_agesex
26,2903,2602903,AGEP_SEX_cross,"[65.0, 75.0)__1",8441.0,B01001,all_persons,acs5_api,2022,puma,external_condition_v1_agesex
26,2903,2602903,AGEP_SEX_cross,"[65.0, 75.0)__2",9918.0,B01001,all_persons,acs5_api,2022,puma,external_condition_v1_agesex
26,2903,2602903,AGEP_SEX_cross,"[75.0, 85.0)__1",3912.0,B01001,all_persons,acs5_api,2022,puma,external_condition_v1_agesex
26,2903,2602903,AGEP_SEX_cross,"[75.0, 85.0)__2",5020.0,B01001,all_persons,acs5_api,2022,puma,external_condition_v1_agesex
26,2903,2602903,AGEP_SEX_cross,"[85.0, 1000.0)__1",1212.0,B01001,all_persons,acs5_api,2022,puma,external_condition_v1_agesex
26,2903,2602903,AGEP_SEX_cross,"[85.0, 1000.0)__2",2309.0,B01001,all_persons,acs5_api,2022,puma,external_condition_v1_agesex
26,2903,2602903,SCHL_allpop,not_25p,54642.0,B15003,all_persons,acs5_api,2022,puma,external_condition_v1_agesex
26,2903,2602903,SCHL_allpop,less_than_high_school,4393.0,B15003,all_persons,acs5_api,2022,puma,external_condition_v1_agesex
26,2903,2602903,SCHL_allpop,high_school_or_ged,16328.0,B15003,all_persons,acs5_api,2022,puma,external_condition_v1_agesex
26,2903,2602903,SCHL_allpop,some_college_or_assoc,25409.0,B15003,all_persons,acs5_api,2022,puma,external_condition_v1_agesex
26,2903,2602903,SCHL_allpop,bachelor_plus,75142.0,B15003,all_persons,acs5_api,2022,puma,external_condition_v1_agesex
26,2903,2602903,ESR_allpop,not_16p,33113.0,B23025,all_persons,acs5_api,2022,puma,external_condition_v1_agesex
26,2903,2602903,ESR_allpop,employed,88357.0,B23025,all_persons,acs5_api,2022,puma,external_condition_v1_agesex
26,2903,2602903,ESR_allpop,unemployed,3578.0,B23025,all_persons,acs5_api,2022,puma,external_condition_v1_agesex
26,2903,2602903,ESR_allpop,armed_forces,146.0,B23025,all_persons,acs5_api,2022,puma,external_condition_v1_agesex
26,2903,2602903,ESR_allpop,not_in_labor_force,50720.0,B23025,all_persons,acs5_api,2022,puma,external_condition_v1_agesex
26,2903,2602903,EARN_16p_bin,not_in_earnings_universe,78888.0,B20001+B01001,all_persons,acs5_api,2022,puma,external_condition_earn_v1
26,2903,2602903,EARN_16p_bin,lt_25k,25810.0,B20001,all_persons,acs5_api,2022,puma,external_condition_earn_v1
26,2903,2602903,EARN_16p_bin,25k_50k,14845.0,B20001,all_persons,acs5_api,2022,puma,external_condition_earn_v1
26,2903,2602903,EARN_16p_bin,50k_75k,13860.0,B20001,all_persons,acs5_api,2022,puma,external_condition_earn_v1
26,2903,2602903,EARN_16p_bin,75k_100k,11935.0,B20001,all_persons,acs5_api,2022,puma,external_condition_earn_v1
26,2903,2602903,EARN_16p_bin,ge_100k,30576.0,B20001,all_persons,acs5_api,2022,puma,external_condition_earn_v1
26,2904,2602904,AGEP_SEX_cross,"[0.0, 5.0)__1",4541.0,B01001,all_persons,acs5_api,2022,puma,external_condition_v1_agesex
26,2904,2602904,AGEP_SEX_cross,"[0.0, 5.0)__2",5003.0,B01001,all_persons,acs5_api,2022,puma,external_condition_v1_agesex
26,2904,2602904,AGEP_SEX_cross,"[5.0, 18.0)__1",11614.0,B01001,all_persons,acs5_api,2022,puma,external_condition_v1_agesex
26,2904,2602904,AGEP_SEX_cross,"[5.0, 18.0)__2",11117.0,B01001,all_persons,acs5_api,2022,puma,external_condition_v1_agesex
26,2904,2602904,AGEP_SEX_cross,"[18.0, 25.0)__1",8255.0,B01001,all_persons,acs5_api,2022,puma,external_condition_v1_agesex
26,2904,2602904,AGEP_SEX_cross,"[18.0, 25.0)__2",8103.0,B01001,all_persons,acs5_api,2022,puma,external_condition_v1_agesex
26,2904,2602904,AGEP_SEX_cross,"[25.0, 35.0)__1",12423.0,B01001,all_persons,acs5_api,2022,puma,external_condition_v1_agesex
26,2904,2602904,AGEP_SEX_cross,"[25.0, 35.0)__2",12002.0,B01001,all_persons,acs5_api,2022,puma,external_condition_v1_agesex
26,2904,2602904,AGEP_SEX_cross,"[35.0, 45.0)__1",10301.0,B01001,all_persons,acs5_api,2022,puma,external_condition_v1_agesex
26,2904,2602904,AGEP_SEX_cross,"[35.0, 45.0)__2",8768.0,B01001,all_persons,acs5_api,2022,puma,external_condition_v1_agesex
26,2904,2602904,AGEP_SEX_cross,"[45.0, 55.0)__1",10067.0,B01001,all_persons,acs5_api,2022,puma,external_condition_v1_agesex
26,2904,2602904,AGEP_SEX_cross,"[45.0, 55.0)__2",10496.0,B01001,all_persons,acs5_api,2022,puma,external_condition_v1_agesex
26,2904,2602904,AGEP_SEX_cross,"[55.0, 65.0)__1",10125.0,B01001,all_persons,acs5_api,2022,puma,external_condition_v1_agesex
26,2904,2602904,AGEP_SEX_cross,"[55.0, 65.0)__2",10704.0,B01001,all_persons,acs5_api,2022,puma,external_condition_v1_agesex
26,2904,2602904,AGEP_SEX_cross,"[65.0, 75.0)__1",6964.0,B01001,all_persons,acs5_api,2022,puma,external_condition_v1_agesex
26,2904,2602904,AGEP_SEX_cross,"[65.0, 75.0)__2",7880.0,B01001,all_persons,acs5_api,2022,puma,external_condition_v1_agesex
26,2904,2602904,AGEP_SEX_cross,"[75.0, 85.0)__1",2600.0,B01001,all_persons,acs5_api,2022,puma,external_condition_v1_agesex
26,2904,2602904,AGEP_SEX_cross,"[75.0, 85.0)__2",3775.0,B01001,all_persons,acs5_api,2022,puma,external_condition_v1_agesex
26,2904,2602904,AGEP_SEX_cross,"[85.0, 1000.0)__1",767.0,B01001,all_persons,acs5_api,2022,puma,external_condition_v1_agesex
26,2904,2602904,AGEP_SEX_cross,"[85.0, 1000.0)__2",2101.0,B01001,all_persons,acs5_api,2022,puma,external_condition_v1_agesex
26,2904,2602904,SCHL_allpop,not_25p,48633.0,B15003,all_persons,acs5_api,2022,puma,external_condition_v1_agesex
26,2904,2602904,SCHL_allpop,less_than_high_school,12562.0,B15003,all_persons,acs5_api,2022,puma,external_condition_v1_agesex
26,2904,2602904,SCHL_allpop,high_school_or_ged,31728.0,B15003,all_persons,acs5_api,2022,puma,external_condition_v1_agesex
26,2904,2602904,SCHL_allpop,some_college_or_assoc,35086.0,B15003,all_persons,acs5_api,2022,puma,external_condition_v1_agesex
26,2904,2602904,SCHL_allpop,bachelor_plus,29597.0,B15003,all_persons,acs5_api,2022,puma,external_condition_v1_agesex
26,2904,2602904,ESR_allpop,not_16p,28266.0,B23025,all_persons,acs5_api,2022,puma,external_condition_v1_agesex
26,2904,2602904,ESR_allpop,employed,77857.0,B23025,all_persons,acs5_api,2022,puma,external_condition_v1_agesex
26,2904,2602904,ESR_allpop,unemployed,5309.0,B23025,all_persons,acs5_api,2022,puma,external_condition_v1_agesex
26,2904,2602904,ESR_allpop,armed_forces,0.0,B23025,all_persons,acs5_api,2022,puma,external_condition_v1_agesex
26,2904,2602904,ESR_allpop,not_in_labor_force,46174.0,B23025,all_persons,acs5_api,2022,puma,external_condition_v1_agesex
26,2904,2602904,EARN_16p_bin,not_in_earnings_universe,70510.0,B20001+B01001,all_persons,acs5_api,2022,puma,external_condition_earn_v1
26,2904,2602904,EARN_16p_bin,lt_25k,30521.0,B20001,all_persons,acs5_api,2022,puma,external_condition_earn_v1
26,2904,2602904,EARN_16p_bin,25k_50k,25255.0,B20001,all_persons,acs5_api,2022,puma,external_condition_earn_v1
26,2904,2602904,EARN_16p_bin,50k_75k,13821.0,B20001,all_persons,acs5_api,2022,puma,external_condition_earn_v1
26,2904,2602904,EARN_16p_bin,75k_100k,8103.0,B20001,all_persons,acs5_api,2022,puma,external_condition_earn_v1
26,2904,2602904,EARN_16p_bin,ge_100k,9396.0,B20001,all_persons,acs5_api,2022,puma,external_condition_earn_v1
26,2905,2602905,AGEP_SEX_cross,"[0.0, 5.0)__1",3690.0,B01001,all_persons,acs5_api,2022,puma,external_condition_v1_agesex
26,2905,2602905,AGEP_SEX_cross,"[0.0, 5.0)__2",3400.0,B01001,all_persons,acs5_api,2022,puma,external_condition_v1_agesex
26,2905,2602905,AGEP_SEX_cross,"[5.0, 18.0)__1",11473.0,B01001,all_persons,acs5_api,2022,puma,external_condition_v1_agesex
26,2905,2602905,AGEP_SEX_cross,"[5.0, 18.0)__2",11461.0,B01001,all_persons,acs5_api,2022,puma,external_condition_v1_agesex
26,2905,2602905,AGEP_SEX_cross,"[18.0, 25.0)__1",4883.0,B01001,all_persons,acs5_api,2022,puma,external_condition_v1_agesex
26,2905,2602905,AGEP_SEX_cross,"[18.0, 25.0)__2",5282.0,B01001,all_persons,acs5_api,2022,puma,external_condition_v1_agesex
26,2905,2602905,AGEP_SEX_cross,"[25.0, 35.0)__1",8208.0,B01001,all_persons,acs5_api,2022,puma,external_condition_v1_agesex
26,2905,2602905,AGEP_SEX_cross,"[25.0, 35.0)__2",8604.0,B01001,all_persons,acs5_api,2022,puma,external_condition_v1_agesex
26,2905,2602905,AGEP_SEX_cross,"[35.0, 45.0)__1",10141.0,B01001,all_persons,acs5_api,2022,puma,external_condition_v1_agesex
26,2905,2602905,AGEP_SEX_cross,"[35.0, 45.0)__2",9437.0,B01001,all_persons,acs5_api,2022,puma,external_condition_v1_agesex
26,2905,2602905,AGEP_SEX_cross,"[45.0, 55.0)__1",10006.0,B01001,all_persons,acs5_api,2022,puma,external_condition_v1_agesex
26,2905,2602905,AGEP_SEX_cross,"[45.0, 55.0)__2",10096.0,B01001,all_persons,acs5_api,2022,puma,external_condition_v1_agesex
26,2905,2602905,AGEP_SEX_cross,"[55.0, 65.0)__1",9834.0,B01001,all_persons,acs5_api,2022,puma,external_condition_v1_agesex
26,2905,2602905,AGEP_SEX_cross,"[55.0, 65.0)__2",9259.0,B01001,all_persons,acs5_api,2022,puma,external_condition_v1_agesex
26,2905,2602905,AGEP_SEX_cross,"[65.0, 75.0)__1",5651.0,B01001,all_persons,acs5_api,2022,puma,external_condition_v1_agesex
26,2905,2602905,AGEP_SEX_cross,"[65.0, 75.0)__2",6777.0,B01001,all_persons,acs5_api,2022,puma,external_condition_v1_agesex
26,2905,2602905,AGEP_SEX_cross,"[75.0, 85.0)__1",2458.0,B01001,all_persons,acs5_api,2022,puma,external_condition_v1_agesex
26,2905,2602905,AGEP_SEX_cross,"[75.0, 85.0)__2",3233.0,B01001,all_persons,acs5_api,2022,puma,external_condition_v1_agesex
26,2905,2602905,AGEP_SEX_cross,"[85.0, 1000.0)__1",890.0,B01001,all_persons,acs5_api,2022,puma,external_condition_v1_agesex
26,2905,2602905,AGEP_SEX_cross,"[85.0, 1000.0)__2",1918.0,B01001,all_persons,acs5_api,2022,puma,external_condition_v1_agesex
26,2905,2602905,SCHL_allpop,not_25p,40189.0,B15003,all_persons,acs5_api,2022,puma,external_condition_v1_agesex
26,2905,2602905,SCHL_allpop,less_than_high_school,3062.0,B15003,all_persons,acs5_api,2022,puma,external_condition_v1_agesex
26,2905,2602905,SCHL_allpop,high_school_or_ged,15159.0,B15003,all_persons,acs5_api,2022,puma,external_condition_v1_agesex
26,2905,2602905,SCHL_allpop,some_college_or_assoc,26033.0,B15003,all_persons,acs5_api,2022,puma,external_condition_v1_agesex
26,2905,2602905,SCHL_allpop,bachelor_plus,52258.0,B15003,all_persons,acs5_api,2022,puma,external_condition_v1_agesex
26,2905,2602905,ESR_allpop,not_16p,26096.0,B23025,all_persons,acs5_api,2022,puma,external_condition_v1_agesex
26,2905,2602905,ESR_allpop,employed,74064.0,B23025,all_persons,acs5_api,2022,puma,external_condition_v1_agesex
26,2905,2602905,ESR_allpop,unemployed,2912.0,B23025,all_persons,acs5_api,2022,puma,external_condition_v1_agesex
26,2905,2602905,ESR_allpop,armed_forces,9.0,B23025,all_persons,acs5_api,2022,puma,external_condition_v1_agesex
26,2905,2602905,ESR_allpop,not_in_labor_force,33620.0,B23025,all_persons,acs5_api,2022,puma,external_condition_v1_agesex
26,2905,2602905,EARN_16p_bin,not_in_earnings_universe,57091.0,B20001+B01001,all_persons,acs5_api,2022,puma,external_condition_earn_v1
26,2905,2602905,EARN_16p_bin,lt_25k,20520.0,B20001,all_persons,acs5_api,2022,puma,external_condition_earn_v1
26,2905,2602905,EARN_16p_bin,25k_50k,15382.0,B20001,all_persons,acs5_api,2022,puma,external_condition_earn_v1
26,2905,2602905,EARN_16p_bin,50k_75k,12261.0,B20001,all_persons,acs5_api,2022,puma,external_condition_earn_v1
26,2905,2602905,EARN_16p_bin,75k_100k,9930.0,B20001,all_persons,acs5_api,2022,puma,external_condition_earn_v1
26,2905,2602905,EARN_16p_bin,ge_100k,21517.0,B20001,all_persons,acs5_api,2022,puma,external_condition_earn_v1
26,2906,2602906,AGEP_SEX_cross,"[0.0, 5.0)__1",4236.0,B01001,all_persons,acs5_api,2022,puma,external_condition_v1_agesex
26,2906,2602906,AGEP_SEX_cross,"[0.0, 5.0)__2",3994.0,B01001,all_persons,acs5_api,2022,puma,external_condition_v1_agesex
26,2906,2602906,AGEP_SEX_cross,"[5.0, 18.0)__1",13793.0,B01001,all_persons,acs5_api,2022,puma,external_condition_v1_agesex
26,2906,2602906,AGEP_SEX_cross,"[5.0, 18.0)__2",12656.0,B01001,all_persons,acs5_api,2022,puma,external_condition_v1_agesex
26,2906,2602906,AGEP_SEX_cross,"[18.0, 25.0)__1",4609.0,B01001,all_persons,acs5_api,2022,puma,external_condition_v1_agesex
26,2906,2602906,AGEP_SEX_cross,"[18.0, 25.0)__2",4912.0,B01001,all_persons,acs5_api,2022,puma,external_condition_v1_agesex
26,2906,2602906,AGEP_SEX_cross,"[25.0, 35.0)__1",7081.0,B01001,all_persons,acs5_api,2022,puma,external_condition_v1_agesex
26,2906,2602906,AGEP_SEX_cross,"[25.0, 35.0)__2",7213.0,B01001,all_persons,acs5_api,2022,puma,external_condition_v1_agesex
26,2906,2602906,AGEP_SEX_cross,"[35.0, 45.0)__1",8755.0,B01001,all_persons,acs5_api,2022,puma,external_condition_v1_agesex
26,2906,2602906,AGEP_SEX_cross,"[35.0, 45.0)__2",9077.0,B01001,all_persons,acs5_api,2022,puma,external_condition_v1_agesex
26,2906,2602906,AGEP_SEX_cross,"[45.0, 55.0)__1",10704.0,B01001,all_persons,acs5_api,2022,puma,external_condition_v1_agesex
26,2906,2602906,AGEP_SEX_cross,"[45.0, 55.0)__2",10526.0,B01001,all_persons,acs5_api,2022,puma,external_condition_v1_agesex
26,2906,2602906,AGEP_SEX_cross,"[55.0, 65.0)__1",11305.0,B01001,all_persons,acs5_api,2022,puma,external_condition_v1_agesex
26,2906,2602906,AGEP_SEX_cross,"[55.0, 65.0)__2",12896.0,B01001,all_persons,acs5_api,2022,puma,external_condition_v1_agesex
26,2906,2602906,AGEP_SEX_cross,"[65.0, 75.0)__1",9049.0,B01001,all_persons,acs5_api,2022,puma,external_condition_v1_agesex
26,2906,2602906,AGEP_SEX_cross,"[65.0, 75.0)__2",9937.0,B01001,all_persons,acs5_api,2022,puma,external_condition_v1_agesex
26,2906,2602906,AGEP_SEX_cross,"[75.0, 85.0)__1",5070.0,B01001,all_persons,acs5_api,2022,puma,external_condition_v1_agesex
26,2906,2602906,AGEP_SEX_cross,"[75.0, 85.0)__2",5915.0,B01001,all_persons,acs5_api,2022,puma,external_condition_v1_agesex
26,2906,2602906,AGEP_SEX_cross,"[85.0, 1000.0)__1",2197.0,B01001,all_persons,acs5_api,2022,puma,external_condition_v1_agesex
26,2906,2602906,AGEP_SEX_cross,"[85.0, 1000.0)__2",3726.0,B01001,all_persons,acs5_api,2022,puma,external_condition_v1_agesex
26,2906,2602906,SCHL_allpop,not_25p,44200.0,B15003,all_persons,acs5_api,2022,puma,external_condition_v1_agesex
26,2906,2602906,SCHL_allpop,less_than_high_school,3776.0,B15003,all_persons,acs5_api,2022,puma,external_condition_v1_agesex
26,2906,2602906,SCHL_allpop,high_school_or_ged,11120.0,B15003,all_persons,acs5_api,2022,puma,external_condition_v1_agesex
26,2906,2602906,SCHL_allpop,some_college_or_assoc,21818.0,B15003,all_persons,acs5_api,2022,puma,external_condition_v1_agesex
26,2906,2602906,SCHL_allpop,bachelor_plus,76737.0,B15003,all_persons,acs5_api,2022,puma,external_condition_v1_agesex
26,2906,2602906,ESR_allpop,not_16p,30113.0,B23025,all_persons,acs5_api,2022,puma,external_condition_v1_agesex
26,2906,2602906,ESR_allpop,employed,75841.0,B23025,all_persons,acs5_api,2022,puma,external_condition_v1_agesex
26,2906,2602906,ESR_allpop,unemployed,3959.0,B23025,all_persons,acs5_api,2022,puma,external_condition_v1_agesex
26,2906,2602906,ESR_allpop,armed_forces,30.0,B23025,all_persons,acs5_api,2022,puma,external_condition_v1_agesex
26,2906,2602906,ESR_allpop,not_in_labor_force,47708.0,B23025,all_persons,acs5_api,2022,puma,external_condition_v1_agesex
26,2906,2602906,EARN_16p_bin,not_in_earnings_universe,74515.0,B20001+B01001,all_persons,acs5_api,2022,puma,external_condition_earn_v1
26,2906,2602906,EARN_16p_bin,lt_25k,19863.0,B20001,all_persons,acs5_api,2022,puma,external_condition_earn_v1
26,2906,2602906,EARN_16p_bin,25k_50k,12239.0,B20001,all_persons,acs5_api,2022,puma,external_condition_earn_v1
26,2906,2602906,EARN_16p_bin,50k_75k,10993.0,B20001,all_persons,acs5_api,2022,puma,external_condition_earn_v1
26,2906,2602906,EARN_16p_bin,75k_100k,8097.0,B20001,all_persons,acs5_api,2022,puma,external_condition_earn_v1
26,2906,2602906,EARN_16p_bin,ge_100k,31944.0,B20001,all_persons,acs5_api,2022,puma,external_condition_earn_v1
26,2907,2602907,AGEP_SEX_cross,"[0.0, 5.0)__1",4653.0,B01001,all_persons,acs5_api,2022,puma,external_condition_v1_agesex
26,2907,2602907,AGEP_SEX_cross,"[0.0, 5.0)__2",4445.0,B01001,all_persons,acs5_api,2022,puma,external_condition_v1_agesex
26,2907,2602907,AGEP_SEX_cross,"[5.0, 18.0)__1",11882.0,B01001,all_persons,acs5_api,2022,puma,external_condition_v1_agesex
26,2907,2602907,AGEP_SEX_cross,"[5.0, 18.0)__2",11075.0,B01001,all_persons,acs5_api,2022,puma,external_condition_v1_agesex
26,2907,2602907,AGEP_SEX_cross,"[18.0, 25.0)__1",8059.0,B01001,all_persons,acs5_api,2022,puma,external_condition_v1_agesex
26,2907,2602907,AGEP_SEX_cross,"[18.0, 25.0)__2",7260.0,B01001,all_persons,acs5_api,2022,puma,external_condition_v1_agesex
26,2907,2602907,AGEP_SEX_cross,"[25.0, 35.0)__1",14230.0,B01001,all_persons,acs5_api,2022,puma,external_condition_v1_agesex
26,2907,2602907,AGEP_SEX_cross,"[25.0, 35.0)__2",11922.0,B01001,all_persons,acs5_api,2022,puma,external_condition_v1_agesex
26,2907,2602907,AGEP_SEX_cross,"[35.0, 45.0)__1",9444.0,B01001,all_persons,acs5_api,2022,puma,external_condition_v1_agesex
26,2907,2602907,AGEP_SEX_cross,"[35.0, 45.0)__2",10657.0,B01001,all_persons,acs5_api,2022,puma,external_condition_v1_agesex
26,2907,2602907,AGEP_SEX_cross,"[45.0, 55.0)__1",10182.0,B01001,all_persons,acs5_api,2022,puma,external_condition_v1_agesex
26,2907,2602907,AGEP_SEX_cross,"[45.0, 55.0)__2",11794.0,B01001,all_persons,acs5_api,2022,puma,external_condition_v1_agesex
26,2907,2602907,AGEP_SEX_cross,"[55.0, 65.0)__1",10642.0,B01001,all_persons,acs5_api,2022,puma,external_condition_v1_agesex
26,2907,2602907,AGEP_SEX_cross,"[55.0, 65.0)__2",13016.0,B01001,all_persons,acs5_api,2022,puma,external_condition_v1_agesex
26,2907,2602907,AGEP_SEX_cross,"[65.0, 75.0)__1",9359.0,B01001,all_persons,acs5_api,2022,puma,external_condition_v1_agesex
26,2907,2602907,AGEP_SEX_cross,"[65.0, 75.0)__2",11307.0,B01001,all_persons,acs5_api,2022,puma,external_condition_v1_agesex
26,2907,2602907,AGEP_SEX_cross,"[75.0, 85.0)__1",4539.0,B01001,all_persons,acs5_api,2022,puma,external_condition_v1_agesex
26,2907,2602907,AGEP_SEX_cross,"[75.0, 85.0)__2",5737.0,B01001,all_persons,acs5_api,2022,puma,external_condition_v1_agesex
26,2907,2602907,AGEP_SEX_cross,"[85.0, 1000.0)__1",1589.0,B01001,all_persons,acs5_api,2022,puma,external_condition_v1_agesex
26,2907,2602907,AGEP_SEX_cross,"[85.0, 1000.0)__2",3439.0,B01001,all_persons,acs5_api,2022,puma,external_condition_v1_agesex
26,2907,2602907,SCHL_allpop,not_25p,47374.0,B15003,all_persons,acs5_api,2022,puma,external_condition_v1_agesex
26,2907,2602907,SCHL_allpop,less_than_high_school,6537.0,B15003,all_persons,acs5_api,2022,puma,external_condition_v1_agesex
26,2907,2602907,SCHL_allpop,high_school_or_ged,20874.0,B15003,all_persons,acs5_api,2022,puma,external_condition_v1_agesex
26,2907,2602907,SCHL_allpop,some_college_or_assoc,38082.0,B15003,all_persons,acs5_api,2022,puma,external_condition_v1_agesex
26,2907,2602907,SCHL_allpop,bachelor_plus,62364.0,B15003,all_persons,acs5_api,2022,puma,external_condition_v1_agesex
26,2907,2602907,ESR_allpop,not_16p,28010.0,B23025,all_persons,acs5_api,2022,puma,external_condition_v1_agesex
26,2907,2602907,ESR_allpop,employed,89884.0,B23025,all_persons,acs5_api,2022,puma,external_condition_v1_agesex
26,2907,2602907,ESR_allpop,unemployed,5151.0,B23025,all_persons,acs5_api,2022,puma,external_condition_v1_agesex
26,2907,2602907,ESR_allpop,armed_forces,49.0,B23025,all_persons,acs5_api,2022,puma,external_condition_v1_agesex
26,2907,2602907,ESR_allpop,not_in_labor_force,52137.0,B23025,all_persons,acs5_api,2022,puma,external_condition_v1_agesex
26,2907,2602907,EARN_16p_bin,not_in_earnings_universe,77228.0,B20001+B01001,all_persons,acs5_api,2022,puma,external_condition_earn_v1
26,2907,2602907,EARN_16p_bin,lt_25k,27592.0,B20001,all_persons,acs5_api,2022,puma,external_condition_earn_v1
26,2907,2602907,EARN_16p_bin,25k_50k,21212.0,B20001,all_persons,acs5_api,2022,puma,external_condition_earn_v1
26,2907,2602907,EARN_16p_bin,50k_75k,17112.0,B20001,all_persons,acs5_api,2022,puma,external_condition_earn_v1
26,2907,2602907,EARN_16p_bin,75k_100k,13280.0,B20001,all_persons,acs5_api,2022,puma,external_condition_earn_v1
26,2907,2602907,EARN_16p_bin,ge_100k,18807.0,B20001,all_persons,acs5_api,2022,puma,external_condition_earn_v1
26,2908,2602908,AGEP_SEX_cross,"[0.0, 5.0)__1",4988.0,B01001,all_persons,acs5_api,2022,puma,external_condition_v1_agesex
26,2908,2602908,AGEP_SEX_cross,"[0.0, 5.0)__2",4116.0,B01001,all_persons,acs5_api,2022,puma,external_condition_v1_agesex
26,2908,2602908,AGEP_SEX_cross,"[5.0, 18.0)__1",10650.0,B01001,all_persons,acs5_api,2022,puma,external_condition_v1_agesex
26,2908,2602908,AGEP_SEX_cross,"[5.0, 18.0)__2",10772.0,B01001,all_persons,acs5_api,2022,puma,external_condition_v1_agesex
26,2908,2602908,AGEP_SEX_cross,"[18.0, 25.0)__1",7755.0,B01001,all_persons,acs5_api,2022,puma,external_condition_v1_agesex
26,2908,2602908,AGEP_SEX_cross,"[18.0, 25.0)__2",7161.0,B01001,all_persons,acs5_api,2022,puma,external_condition_v1_agesex
26,2908,2602908,AGEP_SEX_cross,"[25.0, 35.0)__1",21117.0,B01001,all_persons,acs5_api,2022,puma,external_condition_v1_agesex
26,2908,2602908,AGEP_SEX_cross,"[25.0, 35.0)__2",19528.0,B01001,all_persons,acs5_api,2022,puma,external_condition_v1_agesex
26,2908,2602908,AGEP_SEX_cross,"[35.0, 45.0)__1",13425.0,B01001,all_persons,acs5_api,2022,puma,external_condition_v1_agesex
26,2908,2602908,AGEP_SEX_cross,"[35.0, 45.0)__2",12428.0,B01001,all_persons,acs5_api,2022,puma,external_condition_v1_agesex
26,2908,2602908,AGEP_SEX_cross,"[45.0, 55.0)__1",11403.0,B01001,all_persons,acs5_api,2022,puma,external_condition_v1_agesex
26,2908,2602908,AGEP_SEX_cross,"[45.0, 55.0)__2",12140.0,B01001,all_persons,acs5_api,2022,puma,external_condition_v1_agesex
26,2908,2602908,AGEP_SEX_cross,"[55.0, 65.0)__1",12547.0,B01001,all_persons,acs5_api,2022,puma,external_condition_v1_agesex
26,2908,2602908,AGEP_SEX_cross,"[55.0, 65.0)__2",12101.0,B01001,all_persons,acs5_api,2022,puma,external_condition_v1_agesex
26,2908,2602908,AGEP_SEX_cross,"[65.0, 75.0)__1",7926.0,B01001,all_persons,acs5_api,2022,puma,external_condition_v1_agesex
26,2908,2602908,AGEP_SEX_cross,"[65.0, 75.0)__2",9760.0,B01001,all_persons,acs5_api,2022,puma,external_condition_v1_agesex
26,2908,2602908,AGEP_SEX_cross,"[75.0, 85.0)__1",3065.0,B01001,all_persons,acs5_api,2022,puma,external_condition_v1_agesex
26,2908,2602908,AGEP_SEX_cross,"[75.0, 85.0)__2",4180.0,B01001,all_persons,acs5_api,2022,puma,external_condition_v1_agesex
26,2908,2602908,AGEP_SEX_cross,"[85.0, 1000.0)__1",1031.0,B01001,all_persons,acs5_api,2022,puma,external_condition_v1_agesex
26,2908,2602908,AGEP_SEX_cross,"[85.0, 1000.0)__2",2217.0,B01001,all_persons,acs5_api,2022,puma,external_condition_v1_agesex
26,2908,2602908,SCHL_allpop,not_25p,45442.0,B15003,all_persons,acs5_api,2022,puma,external_condition_v1_agesex
26,2908,2602908,SCHL_allpop,less_than_high_school,8344.0,B15003,all_persons,acs5_api,2022,puma,external_condition_v1_agesex
26,2908,2602908,SCHL_allpop,high_school_or_ged,26535.0,B15003,all_persons,acs5_api,2022,puma,external_condition_v1_agesex
26,2908,2602908,SCHL_allpop,some_college_or_assoc,38901.0,B15003,all_persons,acs5_api,2022,puma,external_condition_v1_agesex
26,2908,2602908,SCHL_allpop,bachelor_plus,69088.0,B15003,all_persons,acs5_api,2022,puma,external_condition_v1_agesex
26,2908,2602908,ESR_allpop,not_16p,27180.0,B23025,all_persons,acs5_api,2022,puma,external_condition_v1_agesex
26,2908,2602908,ESR_allpop,employed,111401.0,B23025,all_persons,acs5_api,2022,puma,external_condition_v1_agesex
26,2908,2602908,ESR_allpop,unemployed,5474.0,B23025,all_persons,acs5_api,2022,puma,external_condition_v1_agesex
26,2908,2602908,ESR_allpop,armed_forces,148.0,B23025,all_persons,acs5_api,2022,puma,external_condition_v1_agesex
26,2908,2602908,ESR_allpop,not_in_labor_force,44107.0,B23025,all_persons,acs5_api,2022,puma,external_condition_v1_agesex
26,2908,2602908,EARN_16p_bin,not_in_earnings_universe,68277.0,B20001+B01001,all_persons,acs5_api,2022,puma,external_condition_earn_v1
26,2908,2602908,EARN_16p_bin,lt_25k,29009.0,B20001,all_persons,acs5_api,2022,puma,external_condition_earn_v1
26,2908,2602908,EARN_16p_bin,25k_50k,27763.0,B20001,all_persons,acs5_api,2022,puma,external_condition_earn_v1
26,2908,2602908,EARN_16p_bin,50k_75k,24837.0,B20001,all_persons,acs5_api,2022,puma,external_condition_earn_v1
26,2908,2602908,EARN_16p_bin,75k_100k,16197.0,B20001,all_persons,acs5_api,2022,puma,external_condition_earn_v1
26,2908,2602908,EARN_16p_bin,ge_100k,22227.0,B20001,all_persons,acs5_api,2022,puma,external_condition_earn_v1
26,3001,2603001,AGEP_SEX_cross,"[0.0, 5.0)__1",3759.0,B01001,all_persons,acs5_api,2022,puma,external_condition_v1_agesex
26,3001,2603001,AGEP_SEX_cross,"[0.0, 5.0)__2",3797.0,B01001,all_persons,acs5_api,2022,puma,external_condition_v1_agesex
26,3001,2603001,AGEP_SEX_cross,"[5.0, 18.0)__1",10591.0,B01001,all_persons,acs5_api,2022,puma,external_condition_v1_agesex
26,3001,2603001,AGEP_SEX_cross,"[5.0, 18.0)__2",10077.0,B01001,all_persons,acs5_api,2022,puma,external_condition_v1_agesex
26,3001,2603001,AGEP_SEX_cross,"[18.0, 25.0)__1",5262.0,B01001,all_persons,acs5_api,2022,puma,external_condition_v1_agesex
26,3001,2603001,AGEP_SEX_cross,"[18.0, 25.0)__2",4140.0,B01001,all_persons,acs5_api,2022,puma,external_condition_v1_agesex
26,3001,2603001,AGEP_SEX_cross,"[25.0, 35.0)__1",7443.0,B01001,all_persons,acs5_api,2022,puma,external_condition_v1_agesex
26,3001,2603001,AGEP_SEX_cross,"[25.0, 35.0)__2",7648.0,B01001,all_persons,acs5_api,2022,puma,external_condition_v1_agesex
26,3001,2603001,AGEP_SEX_cross,"[35.0, 45.0)__1",8241.0,B01001,all_persons,acs5_api,2022,puma,external_condition_v1_agesex
26,3001,2603001,AGEP_SEX_cross,"[35.0, 45.0)__2",7613.0,B01001,all_persons,acs5_api,2022,puma,external_condition_v1_agesex
26,3001,2603001,AGEP_SEX_cross,"[45.0, 55.0)__1",9231.0,B01001,all_persons,acs5_api,2022,puma,external_condition_v1_agesex
26,3001,2603001,AGEP_SEX_cross,"[45.0, 55.0)__2",8667.0,B01001,all_persons,acs5_api,2022,puma,external_condition_v1_agesex
26,3001,2603001,AGEP_SEX_cross,"[55.0, 65.0)__1",9427.0,B01001,all_persons,acs5_api,2022,puma,external_condition_v1_agesex
26,3001,2603001,AGEP_SEX_cross,"[55.0, 65.0)__2",9955.0,B01001,all_persons,acs5_api,2022,puma,external_condition_v1_agesex
26,3001,2603001,AGEP_SEX_cross,"[65.0, 75.0)__1",5849.0,B01001,all_persons,acs5_api,2022,puma,external_condition_v1_agesex
26,3001,2603001,AGEP_SEX_cross,"[65.0, 75.0)__2",6651.0,B01001,all_persons,acs5_api,2022,puma,external_condition_v1_agesex
26,3001,2603001,AGEP_SEX_cross,"[75.0, 85.0)__1",2700.0,B01001,all_persons,acs5_api,2022,puma,external_condition_v1_agesex
26,3001,2603001,AGEP_SEX_cross,"[75.0, 85.0)__2",3632.0,B01001,all_persons,acs5_api,2022,puma,external_condition_v1_agesex
26,3001,2603001,AGEP_SEX_cross,"[85.0, 1000.0)__1",696.0,B01001,all_persons,acs5_api,2022,puma,external_condition_v1_agesex
26,3001,2603001,AGEP_SEX_cross,"[85.0, 1000.0)__2",1238.0,B01001,all_persons,acs5_api,2022,puma,external_condition_v1_agesex
26,3001,2603001,SCHL_allpop,not_25p,37626.0,B15003,all_persons,acs5_api,2022,puma,external_condition_v1_agesex
26,3001,2603001,SCHL_allpop,less_than_high_school,6575.0,B15003,all_persons,acs5_api,2022,puma,external_condition_v1_agesex
26,3001,2603001,SCHL_allpop,high_school_or_ged,24457.0,B15003,all_persons,acs5_api,2022,puma,external_condition_v1_agesex
26,3001,2603001,SCHL_allpop,some_college_or_assoc,32054.0,B15003,all_persons,acs5_api,2022,puma,external_condition_v1_agesex
26,3001,2603001,SCHL_allpop,bachelor_plus,25905.0,B15003,all_persons,acs5_api,2022,puma,external_condition_v1_agesex
26,3001,2603001,ESR_allpop,not_16p,24674.0,B23025,all_persons,acs5_api,2022,puma,external_condition_v1_agesex
26,3001,2603001,ESR_allpop,employed,61585.0,B23025,all_persons,acs5_api,2022,puma,external_condition_v1_agesex
26,3001,2603001,ESR_allpop,unemployed,3115.0,B23025,all_persons,acs5_api,2022,puma,external_condition_v1_agesex
26,3001,2603001,ESR_allpop,armed_forces,150.0,B23025,all_persons,acs5_api,2022,puma,external_condition_v1_agesex
26,3001,2603001,ESR_allpop,not_in_labor_force,37093.0,B23025,all_persons,acs5_api,2022,puma,external_condition_v1_agesex
26,3001,2603001,EARN_16p_bin,not_in_earnings_universe,58095.0,B20001+B01001,all_persons,acs5_api,2022,puma,external_condition_earn_v1
26,3001,2603001,EARN_16p_bin,lt_25k,20495.0,B20001,all_persons,acs5_api,2022,puma,external_condition_earn_v1
26,3001,2603001,EARN_16p_bin,25k_50k,15466.0,B20001,all_persons,acs5_api,2022,puma,external_condition_earn_v1
26,3001,2603001,EARN_16p_bin,50k_75k,12195.0,B20001,all_persons,acs5_api,2022,puma,external_condition_earn_v1
26,3001,2603001,EARN_16p_bin,75k_100k,8347.0,B20001,all_persons,acs5_api,2022,puma,external_condition_earn_v1
26,3001,2603001,EARN_16p_bin,ge_100k,12019.0,B20001,all_persons,acs5_api,2022,puma,external_condition_earn_v1
26,3002,2603002,AGEP_SEX_cross,"[0.0, 5.0)__1",4127.0,B01001,all_persons,acs5_api,2022,puma,external_condition_v1_agesex
26,3002,2603002,AGEP_SEX_cross,"[0.0, 5.0)__2",4090.0,B01001,all_persons,acs5_api,2022,puma,external_condition_v1_agesex
26,3002,2603002,AGEP_SEX_cross,"[5.0, 18.0)__1",15836.0,B01001,all_persons,acs5_api,2022,puma,external_condition_v1_agesex
26,3002,2603002,AGEP_SEX_cross,"[5.0, 18.0)__2",15614.0,B01001,all_persons,acs5_api,2022,puma,external_condition_v1_agesex
26,3002,2603002,AGEP_SEX_cross,"[18.0, 25.0)__1",8396.0,B01001,all_persons,acs5_api,2022,puma,external_condition_v1_agesex
26,3002,2603002,AGEP_SEX_cross,"[18.0, 25.0)__2",7723.0,B01001,all_persons,acs5_api,2022,puma,external_condition_v1_agesex
26,3002,2603002,AGEP_SEX_cross,"[25.0, 35.0)__1",9386.0,B01001,all_persons,acs5_api,2022,puma,external_condition_v1_agesex
26,3002,2603002,AGEP_SEX_cross,"[25.0, 35.0)__2",8235.0,B01001,all_persons,acs5_api,2022,puma,external_condition_v1_agesex
26,3002,2603002,AGEP_SEX_cross,"[35.0, 45.0)__1",10311.0,B01001,all_persons,acs5_api,2022,puma,external_condition_v1_agesex
26,3002,2603002,AGEP_SEX_cross,"[35.0, 45.0)__2",11258.0,B01001,all_persons,acs5_api,2022,puma,external_condition_v1_agesex
26,3002,2603002,AGEP_SEX_cross,"[45.0, 55.0)__1",13286.0,B01001,all_persons,acs5_api,2022,puma,external_condition_v1_agesex
26,3002,2603002,AGEP_SEX_cross,"[45.0, 55.0)__2",13841.0,B01001,all_persons,acs5_api,2022,puma,external_condition_v1_agesex
26,3002,2603002,AGEP_SEX_cross,"[55.0, 65.0)__1",11868.0,B01001,all_persons,acs5_api,2022,puma,external_condition_v1_agesex
26,3002,2603002,AGEP_SEX_cross,"[55.0, 65.0)__2",12303.0,B01001,all_persons,acs5_api,2022,puma,external_condition_v1_agesex
26,3002,2603002,AGEP_SEX_cross,"[65.0, 75.0)__1",8101.0,B01001,all_persons,acs5_api,2022,puma,external_condition_v1_agesex
26,3002,2603002,AGEP_SEX_cross,"[65.0, 75.0)__2",9274.0,B01001,all_persons,acs5_api,2022,puma,external_condition_v1_agesex
26,3002,2603002,AGEP_SEX_cross,"[75.0, 85.0)__1",3888.0,B01001,all_persons,acs5_api,2022,puma,external_condition_v1_agesex
26,3002,2603002,AGEP_SEX_cross,"[75.0, 85.0)__2",5156.0,B01001,all_persons,acs5_api,2022,puma,external_condition_v1_agesex
26,3002,2603002,AGEP_SEX_cross,"[85.0, 1000.0)__1",1340.0,B01001,all_persons,acs5_api,2022,puma,external_condition_v1_agesex
26,3002,2603002,AGEP_SEX_cross,"[85.0, 1000.0)__2",1987.0,B01001,all_persons,acs5_api,2022,puma,external_condition_v1_agesex
26,3002,2603002,SCHL_allpop,not_25p,55786.0,B15003,all_persons,acs5_api,2022,puma,external_condition_v1_agesex
26,3002,2603002,SCHL_allpop,less_than_high_school,8150.0,B15003,all_persons,acs5_api,2022,puma,external_condition_v1_agesex
26,3002,2603002,SCHL_allpop,high_school_or_ged,28504.0,B15003,all_persons,acs5_api,2022,puma,external_condition_v1_agesex
26,3002,2603002,SCHL_allpop,some_college_or_assoc,39736.0,B15003,all_persons,acs5_api,2022,puma,external_condition_v1_agesex
26,3002,2603002,SCHL_allpop,bachelor_plus,43844.0,B15003,all_persons,acs5_api,2022,puma,external_condition_v1_agesex
26,3002,2603002,ESR_allpop,not_16p,33745.0,B23025,all_persons,acs5_api,2022,puma,external_condition_v1_agesex
26,3002,2603002,ESR_allpop,employed,90020.0,B23025,all_persons,acs5_api,2022,puma,external_condition_v1_agesex
26,3002,2603002,ESR_allpop,unemployed,3929.0,B23025,all_persons,acs5_api,2022,puma,external_condition_v1_agesex
26,3002,2603002,ESR_allpop,armed_forces,146.0,B23025,all_persons,acs5_api,2022,puma,external_condition_v1_agesex
26,3002,2603002,ESR_allpop,not_in_labor_force,48180.0,B23025,all_persons,acs5_api,2022,puma,external_condition_v1_agesex
26,3002,2603002,EARN_16p_bin,not_in_earnings_universe,77292.0,B20001+B01001,all_persons,acs5_api,2022,puma,external_condition_earn_v1
26,3002,2603002,EARN_16p_bin,lt_25k,29782.0,B20001,all_persons,acs5_api,2022,puma,external_condition_earn_v1
26,3002,2603002,EARN_16p_bin,25k_50k,20663.0,B20001,all_persons,acs5_api,2022,puma,external_condition_earn_v1
26,3002,2603002,EARN_16p_bin,50k_75k,15898.0,B20001,all_persons,acs5_api,2022,puma,external_condition_earn_v1
26,3002,2603002,EARN_16p_bin,75k_100k,12560.0,B20001,all_persons,acs5_api,2022,puma,external_condition_earn_v1
26,3002,2603002,EARN_16p_bin,ge_100k,19825.0,B20001,all_persons,acs5_api,2022,puma,external_condition_earn_v1
26,3003,2603003,AGEP_SEX_cross,"[0.0, 5.0)__1",3284.0,B01001,all_persons,acs5_api,2022,puma,external_condition_v1_agesex
26,3003,2603003,AGEP_SEX_cross,"[0.0, 5.0)__2",3941.0,B01001,all_persons,acs5_api,2022,puma,external_condition_v1_agesex
26,3003,2603003,AGEP_SEX_cross,"[5.0, 18.0)__1",10186.0,B01001,all_persons,acs5_api,2022,puma,external_condition_v1_agesex
26,3003,2603003,AGEP_SEX_cross,"[5.0, 18.0)__2",9666.0,B01001,all_persons,acs5_api,2022,puma,external_condition_v1_agesex
26,3003,2603003,AGEP_SEX_cross,"[18.0, 25.0)__1",5499.0,B01001,all_persons,acs5_api,2022,puma,external_condition_v1_agesex
26,3003,2603003,AGEP_SEX_cross,"[18.0, 25.0)__2",5451.0,B01001,all_persons,acs5_api,2022,puma,external_condition_v1_agesex
26,3003,2603003,AGEP_SEX_cross,"[25.0, 35.0)__1",9477.0,B01001,all_persons,acs5_api,2022,puma,external_condition_v1_agesex
26,3003,2603003,AGEP_SEX_cross,"[25.0, 35.0)__2",9707.0,B01001,all_persons,acs5_api,2022,puma,external_condition_v1_agesex
26,3003,2603003,AGEP_SEX_cross,"[35.0, 45.0)__1",7468.0,B01001,all_persons,acs5_api,2022,puma,external_condition_v1_agesex
26,3003,2603003,AGEP_SEX_cross,"[35.0, 45.0)__2",7602.0,B01001,all_persons,acs5_api,2022,puma,external_condition_v1_agesex
26,3003,2603003,AGEP_SEX_cross,"[45.0, 55.0)__1",9185.0,B01001,all_persons,acs5_api,2022,puma,external_condition_v1_agesex
26,3003,2603003,AGEP_SEX_cross,"[45.0, 55.0)__2",9264.0,B01001,all_persons,acs5_api,2022,puma,external_condition_v1_agesex
26,3003,2603003,AGEP_SEX_cross,"[55.0, 65.0)__1",9588.0,B01001,all_persons,acs5_api,2022,puma,external_condition_v1_agesex
26,3003,2603003,AGEP_SEX_cross,"[55.0, 65.0)__2",9400.0,B01001,all_persons,acs5_api,2022,puma,external_condition_v1_agesex
26,3003,2603003,AGEP_SEX_cross,"[65.0, 75.0)__1",6576.0,B01001,all_persons,acs5_api,2022,puma,external_condition_v1_agesex
26,3003,2603003,AGEP_SEX_cross,"[65.0, 75.0)__2",7055.0,B01001,all_persons,acs5_api,2022,puma,external_condition_v1_agesex
26,3003,2603003,AGEP_SEX_cross,"[75.0, 85.0)__1",2809.0,B01001,all_persons,acs5_api,2022,puma,external_condition_v1_agesex
26,3003,2603003,AGEP_SEX_cross,"[75.0, 85.0)__2",4214.0,B01001,all_persons,acs5_api,2022,puma,external_condition_v1_agesex
26,3003,2603003,AGEP_SEX_cross,"[85.0, 1000.0)__1",1166.0,B01001,all_persons,acs5_api,2022,puma,external_condition_v1_agesex
26,3003,2603003,AGEP_SEX_cross,"[85.0, 1000.0)__2",2206.0,B01001,all_persons,acs5_api,2022,puma,external_condition_v1_agesex
26,3003,2603003,SCHL_allpop,not_25p,38027.0,B15003,all_persons,acs5_api,2022,puma,external_condition_v1_agesex
26,3003,2603003,SCHL_allpop,less_than_high_school,11811.0,B15003,all_persons,acs5_api,2022,puma,external_condition_v1_agesex
26,3003,2603003,SCHL_allpop,high_school_or_ged,27036.0,B15003,all_persons,acs5_api,2022,puma,external_condition_v1_agesex
26,3003,2603003,SCHL_allpop,some_college_or_assoc,27352.0,B15003,all_persons,acs5_api,2022,puma,external_condition_v1_agesex
26,3003,2603003,SCHL_allpop,bachelor_plus,29518.0,B15003,all_persons,acs5_api,2022,puma,external_condition_v1_agesex
26,3003,2603003,ESR_allpop,not_16p,23537.0,B23025,all_persons,acs5_api,2022,puma,external_condition_v1_agesex
26,3003,2603003,ESR_allpop,employed,64548.0,B23025,all_persons,acs5_api,2022,puma,external_condition_v1_agesex
26,3003,2603003,ESR_allpop,unemployed,4045.0,B23025,all_persons,acs5_api,2022,puma,external_condition_v1_agesex
26,3003,2603003,ESR_allpop,armed_forces,106.0,B23025,all_persons,acs5_api,2022,puma,external_condition_v1_agesex
26,3003,2603003,ESR_allpop,not_in_labor_force,41508.0,B23025,all_persons,acs5_api,2022,puma,external_condition_v1_agesex
26,3003,2603003,EARN_16p_bin,not_in_earnings_universe,62314.0,B20001+B01001,all_persons,acs5_api,2022,puma,external_condition_earn_v1
26,3003,2603003,EARN_16p_bin,lt_25k,24582.0,B20001,all_persons,acs5_api,2022,puma,external_condition_earn_v1
26,3003,2603003,EARN_16p_bin,25k_50k,18126.0,B20001,all_persons,acs5_api,2022,puma,external_condition_earn_v1
26,3003,2603003,EARN_16p_bin,50k_75k,11773.0,B20001,all_persons,acs5_api,2022,puma,external_condition_earn_v1
26,3003,2603003,EARN_16p_bin,75k_100k,7439.0,B20001,all_persons,acs5_api,2022,puma,external_condition_earn_v1
26,3003,2603003,EARN_16p_bin,ge_100k,9510.0,B20001,all_persons,acs5_api,2022,puma,external_condition_earn_v1
26,3004,2603004,AGEP_SEX_cross,"[0.0, 5.0)__1",4411.0,B01001,all_persons,acs5_api,2022,puma,external_condition_v1_agesex
26,3004,2603004,AGEP_SEX_cross,"[0.0, 5.0)__2",3184.0,B01001,all_persons,acs5_api,2022,puma,external_condition_v1_agesex
26,3004,2603004,AGEP_SEX_cross,"[5.0, 18.0)__1",10760.0,B01001,all_persons,acs5_api,2022,puma,external_condition_v1_agesex
26,3004,2603004,AGEP_SEX_cross,"[5.0, 18.0)__2",10436.0,B01001,all_persons,acs5_api,2022,puma,external_condition_v1_agesex
26,3004,2603004,AGEP_SEX_cross,"[18.0, 25.0)__1",6474.0,B01001,all_persons,acs5_api,2022,puma,external_condition_v1_agesex
26,3004,2603004,AGEP_SEX_cross,"[18.0, 25.0)__2",7001.0,B01001,all_persons,acs5_api,2022,puma,external_condition_v1_agesex
26,3004,2603004,AGEP_SEX_cross,"[25.0, 35.0)__1",11829.0,B01001,all_persons,acs5_api,2022,puma,external_condition_v1_agesex
26,3004,2603004,AGEP_SEX_cross,"[25.0, 35.0)__2",10766.0,B01001,all_persons,acs5_api,2022,puma,external_condition_v1_agesex
26,3004,2603004,AGEP_SEX_cross,"[35.0, 45.0)__1",8289.0,B01001,all_persons,acs5_api,2022,puma,external_condition_v1_agesex
26,3004,2603004,AGEP_SEX_cross,"[35.0, 45.0)__2",8920.0,B01001,all_persons,acs5_api,2022,puma,external_condition_v1_agesex
26,3004,2603004,AGEP_SEX_cross,"[45.0, 55.0)__1",9558.0,B01001,all_persons,acs5_api,2022,puma,external_condition_v1_agesex
26,3004,2603004,AGEP_SEX_cross,"[45.0, 55.0)__2",9826.0,B01001,all_persons,acs5_api,2022,puma,external_condition_v1_agesex
26,3004,2603004,AGEP_SEX_cross,"[55.0, 65.0)__1",10718.0,B01001,all_persons,acs5_api,2022,puma,external_condition_v1_agesex
26,3004,2603004,AGEP_SEX_cross,"[55.0, 65.0)__2",12216.0,B01001,all_persons,acs5_api,2022,puma,external_condition_v1_agesex
26,3004,2603004,AGEP_SEX_cross,"[65.0, 75.0)__1",8141.0,B01001,all_persons,acs5_api,2022,puma,external_condition_v1_agesex
26,3004,2603004,AGEP_SEX_cross,"[65.0, 75.0)__2",9533.0,B01001,all_persons,acs5_api,2022,puma,external_condition_v1_agesex
26,3004,2603004,AGEP_SEX_cross,"[75.0, 85.0)__1",3850.0,B01001,all_persons,acs5_api,2022,puma,external_condition_v1_agesex
26,3004,2603004,AGEP_SEX_cross,"[75.0, 85.0)__2",4814.0,B01001,all_persons,acs5_api,2022,puma,external_condition_v1_agesex
26,3004,2603004,AGEP_SEX_cross,"[85.0, 1000.0)__1",1157.0,B01001,all_persons,acs5_api,2022,puma,external_condition_v1_agesex
26,3004,2603004,AGEP_SEX_cross,"[85.0, 1000.0)__2",2820.0,B01001,all_persons,acs5_api,2022,puma,external_condition_v1_agesex
26,3004,2603004,SCHL_allpop,not_25p,42266.0,B15003,all_persons,acs5_api,2022,puma,external_condition_v1_agesex
26,3004,2603004,SCHL_allpop,less_than_high_school,8556.0,B15003,all_persons,acs5_api,2022,puma,external_condition_v1_agesex
26,3004,2603004,SCHL_allpop,high_school_or_ged,35762.0,B15003,all_persons,acs5_api,2022,puma,external_condition_v1_agesex
26,3004,2603004,SCHL_allpop,some_college_or_assoc,42110.0,B15003,all_persons,acs5_api,2022,puma,external_condition_v1_agesex
26,3004,2603004,SCHL_allpop,bachelor_plus,26009.0,B15003,all_persons,acs5_api,2022,puma,external_condition_v1_agesex
26,3004,2603004,ESR_allpop,not_16p,25277.0,B23025,all_persons,acs5_api,2022,puma,external_condition_v1_agesex
26,3004,2603004,ESR_allpop,employed,78216.0,B23025,all_persons,acs5_api,2022,puma,external_condition_v1_agesex
26,3004,2603004,ESR_allpop,unemployed,4203.0,B23025,all_persons,acs5_api,2022,puma,external_condition_v1_agesex
26,3004,2603004,ESR_allpop,armed_forces,155.0,B23025,all_persons,acs5_api,2022,puma,external_condition_v1_agesex
26,3004,2603004,ESR_allpop,not_in_labor_force,46852.0,B23025,all_persons,acs5_api,2022,puma,external_condition_v1_agesex
26,3004,2603004,EARN_16p_bin,not_in_earnings_universe,68504.0,B20001+B01001,all_persons,acs5_api,2022,puma,external_condition_earn_v1
26,3004,2603004,EARN_16p_bin,lt_25k,27250.0,B20001,all_persons,acs5_api,2022,puma,external_condition_earn_v1
26,3004,2603004,EARN_16p_bin,25k_50k,25484.0,B20001,all_persons,acs5_api,2022,puma,external_condition_earn_v1
26,3004,2603004,EARN_16p_bin,50k_75k,15375.0,B20001,all_persons,acs5_api,2022,puma,external_condition_earn_v1
26,3004,2603004,EARN_16p_bin,75k_100k,8944.0,B20001,all_persons,acs5_api,2022,puma,external_condition_earn_v1
26,3004,2603004,EARN_16p_bin,ge_100k,9146.0,B20001,all_persons,acs5_api,2022,puma,external_condition_earn_v1
26,3005,2603005,AGEP_SEX_cross,"[0.0, 5.0)__1",3866.0,B01001,all_persons,acs5_api,2022,puma,external_condition_v1_agesex
26,3005,2603005,AGEP_SEX_cross,"[0.0, 5.0)__2",3710.0,B01001,all_persons,acs5_api,2022,puma,external_condition_v1_agesex
26,3005,2603005,AGEP_SEX_cross,"[5.0, 18.0)__1",10549.0,B01001,all_persons,acs5_api,2022,puma,external_condition_v1_agesex
26,3005,2603005,AGEP_SEX_cross,"[5.0, 18.0)__2",9397.0,B01001,all_persons,acs5_api,2022,puma,external_condition_v1_agesex
26,3005,2603005,AGEP_SEX_cross,"[18.0, 25.0)__1",5501.0,B01001,all_persons,acs5_api,2022,puma,external_condition_v1_agesex
26,3005,2603005,AGEP_SEX_cross,"[18.0, 25.0)__2",5009.0,B01001,all_persons,acs5_api,2022,puma,external_condition_v1_agesex
26,3005,2603005,AGEP_SEX_cross,"[25.0, 35.0)__1",11072.0,B01001,all_persons,acs5_api,2022,puma,external_condition_v1_agesex
26,3005,2603005,AGEP_SEX_cross,"[25.0, 35.0)__2",10703.0,B01001,all_persons,acs5_api,2022,puma,external_condition_v1_agesex
26,3005,2603005,AGEP_SEX_cross,"[35.0, 45.0)__1",8455.0,B01001,all_persons,acs5_api,2022,puma,external_condition_v1_agesex
26,3005,2603005,AGEP_SEX_cross,"[35.0, 45.0)__2",9017.0,B01001,all_persons,acs5_api,2022,puma,external_condition_v1_agesex
26,3005,2603005,AGEP_SEX_cross,"[45.0, 55.0)__1",8627.0,B01001,all_persons,acs5_api,2022,puma,external_condition_v1_agesex
26,3005,2603005,AGEP_SEX_cross,"[45.0, 55.0)__2",8670.0,B01001,all_persons,acs5_api,2022,puma,external_condition_v1_agesex
26,3005,2603005,AGEP_SEX_cross,"[55.0, 65.0)__1",10000.0,B01001,all_persons,acs5_api,2022,puma,external_condition_v1_agesex
26,3005,2603005,AGEP_SEX_cross,"[55.0, 65.0)__2",10641.0,B01001,all_persons,acs5_api,2022,puma,external_condition_v1_agesex
26,3005,2603005,AGEP_SEX_cross,"[65.0, 75.0)__1",7079.0,B01001,all_persons,acs5_api,2022,puma,external_condition_v1_agesex
26,3005,2603005,AGEP_SEX_cross,"[65.0, 75.0)__2",8212.0,B01001,all_persons,acs5_api,2022,puma,external_condition_v1_agesex
26,3005,2603005,AGEP_SEX_cross,"[75.0, 85.0)__1",2391.0,B01001,all_persons,acs5_api,2022,puma,external_condition_v1_agesex
26,3005,2603005,AGEP_SEX_cross,"[75.0, 85.0)__2",3726.0,B01001,all_persons,acs5_api,2022,puma,external_condition_v1_agesex
26,3005,2603005,AGEP_SEX_cross,"[85.0, 1000.0)__1",1062.0,B01001,all_persons,acs5_api,2022,puma,external_condition_v1_agesex
26,3005,2603005,AGEP_SEX_cross,"[85.0, 1000.0)__2",2601.0,B01001,all_persons,acs5_api,2022,puma,external_condition_v1_agesex
26,3005,2603005,SCHL_allpop,not_25p,38032.0,B15003,all_persons,acs5_api,2022,puma,external_condition_v1_agesex
26,3005,2603005,SCHL_allpop,less_than_high_school,9061.0,B15003,all_persons,acs5_api,2022,puma,external_condition_v1_agesex
26,3005,2603005,SCHL_allpop,high_school_or_ged,32793.0,B15003,all_persons,acs5_api,2022,puma,external_condition_v1_agesex
26,3005,2603005,SCHL_allpop,some_college_or_assoc,39118.0,B15003,all_persons,acs5_api,2022,puma,external_condition_v1_agesex
26,3005,2603005,SCHL_allpop,bachelor_plus,21284.0,B15003,all_persons,acs5_api,2022,puma,external_condition_v1_agesex
26,3005,2603005,ESR_allpop,not_16p,24293.0,B23025,all_persons,acs5_api,2022,puma,external_condition_v1_agesex
26,3005,2603005,ESR_allpop,employed,68334.0,B23025,all_persons,acs5_api,2022,puma,external_condition_v1_agesex
26,3005,2603005,ESR_allpop,unemployed,5501.0,B23025,all_persons,acs5_api,2022,puma,external_condition_v1_agesex
26,3005,2603005,ESR_allpop,armed_forces,95.0,B23025,all_persons,acs5_api,2022,puma,external_condition_v1_agesex
26,3005,2603005,ESR_allpop,not_in_labor_force,42065.0,B23025,all_persons,acs5_api,2022,puma,external_condition_v1_agesex
26,3005,2603005,EARN_16p_bin,not_in_earnings_universe,64184.0,B20001+B01001,all_persons,acs5_api,2022,puma,external_condition_earn_v1
26,3005,2603005,EARN_16p_bin,lt_25k,23753.0,B20001,all_persons,acs5_api,2022,puma,external_condition_earn_v1
26,3005,2603005,EARN_16p_bin,25k_50k,22763.0,B20001,all_persons,acs5_api,2022,puma,external_condition_earn_v1
26,3005,2603005,EARN_16p_bin,50k_75k,15258.0,B20001,all_persons,acs5_api,2022,puma,external_condition_earn_v1
26,3005,2603005,EARN_16p_bin,75k_100k,8109.0,B20001,all_persons,acs5_api,2022,puma,external_condition_earn_v1
26,3005,2603005,EARN_16p_bin,ge_100k,6221.0,B20001,all_persons,acs5_api,2022,puma,external_condition_earn_v1
26,3006,2603006,AGEP_SEX_cross,"[0.0, 5.0)__1",4629.0,B01001,all_persons,acs5_api,2022,puma,external_condition_v1_agesex
26,3006,2603006,AGEP_SEX_cross,"[0.0, 5.0)__2",4046.0,B01001,all_persons,acs5_api,2022,puma,external_condition_v1_agesex
26,3006,2603006,AGEP_SEX_cross,"[5.0, 18.0)__1",11709.0,B01001,all_persons,acs5_api,2022,puma,external_condition_v1_agesex
26,3006,2603006,AGEP_SEX_cross,"[5.0, 18.0)__2",10869.0,B01001,all_persons,acs5_api,2022,puma,external_condition_v1_agesex
26,3006,2603006,AGEP_SEX_cross,"[18.0, 25.0)__1",5854.0,B01001,all_persons,acs5_api,2022,puma,external_condition_v1_agesex
26,3006,2603006,AGEP_SEX_cross,"[18.0, 25.0)__2",5891.0,B01001,all_persons,acs5_api,2022,puma,external_condition_v1_agesex
26,3006,2603006,AGEP_SEX_cross,"[25.0, 35.0)__1",11233.0,B01001,all_persons,acs5_api,2022,puma,external_condition_v1_agesex
26,3006,2603006,AGEP_SEX_cross,"[25.0, 35.0)__2",12132.0,B01001,all_persons,acs5_api,2022,puma,external_condition_v1_agesex
26,3006,2603006,AGEP_SEX_cross,"[35.0, 45.0)__1",9797.0,B01001,all_persons,acs5_api,2022,puma,external_condition_v1_agesex
26,3006,2603006,AGEP_SEX_cross,"[35.0, 45.0)__2",8639.0,B01001,all_persons,acs5_api,2022,puma,external_condition_v1_agesex
26,3006,2603006,AGEP_SEX_cross,"[45.0, 55.0)__1",8524.0,B01001,all_persons,acs5_api,2022,puma,external_condition_v1_agesex
26,3006,2603006,AGEP_SEX_cross,"[45.0, 55.0)__2",9647.0,B01001,all_persons,acs5_api,2022,puma,external_condition_v1_agesex
26,3006,2603006,AGEP_SEX_cross,"[55.0, 65.0)__1",10397.0,B01001,all_persons,acs5_api,2022,puma,external_condition_v1_agesex
26,3006,2603006,AGEP_SEX_cross,"[55.0, 65.0)__2",9939.0,B01001,all_persons,acs5_api,2022,puma,external_condition_v1_agesex
26,3006,2603006,AGEP_SEX_cross,"[65.0, 75.0)__1",6314.0,B01001,all_persons,acs5_api,2022,puma,external_condition_v1_agesex
26,3006,2603006,AGEP_SEX_cross,"[65.0, 75.0)__2",7107.0,B01001,all_persons,acs5_api,2022,puma,external_condition_v1_agesex
26,3006,2603006,AGEP_SEX_cross,"[75.0, 85.0)__1",2630.0,B01001,all_persons,acs5_api,2022,puma,external_condition_v1_agesex
26,3006,2603006,AGEP_SEX_cross,"[75.0, 85.0)__2",4275.0,B01001,all_persons,acs5_api,2022,puma,external_condition_v1_agesex
26,3006,2603006,AGEP_SEX_cross,"[85.0, 1000.0)__1",1261.0,B01001,all_persons,acs5_api,2022,puma,external_condition_v1_agesex
26,3006,2603006,AGEP_SEX_cross,"[85.0, 1000.0)__2",2188.0,B01001,all_persons,acs5_api,2022,puma,external_condition_v1_agesex
26,3006,2603006,SCHL_allpop,not_25p,42998.0,B15003,all_persons,acs5_api,2022,puma,external_condition_v1_agesex
26,3006,2603006,SCHL_allpop,less_than_high_school,14283.0,B15003,all_persons,acs5_api,2022,puma,external_condition_v1_agesex
26,3006,2603006,SCHL_allpop,high_school_or_ged,33825.0,B15003,all_persons,acs5_api,2022,puma,external_condition_v1_agesex
26,3006,2603006,SCHL_allpop,some_college_or_assoc,35374.0,B15003,all_persons,acs5_api,2022,puma,external_condition_v1_agesex
26,3006,2603006,SCHL_allpop,bachelor_plus,20601.0,B15003,all_persons,acs5_api,2022,puma,external_condition_v1_agesex
26,3006,2603006,ESR_allpop,not_16p,27687.0,B23025,all_persons,acs5_api,2022,puma,external_condition_v1_agesex
26,3006,2603006,ESR_allpop,employed,70586.0,B23025,all_persons,acs5_api,2022,puma,external_condition_v1_agesex
26,3006,2603006,ESR_allpop,unemployed,5620.0,B23025,all_persons,acs5_api,2022,puma,external_condition_v1_agesex
26,3006,2603006,ESR_allpop,armed_forces,52.0,B23025,all_persons,acs5_api,2022,puma,external_condition_v1_agesex
26,3006,2603006,ESR_allpop,not_in_labor_force,43136.0,B23025,all_persons,acs5_api,2022,puma,external_condition_v1_agesex
26,3006,2603006,EARN_16p_bin,not_in_earnings_universe,69632.0,B20001+B01001,all_persons,acs5_api,2022,puma,external_condition_earn_v1
26,3006,2603006,EARN_16p_bin,lt_25k,27083.0,B20001,all_persons,acs5_api,2022,puma,external_condition_earn_v1
26,3006,2603006,EARN_16p_bin,25k_50k,22640.0,B20001,all_persons,acs5_api,2022,puma,external_condition_earn_v1
26,3006,2603006,EARN_16p_bin,50k_75k,14663.0,B20001,all_persons,acs5_api,2022,puma,external_condition_earn_v1
26,3006,2603006,EARN_16p_bin,75k_100k,7208.0,B20001,all_persons,acs5_api,2022,puma,external_condition_earn_v1
26,3006,2603006,EARN_16p_bin,ge_100k,5855.0,B20001,all_persons,acs5_api,2022,puma,external_condition_earn_v1
26,3100,2603100,AGEP_SEX_cross,"[0.0, 5.0)__1",4030.0,B01001,all_persons,acs5_api,2022,puma,external_condition_v1_agesex
26,3100,2603100,AGEP_SEX_cross,"[0.0, 5.0)__2",3855.0,B01001,all_persons,acs5_api,2022,puma,external_condition_v1_agesex
26,3100,2603100,AGEP_SEX_cross,"[5.0, 18.0)__1",12948.0,B01001,all_persons,acs5_api,2022,puma,external_condition_v1_agesex
26,3100,2603100,AGEP_SEX_cross,"[5.0, 18.0)__2",12072.0,B01001,all_persons,acs5_api,2022,puma,external_condition_v1_agesex
26,3100,2603100,AGEP_SEX_cross,"[18.0, 25.0)__1",6746.0,B01001,all_persons,acs5_api,2022,puma,external_condition_v1_agesex
26,3100,2603100,AGEP_SEX_cross,"[18.0, 25.0)__2",6006.0,B01001,all_persons,acs5_api,2022,puma,external_condition_v1_agesex
26,3100,2603100,AGEP_SEX_cross,"[25.0, 35.0)__1",9223.0,B01001,all_persons,acs5_api,2022,puma,external_condition_v1_agesex
26,3100,2603100,AGEP_SEX_cross,"[25.0, 35.0)__2",8645.0,B01001,all_persons,acs5_api,2022,puma,external_condition_v1_agesex
26,3100,2603100,AGEP_SEX_cross,"[35.0, 45.0)__1",9019.0,B01001,all_persons,acs5_api,2022,puma,external_condition_v1_agesex
26,3100,2603100,AGEP_SEX_cross,"[35.0, 45.0)__2",9250.0,B01001,all_persons,acs5_api,2022,puma,external_condition_v1_agesex
26,3100,2603100,AGEP_SEX_cross,"[45.0, 55.0)__1",11067.0,B01001,all_persons,acs5_api,2022,puma,external_condition_v1_agesex
26,3100,2603100,AGEP_SEX_cross,"[45.0, 55.0)__2",10729.0,B01001,all_persons,acs5_api,2022,puma,external_condition_v1_agesex
26,3100,2603100,AGEP_SEX_cross,"[55.0, 65.0)__1",12841.0,B01001,all_persons,acs5_api,2022,puma,external_condition_v1_agesex
26,3100,2603100,AGEP_SEX_cross,"[55.0, 65.0)__2",12807.0,B01001,all_persons,acs5_api,2022,puma,external_condition_v1_agesex
26,3100,2603100,AGEP_SEX_cross,"[65.0, 75.0)__1",9291.0,B01001,all_persons,acs5_api,2022,puma,external_condition_v1_agesex
26,3100,2603100,AGEP_SEX_cross,"[65.0, 75.0)__2",9585.0,B01001,all_persons,acs5_api,2022,puma,external_condition_v1_agesex
26,3100,2603100,AGEP_SEX_cross,"[75.0, 85.0)__1",3825.0,B01001,all_persons,acs5_api,2022,puma,external_condition_v1_agesex
26,3100,2603100,AGEP_SEX_cross,"[75.0, 85.0)__2",4987.0,B01001,all_persons,acs5_api,2022,puma,external_condition_v1_agesex
26,3100,2603100,AGEP_SEX_cross,"[85.0, 1000.0)__1",1283.0,B01001,all_persons,acs5_api,2022,puma,external_condition_v1_agesex
26,3100,2603100,AGEP_SEX_cross,"[85.0, 1000.0)__2",2048.0,B01001,all_persons,acs5_api,2022,puma,external_condition_v1_agesex
26,3100,2603100,SCHL_allpop,not_25p,45657.0,B15003,all_persons,acs5_api,2022,puma,external_condition_v1_agesex
26,3100,2603100,SCHL_allpop,less_than_high_school,9258.0,B15003,all_persons,acs5_api,2022,puma,external_condition_v1_agesex
26,3100,2603100,SCHL_allpop,high_school_or_ged,38260.0,B15003,all_persons,acs5_api,2022,puma,external_condition_v1_agesex
26,3100,2603100,SCHL_allpop,some_college_or_assoc,44282.0,B15003,all_persons,acs5_api,2022,puma,external_condition_v1_agesex
26,3100,2603100,SCHL_allpop,bachelor_plus,22800.0,B15003,all_persons,acs5_api,2022,puma,external_condition_v1_agesex
26,3100,2603100,ESR_allpop,not_16p,28287.0,B23025,all_persons,acs5_api,2022,puma,external_condition_v1_agesex
26,3100,2603100,ESR_allpop,employed,73964.0,B23025,all_persons,acs5_api,2022,puma,external_condition_v1_agesex
26,3100,2603100,ESR_allpop,unemployed,5323.0,B23025,all_persons,acs5_api,2022,puma,external_condition_v1_agesex
26,3100,2603100,ESR_allpop,armed_forces,95.0,B23025,all_persons,acs5_api,2022,puma,external_condition_v1_agesex
26,3100,2603100,ESR_allpop,not_in_labor_force,52588.0,B23025,all_persons,acs5_api,2022,puma,external_condition_v1_agesex
26,3100,2603100,EARN_16p_bin,not_in_earnings_universe,78020.0,B20001+B01001,all_persons,acs5_api,2022,puma,external_condition_earn_v1
26,3100,2603100,EARN_16p_bin,lt_25k,28289.0,B20001,all_persons,acs5_api,2022,puma,external_condition_earn_v1
26,3100,2603100,EARN_16p_bin,25k_50k,22715.0,B20001,all_persons,acs5_api,2022,puma,external_condition_earn_v1
26,3100,2603100,EARN_16p_bin,50k_75k,13710.0,B20001,all_persons,acs5_api,2022,puma,external_condition_earn_v1
26,3100,2603100,EARN_16p_bin,75k_100k,8302.0,B20001,all_persons,acs5_api,2022,puma,external_condition_earn_v1
26,3100,2603100,EARN_16p_bin,ge_100k,9221.0,B20001,all_persons,acs5_api,2022,puma,external_condition_earn_v1
26,3201,2603201,AGEP_SEX_cross,"[0.0, 5.0)__1",5951.0,B01001,all_persons,acs5_api,2022,puma,external_condition_v1_agesex
26,3201,2603201,AGEP_SEX_cross,"[0.0, 5.0)__2",5298.0,B01001,all_persons,acs5_api,2022,puma,external_condition_v1_agesex
26,3201,2603201,AGEP_SEX_cross,"[5.0, 18.0)__1",16175.0,B01001,all_persons,acs5_api,2022,puma,external_condition_v1_agesex
26,3201,2603201,AGEP_SEX_cross,"[5.0, 18.0)__2",16238.0,B01001,all_persons,acs5_api,2022,puma,external_condition_v1_agesex
26,3201,2603201,AGEP_SEX_cross,"[18.0, 25.0)__1",6935.0,B01001,all_persons,acs5_api,2022,puma,external_condition_v1_agesex
26,3201,2603201,AGEP_SEX_cross,"[18.0, 25.0)__2",7542.0,B01001,all_persons,acs5_api,2022,puma,external_condition_v1_agesex
26,3201,2603201,AGEP_SEX_cross,"[25.0, 35.0)__1",13390.0,B01001,all_persons,acs5_api,2022,puma,external_condition_v1_agesex
26,3201,2603201,AGEP_SEX_cross,"[25.0, 35.0)__2",12337.0,B01001,all_persons,acs5_api,2022,puma,external_condition_v1_agesex
26,3201,2603201,AGEP_SEX_cross,"[35.0, 45.0)__1",12769.0,B01001,all_persons,acs5_api,2022,puma,external_condition_v1_agesex
26,3201,2603201,AGEP_SEX_cross,"[35.0, 45.0)__2",12595.0,B01001,all_persons,acs5_api,2022,puma,external_condition_v1_agesex
26,3201,2603201,AGEP_SEX_cross,"[45.0, 55.0)__1",13657.0,B01001,all_persons,acs5_api,2022,puma,external_condition_v1_agesex
26,3201,2603201,AGEP_SEX_cross,"[45.0, 55.0)__2",15493.0,B01001,all_persons,acs5_api,2022,puma,external_condition_v1_agesex
26,3201,2603201,AGEP_SEX_cross,"[55.0, 65.0)__1",14931.0,B01001,all_persons,acs5_api,2022,puma,external_condition_v1_agesex
26,3201,2603201,AGEP_SEX_cross,"[55.0, 65.0)__2",15299.0,B01001,all_persons,acs5_api,2022,puma,external_condition_v1_agesex
26,3201,2603201,AGEP_SEX_cross,"[65.0, 75.0)__1",10030.0,B01001,all_persons,acs5_api,2022,puma,external_condition_v1_agesex
26,3201,2603201,AGEP_SEX_cross,"[65.0, 75.0)__2",11319.0,B01001,all_persons,acs5_api,2022,puma,external_condition_v1_agesex
26,3201,2603201,AGEP_SEX_cross,"[75.0, 85.0)__1",4706.0,B01001,all_persons,acs5_api,2022,puma,external_condition_v1_agesex
26,3201,2603201,AGEP_SEX_cross,"[75.0, 85.0)__2",5389.0,B01001,all_persons,acs5_api,2022,puma,external_condition_v1_agesex
26,3201,2603201,AGEP_SEX_cross,"[85.0, 1000.0)__1",1295.0,B01001,all_persons,acs5_api,2022,puma,external_condition_v1_agesex
26,3201,2603201,AGEP_SEX_cross,"[85.0, 1000.0)__2",2385.0,B01001,all_persons,acs5_api,2022,puma,external_condition_v1_agesex
26,3201,2603201,SCHL_allpop,not_25p,58139.0,B15003,all_persons,acs5_api,2022,puma,external_condition_v1_agesex
26,3201,2603201,SCHL_allpop,less_than_high_school,6810.0,B15003,all_persons,acs5_api,2022,puma,external_condition_v1_agesex
26,3201,2603201,SCHL_allpop,high_school_or_ged,23047.0,B15003,all_persons,acs5_api,2022,puma,external_condition_v1_agesex
26,3201,2603201,SCHL_allpop,some_college_or_assoc,37802.0,B15003,all_persons,acs5_api,2022,puma,external_condition_v1_agesex
26,3201,2603201,SCHL_allpop,bachelor_plus,77936.0,B15003,all_persons,acs5_api,2022,puma,external_condition_v1_agesex
26,3201,2603201,ESR_allpop,not_16p,38107.0,B23025,all_persons,acs5_api,2022,puma,external_condition_v1_agesex
26,3201,2603201,ESR_allpop,employed,105219.0,B23025,all_persons,acs5_api,2022,puma,external_condition_v1_agesex
26,3201,2603201,ESR_allpop,unemployed,5108.0,B23025,all_persons,acs5_api,2022,puma,external_condition_v1_agesex
26,3201,2603201,ESR_allpop,armed_forces,9.0,B23025,all_persons,acs5_api,2022,puma,external_condition_v1_agesex
26,3201,2603201,ESR_allpop,not_in_labor_force,55291.0,B23025,all_persons,acs5_api,2022,puma,external_condition_v1_agesex
26,3201,2603201,EARN_16p_bin,not_in_earnings_universe,89075.0,B20001+B01001,all_persons,acs5_api,2022,puma,external_condition_earn_v1
26,3201,2603201,EARN_16p_bin,lt_25k,29756.0,B20001,all_persons,acs5_api,2022,puma,external_condition_earn_v1
26,3201,2603201,EARN_16p_bin,25k_50k,22035.0,B20001,all_persons,acs5_api,2022,puma,external_condition_earn_v1
26,3201,2603201,EARN_16p_bin,50k_75k,17643.0,B20001,all_persons,acs5_api,2022,puma,external_condition_earn_v1
26,3201,2603201,EARN_16p_bin,75k_100k,13920.0,B20001,all_persons,acs5_api,2022,puma,external_condition_earn_v1
26,3201,2603201,EARN_16p_bin,ge_100k,31305.0,B20001,all_persons,acs5_api,2022,puma,external_condition_earn_v1
26,3202,2603202,AGEP_SEX_cross,"[0.0, 5.0)__1",3634.0,B01001,all_persons,acs5_api,2022,puma,external_condition_v1_agesex
26,3202,2603202,AGEP_SEX_cross,"[0.0, 5.0)__2",3602.0,B01001,all_persons,acs5_api,2022,puma,external_condition_v1_agesex
26,3202,2603202,AGEP_SEX_cross,"[5.0, 18.0)__1",11590.0,B01001,all_persons,acs5_api,2022,puma,external_condition_v1_agesex
26,3202,2603202,AGEP_SEX_cross,"[5.0, 18.0)__2",10207.0,B01001,all_persons,acs5_api,2022,puma,external_condition_v1_agesex
26,3202,2603202,AGEP_SEX_cross,"[18.0, 25.0)__1",5250.0,B01001,all_persons,acs5_api,2022,puma,external_condition_v1_agesex
26,3202,2603202,AGEP_SEX_cross,"[18.0, 25.0)__2",5537.0,B01001,all_persons,acs5_api,2022,puma,external_condition_v1_agesex
26,3202,2603202,AGEP_SEX_cross,"[25.0, 35.0)__1",10253.0,B01001,all_persons,acs5_api,2022,puma,external_condition_v1_agesex
26,3202,2603202,AGEP_SEX_cross,"[25.0, 35.0)__2",9755.0,B01001,all_persons,acs5_api,2022,puma,external_condition_v1_agesex
26,3202,2603202,AGEP_SEX_cross,"[35.0, 45.0)__1",8411.0,B01001,all_persons,acs5_api,2022,puma,external_condition_v1_agesex
26,3202,2603202,AGEP_SEX_cross,"[35.0, 45.0)__2",8121.0,B01001,all_persons,acs5_api,2022,puma,external_condition_v1_agesex
26,3202,2603202,AGEP_SEX_cross,"[45.0, 55.0)__1",9371.0,B01001,all_persons,acs5_api,2022,puma,external_condition_v1_agesex
26,3202,2603202,AGEP_SEX_cross,"[45.0, 55.0)__2",9840.0,B01001,all_persons,acs5_api,2022,puma,external_condition_v1_agesex
26,3202,2603202,AGEP_SEX_cross,"[55.0, 65.0)__1",10619.0,B01001,all_persons,acs5_api,2022,puma,external_condition_v1_agesex
26,3202,2603202,AGEP_SEX_cross,"[55.0, 65.0)__2",11119.0,B01001,all_persons,acs5_api,2022,puma,external_condition_v1_agesex
26,3202,2603202,AGEP_SEX_cross,"[65.0, 75.0)__1",7415.0,B01001,all_persons,acs5_api,2022,puma,external_condition_v1_agesex
26,3202,2603202,AGEP_SEX_cross,"[65.0, 75.0)__2",8145.0,B01001,all_persons,acs5_api,2022,puma,external_condition_v1_agesex
26,3202,2603202,AGEP_SEX_cross,"[75.0, 85.0)__1",3136.0,B01001,all_persons,acs5_api,2022,puma,external_condition_v1_agesex
26,3202,2603202,AGEP_SEX_cross,"[75.0, 85.0)__2",4362.0,B01001,all_persons,acs5_api,2022,puma,external_condition_v1_agesex
26,3202,2603202,AGEP_SEX_cross,"[85.0, 1000.0)__1",1584.0,B01001,all_persons,acs5_api,2022,puma,external_condition_v1_agesex
26,3202,2603202,AGEP_SEX_cross,"[85.0, 1000.0)__2",2028.0,B01001,all_persons,acs5_api,2022,puma,external_condition_v1_agesex
26,3202,2603202,SCHL_allpop,not_25p,39820.0,B15003,all_persons,acs5_api,2022,puma,external_condition_v1_agesex
26,3202,2603202,SCHL_allpop,less_than_high_school,6053.0,B15003,all_persons,acs5_api,2022,puma,external_condition_v1_agesex
26,3202,2603202,SCHL_allpop,high_school_or_ged,26280.0,B15003,all_persons,acs5_api,2022,puma,external_condition_v1_agesex
26,3202,2603202,SCHL_allpop,some_college_or_assoc,36551.0,B15003,all_persons,acs5_api,2022,puma,external_condition_v1_agesex
26,3202,2603202,SCHL_allpop,bachelor_plus,35275.0,B15003,all_persons,acs5_api,2022,puma,external_condition_v1_agesex
26,3202,2603202,ESR_allpop,not_16p,25282.0,B23025,all_persons,acs5_api,2022,puma,external_condition_v1_agesex
26,3202,2603202,ESR_allpop,employed,72205.0,B23025,all_persons,acs5_api,2022,puma,external_condition_v1_agesex
26,3202,2603202,ESR_allpop,unemployed,4279.0,B23025,all_persons,acs5_api,2022,puma,external_condition_v1_agesex
26,3202,2603202,ESR_allpop,armed_forces,14.0,B23025,all_persons,acs5_api,2022,puma,external_condition_v1_agesex
26,3202,2603202,ESR_allpop,not_in_labor_force,42199.0,B23025,all_persons,acs5_api,2022,puma,external_condition_v1_agesex
26,3202,2603202,EARN_16p_bin,not_in_earnings_universe,64656.0,B20001+B01001,all_persons,acs5_api,2022,puma,external_condition_earn_v1
26,3202,2603202,EARN_16p_bin,lt_25k,22396.0,B20001,all_persons,acs5_api,2022,puma,external_condition_earn_v1
26,3202,2603202,EARN_16p_bin,25k_50k,20040.0,B20001,all_persons,acs5_api,2022,puma,external_condition_earn_v1
26,3202,2603202,EARN_16p_bin,50k_75k,15302.0,B20001,all_persons,acs5_api,2022,puma,external_condition_earn_v1
26,3202,2603202,EARN_16p_bin,75k_100k,10306.0,B20001,all_persons,acs5_api,2022,puma,external_condition_earn_v1
26,3202,2603202,EARN_16p_bin,ge_100k,11279.0,B20001,all_persons,acs5_api,2022,puma,external_condition_earn_v1
26,3203,2603203,AGEP_SEX_cross,"[0.0, 5.0)__1",5497.0,B01001,all_persons,acs5_api,2022,puma,external_condition_v1_agesex
26,3203,2603203,AGEP_SEX_cross,"[0.0, 5.0)__2",5956.0,B01001,all_persons,acs5_api,2022,puma,external_condition_v1_agesex
26,3203,2603203,AGEP_SEX_cross,"[5.0, 18.0)__1",18159.0,B01001,all_persons,acs5_api,2022,puma,external_condition_v1_agesex
26,3203,2603203,AGEP_SEX_cross,"[5.0, 18.0)__2",17027.0,B01001,all_persons,acs5_api,2022,puma,external_condition_v1_agesex
26,3203,2603203,AGEP_SEX_cross,"[18.0, 25.0)__1",8672.0,B01001,all_persons,acs5_api,2022,puma,external_condition_v1_agesex
26,3203,2603203,AGEP_SEX_cross,"[18.0, 25.0)__2",7901.0,B01001,all_persons,acs5_api,2022,puma,external_condition_v1_agesex
26,3203,2603203,AGEP_SEX_cross,"[25.0, 35.0)__1",12886.0,B01001,all_persons,acs5_api,2022,puma,external_condition_v1_agesex
26,3203,2603203,AGEP_SEX_cross,"[25.0, 35.0)__2",12290.0,B01001,all_persons,acs5_api,2022,puma,external_condition_v1_agesex
26,3203,2603203,AGEP_SEX_cross,"[35.0, 45.0)__1",8976.0,B01001,all_persons,acs5_api,2022,puma,external_condition_v1_agesex
26,3203,2603203,AGEP_SEX_cross,"[35.0, 45.0)__2",10554.0,B01001,all_persons,acs5_api,2022,puma,external_condition_v1_agesex
26,3203,2603203,AGEP_SEX_cross,"[45.0, 55.0)__1",10414.0,B01001,all_persons,acs5_api,2022,puma,external_condition_v1_agesex
26,3203,2603203,AGEP_SEX_cross,"[45.0, 55.0)__2",9400.0,B01001,all_persons,acs5_api,2022,puma,external_condition_v1_agesex
26,3203,2603203,AGEP_SEX_cross,"[55.0, 65.0)__1",9567.0,B01001,all_persons,acs5_api,2022,puma,external_condition_v1_agesex
26,3203,2603203,AGEP_SEX_cross,"[55.0, 65.0)__2",9814.0,B01001,all_persons,acs5_api,2022,puma,external_condition_v1_agesex
26,3203,2603203,AGEP_SEX_cross,"[65.0, 75.0)__1",6683.0,B01001,all_persons,acs5_api,2022,puma,external_condition_v1_agesex
26,3203,2603203,AGEP_SEX_cross,"[65.0, 75.0)__2",7353.0,B01001,all_persons,acs5_api,2022,puma,external_condition_v1_agesex
26,3203,2603203,AGEP_SEX_cross,"[75.0, 85.0)__1",2803.0,B01001,all_persons,acs5_api,2022,puma,external_condition_v1_agesex
26,3203,2603203,AGEP_SEX_cross,"[75.0, 85.0)__2",3693.0,B01001,all_persons,acs5_api,2022,puma,external_condition_v1_agesex
26,3203,2603203,AGEP_SEX_cross,"[85.0, 1000.0)__1",1005.0,B01001,all_persons,acs5_api,2022,puma,external_condition_v1_agesex
26,3203,2603203,AGEP_SEX_cross,"[85.0, 1000.0)__2",2238.0,B01001,all_persons,acs5_api,2022,puma,external_condition_v1_agesex
26,3203,2603203,SCHL_allpop,not_25p,63212.0,B15003,all_persons,acs5_api,2022,puma,external_condition_v1_agesex
26,3203,2603203,SCHL_allpop,less_than_high_school,14813.0,B15003,all_persons,acs5_api,2022,puma,external_condition_v1_agesex
26,3203,2603203,SCHL_allpop,high_school_or_ged,28234.0,B15003,all_persons,acs5_api,2022,puma,external_condition_v1_agesex
26,3203,2603203,SCHL_allpop,some_college_or_assoc,31411.0,B15003,all_persons,acs5_api,2022,puma,external_condition_v1_agesex
26,3203,2603203,SCHL_allpop,bachelor_plus,33218.0,B15003,all_persons,acs5_api,2022,puma,external_condition_v1_agesex
26,3203,2603203,ESR_allpop,not_16p,40539.0,B23025,all_persons,acs5_api,2022,puma,external_condition_v1_agesex
26,3203,2603203,ESR_allpop,employed,68125.0,B23025,all_persons,acs5_api,2022,puma,external_condition_v1_agesex
26,3203,2603203,ESR_allpop,unemployed,5396.0,B23025,all_persons,acs5_api,2022,puma,external_condition_v1_agesex
26,3203,2603203,ESR_allpop,armed_forces,15.0,B23025,all_persons,acs5_api,2022,puma,external_condition_v1_agesex
26,3203,2603203,ESR_allpop,not_in_labor_force,56813.0,B23025,all_persons,acs5_api,2022,puma,external_condition_v1_agesex
26,3203,2603203,EARN_16p_bin,not_in_earnings_universe,94898.0,B20001+B01001,all_persons,acs5_api,2022,puma,external_condition_earn_v1
26,3203,2603203,EARN_16p_bin,lt_25k,29136.0,B20001,all_persons,acs5_api,2022,puma,external_condition_earn_v1
26,3203,2603203,EARN_16p_bin,25k_50k,18245.0,B20001,all_persons,acs5_api,2022,puma,external_condition_earn_v1
26,3203,2603203,EARN_16p_bin,50k_75k,13106.0,B20001,all_persons,acs5_api,2022,puma,external_condition_earn_v1
26,3203,2603203,EARN_16p_bin,75k_100k,7431.0,B20001,all_persons,acs5_api,2022,puma,external_condition_earn_v1
26,3203,2603203,EARN_16p_bin,ge_100k,8072.0,B20001,all_persons,acs5_api,2022,puma,external_condition_earn_v1
26,3204,2603204,AGEP_SEX_cross,"[0.0, 5.0)__1",5494.0,B01001,all_persons,acs5_api,2022,puma,external_condition_v1_agesex
26,3204,2603204,AGEP_SEX_cross,"[0.0, 5.0)__2",5077.0,B01001,all_persons,acs5_api,2022,puma,external_condition_v1_agesex
26,3204,2603204,AGEP_SEX_cross,"[5.0, 18.0)__1",12526.0,B01001,all_persons,acs5_api,2022,puma,external_condition_v1_agesex
26,3204,2603204,AGEP_SEX_cross,"[5.0, 18.0)__2",11908.0,B01001,all_persons,acs5_api,2022,puma,external_condition_v1_agesex
26,3204,2603204,AGEP_SEX_cross,"[18.0, 25.0)__1",6341.0,B01001,all_persons,acs5_api,2022,puma,external_condition_v1_agesex
26,3204,2603204,AGEP_SEX_cross,"[18.0, 25.0)__2",6166.0,B01001,all_persons,acs5_api,2022,puma,external_condition_v1_agesex
26,3204,2603204,AGEP_SEX_cross,"[25.0, 35.0)__1",12116.0,B01001,all_persons,acs5_api,2022,puma,external_condition_v1_agesex
26,3204,2603204,AGEP_SEX_cross,"[25.0, 35.0)__2",11835.0,B01001,all_persons,acs5_api,2022,puma,external_condition_v1_agesex
26,3204,2603204,AGEP_SEX_cross,"[35.0, 45.0)__1",9267.0,B01001,all_persons,acs5_api,2022,puma,external_condition_v1_agesex
26,3204,2603204,AGEP_SEX_cross,"[35.0, 45.0)__2",10015.0,B01001,all_persons,acs5_api,2022,puma,external_condition_v1_agesex
26,3204,2603204,AGEP_SEX_cross,"[45.0, 55.0)__1",9838.0,B01001,all_persons,acs5_api,2022,puma,external_condition_v1_agesex
26,3204,2603204,AGEP_SEX_cross,"[45.0, 55.0)__2",10466.0,B01001,all_persons,acs5_api,2022,puma,external_condition_v1_agesex
26,3204,2603204,AGEP_SEX_cross,"[55.0, 65.0)__1",9403.0,B01001,all_persons,acs5_api,2022,puma,external_condition_v1_agesex
26,3204,2603204,AGEP_SEX_cross,"[55.0, 65.0)__2",11230.0,B01001,all_persons,acs5_api,2022,puma,external_condition_v1_agesex
26,3204,2603204,AGEP_SEX_cross,"[65.0, 75.0)__1",6259.0,B01001,all_persons,acs5_api,2022,puma,external_condition_v1_agesex
26,3204,2603204,AGEP_SEX_cross,"[65.0, 75.0)__2",8358.0,B01001,all_persons,acs5_api,2022,puma,external_condition_v1_agesex
26,3204,2603204,AGEP_SEX_cross,"[75.0, 85.0)__1",2426.0,B01001,all_persons,acs5_api,2022,puma,external_condition_v1_agesex
26,3204,2603204,AGEP_SEX_cross,"[75.0, 85.0)__2",4010.0,B01001,all_persons,acs5_api,2022,puma,external_condition_v1_agesex
26,3204,2603204,AGEP_SEX_cross,"[85.0, 1000.0)__1",822.0,B01001,all_persons,acs5_api,2022,puma,external_condition_v1_agesex
26,3204,2603204,AGEP_SEX_cross,"[85.0, 1000.0)__2",1859.0,B01001,all_persons,acs5_api,2022,puma,external_condition_v1_agesex
26,3204,2603204,SCHL_allpop,not_25p,47512.0,B15003,all_persons,acs5_api,2022,puma,external_condition_v1_agesex
26,3204,2603204,SCHL_allpop,less_than_high_school,11766.0,B15003,all_persons,acs5_api,2022,puma,external_condition_v1_agesex
26,3204,2603204,SCHL_allpop,high_school_or_ged,36893.0,B15003,all_persons,acs5_api,2022,puma,external_condition_v1_agesex
26,3204,2603204,SCHL_allpop,some_college_or_assoc,39352.0,B15003,all_persons,acs5_api,2022,puma,external_condition_v1_agesex
26,3204,2603204,SCHL_allpop,bachelor_plus,19893.0,B15003,all_persons,acs5_api,2022,puma,external_condition_v1_agesex
26,3204,2603204,ESR_allpop,not_16p,31830.0,B23025,all_persons,acs5_api,2022,puma,external_condition_v1_agesex
26,3204,2603204,ESR_allpop,employed,71952.0,B23025,all_persons,acs5_api,2022,puma,external_condition_v1_agesex
26,3204,2603204,ESR_allpop,unemployed,5446.0,B23025,all_persons,acs5_api,2022,puma,external_condition_v1_agesex
26,3204,2603204,ESR_allpop,armed_forces,53.0,B23025,all_persons,acs5_api,2022,puma,external_condition_v1_agesex
26,3204,2603204,ESR_allpop,not_in_labor_force,46135.0,B23025,all_persons,acs5_api,2022,puma,external_condition_v1_agesex
26,3204,2603204,EARN_16p_bin,not_in_earnings_universe,75971.0,B20001+B01001,all_persons,acs5_api,2022,puma,external_condition_earn_v1
26,3204,2603204,EARN_16p_bin,lt_25k,27655.0,B20001,all_persons,acs5_api,2022,puma,external_condition_earn_v1
26,3204,2603204,EARN_16p_bin,25k_50k,24264.0,B20001,all_persons,acs5_api,2022,puma,external_condition_earn_v1
26,3204,2603204,EARN_16p_bin,50k_75k,14578.0,B20001,all_persons,acs5_api,2022,puma,external_condition_earn_v1
26,3204,2603204,EARN_16p_bin,75k_100k,6984.0,B20001,all_persons,acs5_api,2022,puma,external_condition_earn_v1
26,3204,2603204,EARN_16p_bin,ge_100k,5964.0,B20001,all_persons,acs5_api,2022,puma,external_condition_earn_v1
26,3205,2603205,AGEP_SEX_cross,"[0.0, 5.0)__1",3491.0,B01001,all_persons,acs5_api,2022,puma,external_condition_v1_agesex
26,3205,2603205,AGEP_SEX_cross,"[0.0, 5.0)__2",3947.0,B01001,all_persons,acs5_api,2022,puma,external_condition_v1_agesex
26,3205,2603205,AGEP_SEX_cross,"[5.0, 18.0)__1",11268.0,B01001,all_persons,acs5_api,2022,puma,external_condition_v1_agesex
26,3205,2603205,AGEP_SEX_cross,"[5.0, 18.0)__2",8236.0,B01001,all_persons,acs5_api,2022,puma,external_condition_v1_agesex
26,3205,2603205,AGEP_SEX_cross,"[18.0, 25.0)__1",4960.0,B01001,all_persons,acs5_api,2022,puma,external_condition_v1_agesex
26,3205,2603205,AGEP_SEX_cross,"[18.0, 25.0)__2",5456.0,B01001,all_persons,acs5_api,2022,puma,external_condition_v1_agesex
26,3205,2603205,AGEP_SEX_cross,"[25.0, 35.0)__1",8325.0,B01001,all_persons,acs5_api,2022,puma,external_condition_v1_agesex
26,3205,2603205,AGEP_SEX_cross,"[25.0, 35.0)__2",7612.0,B01001,all_persons,acs5_api,2022,puma,external_condition_v1_agesex
26,3205,2603205,AGEP_SEX_cross,"[35.0, 45.0)__1",6255.0,B01001,all_persons,acs5_api,2022,puma,external_condition_v1_agesex
26,3205,2603205,AGEP_SEX_cross,"[35.0, 45.0)__2",6327.0,B01001,all_persons,acs5_api,2022,puma,external_condition_v1_agesex
26,3205,2603205,AGEP_SEX_cross,"[45.0, 55.0)__1",7696.0,B01001,all_persons,acs5_api,2022,puma,external_condition_v1_agesex
26,3205,2603205,AGEP_SEX_cross,"[45.0, 55.0)__2",7576.0,B01001,all_persons,acs5_api,2022,puma,external_condition_v1_agesex
26,3205,2603205,AGEP_SEX_cross,"[55.0, 65.0)__1",7746.0,B01001,all_persons,acs5_api,2022,puma,external_condition_v1_agesex
26,3205,2603205,AGEP_SEX_cross,"[55.0, 65.0)__2",7810.0,B01001,all_persons,acs5_api,2022,puma,external_condition_v1_agesex
26,3205,2603205,AGEP_SEX_cross,"[65.0, 75.0)__1",5168.0,B01001,all_persons,acs5_api,2022,puma,external_condition_v1_agesex
26,3205,2603205,AGEP_SEX_cross,"[65.0, 75.0)__2",5877.0,B01001,all_persons,acs5_api,2022,puma,external_condition_v1_agesex
26,3205,2603205,AGEP_SEX_cross,"[75.0, 85.0)__1",2028.0,B01001,all_persons,acs5_api,2022,puma,external_condition_v1_agesex
26,3205,2603205,AGEP_SEX_cross,"[75.0, 85.0)__2",2739.0,B01001,all_persons,acs5_api,2022,puma,external_condition_v1_agesex
26,3205,2603205,AGEP_SEX_cross,"[85.0, 1000.0)__1",716.0,B01001,all_persons,acs5_api,2022,puma,external_condition_v1_agesex
26,3205,2603205,AGEP_SEX_cross,"[85.0, 1000.0)__2",1252.0,B01001,all_persons,acs5_api,2022,puma,external_condition_v1_agesex
26,3205,2603205,SCHL_allpop,not_25p,37358.0,B15003,all_persons,acs5_api,2022,puma,external_condition_v1_agesex
26,3205,2603205,SCHL_allpop,less_than_high_school,9178.0,B15003,all_persons,acs5_api,2022,puma,external_condition_v1_agesex
26,3205,2603205,SCHL_allpop,high_school_or_ged,29648.0,B15003,all_persons,acs5_api,2022,puma,external_condition_v1_agesex
26,3205,2603205,SCHL_allpop,some_college_or_assoc,25208.0,B15003,all_persons,acs5_api,2022,puma,external_condition_v1_agesex
26,3205,2603205,SCHL_allpop,bachelor_plus,13093.0,B15003,all_persons,acs5_api,2022,puma,external_condition_v1_agesex
26,3205,2603205,ESR_allpop,not_16p,23946.0,B23025,all_persons,acs5_api,2022,puma,external_condition_v1_agesex
26,3205,2603205,ESR_allpop,employed,52022.0,B23025,all_persons,acs5_api,2022,puma,external_condition_v1_agesex
26,3205,2603205,ESR_allpop,unemployed,4240.0,B23025,all_persons,acs5_api,2022,puma,external_condition_v1_agesex
26,3205,2603205,ESR_allpop,armed_forces,19.0,B23025,all_persons,acs5_api,2022,puma,external_condition_v1_agesex
26,3205,2603205,ESR_allpop,not_in_labor_force,34258.0,B23025,all_persons,acs5_api,2022,puma,external_condition_v1_agesex
26,3205,2603205,EARN_16p_bin,not_in_earnings_universe,56952.0,B20001+B01001,all_persons,acs5_api,2022,puma,external_condition_earn_v1
26,3205,2603205,EARN_16p_bin,lt_25k,18728.0,B20001,all_persons,acs5_api,2022,puma,external_condition_earn_v1
26,3205,2603205,EARN_16p_bin,25k_50k,17245.0,B20001,all_persons,acs5_api,2022,puma,external_condition_earn_v1
26,3205,2603205,EARN_16p_bin,50k_75k,10593.0,B20001,all_persons,acs5_api,2022,puma,external_condition_earn_v1
26,3205,2603205,EARN_16p_bin,75k_100k,6108.0,B20001,all_persons,acs5_api,2022,puma,external_condition_earn_v1
26,3205,2603205,EARN_16p_bin,ge_100k,4859.0,B20001,all_persons,acs5_api,2022,puma,external_condition_earn_v1
26,3206,2603206,AGEP_SEX_cross,"[0.0, 5.0)__1",4078.0,B01001,all_persons,acs5_api,2022,puma,external_condition_v1_agesex
26,3206,2603206,AGEP_SEX_cross,"[0.0, 5.0)__2",3408.0,B01001,all_persons,acs5_api,2022,puma,external_condition_v1_agesex
26,3206,2603206,AGEP_SEX_cross,"[5.0, 18.0)__1",10496.0,B01001,all_persons,acs5_api,2022,puma,external_condition_v1_agesex
26,3206,2603206,AGEP_SEX_cross,"[5.0, 18.0)__2",10928.0,B01001,all_persons,acs5_api,2022,puma,external_condition_v1_agesex
26,3206,2603206,AGEP_SEX_cross,"[18.0, 25.0)__1",5714.0,B01001,all_persons,acs5_api,2022,puma,external_condition_v1_agesex
26,3206,2603206,AGEP_SEX_cross,"[18.0, 25.0)__2",4277.0,B01001,all_persons,acs5_api,2022,puma,external_condition_v1_agesex
26,3206,2603206,AGEP_SEX_cross,"[25.0, 35.0)__1",8139.0,B01001,all_persons,acs5_api,2022,puma,external_condition_v1_agesex
26,3206,2603206,AGEP_SEX_cross,"[25.0, 35.0)__2",8313.0,B01001,all_persons,acs5_api,2022,puma,external_condition_v1_agesex
26,3206,2603206,AGEP_SEX_cross,"[35.0, 45.0)__1",7615.0,B01001,all_persons,acs5_api,2022,puma,external_condition_v1_agesex
26,3206,2603206,AGEP_SEX_cross,"[35.0, 45.0)__2",7999.0,B01001,all_persons,acs5_api,2022,puma,external_condition_v1_agesex
26,3206,2603206,AGEP_SEX_cross,"[45.0, 55.0)__1",8461.0,B01001,all_persons,acs5_api,2022,puma,external_condition_v1_agesex
26,3206,2603206,AGEP_SEX_cross,"[45.0, 55.0)__2",9300.0,B01001,all_persons,acs5_api,2022,puma,external_condition_v1_agesex
26,3206,2603206,AGEP_SEX_cross,"[55.0, 65.0)__1",9449.0,B01001,all_persons,acs5_api,2022,puma,external_condition_v1_agesex
26,3206,2603206,AGEP_SEX_cross,"[55.0, 65.0)__2",9490.0,B01001,all_persons,acs5_api,2022,puma,external_condition_v1_agesex
26,3206,2603206,AGEP_SEX_cross,"[65.0, 75.0)__1",7559.0,B01001,all_persons,acs5_api,2022,puma,external_condition_v1_agesex
26,3206,2603206,AGEP_SEX_cross,"[65.0, 75.0)__2",9345.0,B01001,all_persons,acs5_api,2022,puma,external_condition_v1_agesex
26,3206,2603206,AGEP_SEX_cross,"[75.0, 85.0)__1",3202.0,B01001,all_persons,acs5_api,2022,puma,external_condition_v1_agesex
26,3206,2603206,AGEP_SEX_cross,"[75.0, 85.0)__2",4822.0,B01001,all_persons,acs5_api,2022,puma,external_condition_v1_agesex
26,3206,2603206,AGEP_SEX_cross,"[85.0, 1000.0)__1",1087.0,B01001,all_persons,acs5_api,2022,puma,external_condition_v1_agesex
26,3206,2603206,AGEP_SEX_cross,"[85.0, 1000.0)__2",2279.0,B01001,all_persons,acs5_api,2022,puma,external_condition_v1_agesex
26,3206,2603206,SCHL_allpop,not_25p,38901.0,B15003,all_persons,acs5_api,2022,puma,external_condition_v1_agesex
26,3206,2603206,SCHL_allpop,less_than_high_school,7133.0,B15003,all_persons,acs5_api,2022,puma,external_condition_v1_agesex
26,3206,2603206,SCHL_allpop,high_school_or_ged,30228.0,B15003,all_persons,acs5_api,2022,puma,external_condition_v1_agesex
26,3206,2603206,SCHL_allpop,some_college_or_assoc,34809.0,B15003,all_persons,acs5_api,2022,puma,external_condition_v1_agesex
26,3206,2603206,SCHL_allpop,bachelor_plus,24890.0,B15003,all_persons,acs5_api,2022,puma,external_condition_v1_agesex
26,3206,2603206,ESR_allpop,not_16p,25641.0,B23025,all_persons,acs5_api,2022,puma,external_condition_v1_agesex
26,3206,2603206,ESR_allpop,employed,63462.0,B23025,all_persons,acs5_api,2022,puma,external_condition_v1_agesex
26,3206,2603206,ESR_allpop,unemployed,3357.0,B23025,all_persons,acs5_api,2022,puma,external_condition_v1_agesex
26,3206,2603206,ESR_allpop,armed_forces,17.0,B23025,all_persons,acs5_api,2022,puma,external_condition_v1_agesex
26,3206,2603206,ESR_allpop,not_in_labor_force,43484.0,B23025,all_persons,acs5_api,2022,puma,external_condition_v1_agesex
26,3206,2603206,EARN_16p_bin,not_in_earnings_universe,67282.0,B20001+B01001,all_persons,acs5_api,2022,puma,external_condition_earn_v1
26,3206,2603206,EARN_16p_bin,lt_25k,18448.0,B20001,all_persons,acs5_api,2022,puma,external_condition_earn_v1
26,3206,2603206,EARN_16p_bin,25k_50k,17661.0,B20001,all_persons,acs5_api,2022,puma,external_condition_earn_v1
26,3206,2603206,EARN_16p_bin,50k_75k,13488.0,B20001,all_persons,acs5_api,2022,puma,external_condition_earn_v1
26,3206,2603206,EARN_16p_bin,75k_100k,8438.0,B20001,all_persons,acs5_api,2022,puma,external_condition_earn_v1
26,3206,2603206,EARN_16p_bin,ge_100k,10644.0,B20001,all_persons,acs5_api,2022,puma,external_condition_earn_v1
26,3207,2603207,AGEP_SEX_cross,"[0.0, 5.0)__1",3922.0,B01001,all_persons,acs5_api,2022,puma,external_condition_v1_agesex
26,3207,2603207,AGEP_SEX_cross,"[0.0, 5.0)__2",3925.0,B01001,all_persons,acs5_api,2022,puma,external_condition_v1_agesex
26,3207,2603207,AGEP_SEX_cross,"[5.0, 18.0)__1",10483.0,B01001,all_persons,acs5_api,2022,puma,external_condition_v1_agesex
26,3207,2603207,AGEP_SEX_cross,"[5.0, 18.0)__2",10132.0,B01001,all_persons,acs5_api,2022,puma,external_condition_v1_agesex
26,3207,2603207,AGEP_SEX_cross,"[18.0, 25.0)__1",5353.0,B01001,all_persons,acs5_api,2022,puma,external_condition_v1_agesex
26,3207,2603207,AGEP_SEX_cross,"[18.0, 25.0)__2",4703.0,B01001,all_persons,acs5_api,2022,puma,external_condition_v1_agesex
26,3207,2603207,AGEP_SEX_cross,"[25.0, 35.0)__1",8985.0,B01001,all_persons,acs5_api,2022,puma,external_condition_v1_agesex
26,3207,2603207,AGEP_SEX_cross,"[25.0, 35.0)__2",9650.0,B01001,all_persons,acs5_api,2022,puma,external_condition_v1_agesex
26,3207,2603207,AGEP_SEX_cross,"[35.0, 45.0)__1",7729.0,B01001,all_persons,acs5_api,2022,puma,external_condition_v1_agesex
26,3207,2603207,AGEP_SEX_cross,"[35.0, 45.0)__2",6969.0,B01001,all_persons,acs5_api,2022,puma,external_condition_v1_agesex
26,3207,2603207,AGEP_SEX_cross,"[45.0, 55.0)__1",7397.0,B01001,all_persons,acs5_api,2022,puma,external_condition_v1_agesex
26,3207,2603207,AGEP_SEX_cross,"[45.0, 55.0)__2",7881.0,B01001,all_persons,acs5_api,2022,puma,external_condition_v1_agesex
26,3207,2603207,AGEP_SEX_cross,"[55.0, 65.0)__1",8691.0,B01001,all_persons,acs5_api,2022,puma,external_condition_v1_agesex
26,3207,2603207,AGEP_SEX_cross,"[55.0, 65.0)__2",8291.0,B01001,all_persons,acs5_api,2022,puma,external_condition_v1_agesex
26,3207,2603207,AGEP_SEX_cross,"[65.0, 75.0)__1",5094.0,B01001,all_persons,acs5_api,2022,puma,external_condition_v1_agesex
26,3207,2603207,AGEP_SEX_cross,"[65.0, 75.0)__2",5768.0,B01001,all_persons,acs5_api,2022,puma,external_condition_v1_agesex
26,3207,2603207,AGEP_SEX_cross,"[75.0, 85.0)__1",2132.0,B01001,all_persons,acs5_api,2022,puma,external_condition_v1_agesex
26,3207,2603207,AGEP_SEX_cross,"[75.0, 85.0)__2",2620.0,B01001,all_persons,acs5_api,2022,puma,external_condition_v1_agesex
26,3207,2603207,AGEP_SEX_cross,"[85.0, 1000.0)__1",585.0,B01001,all_persons,acs5_api,2022,puma,external_condition_v1_agesex
26,3207,2603207,AGEP_SEX_cross,"[85.0, 1000.0)__2",1880.0,B01001,all_persons,acs5_api,2022,puma,external_condition_v1_agesex
26,3207,2603207,SCHL_allpop,not_25p,38518.0,B15003,all_persons,acs5_api,2022,puma,external_condition_v1_agesex
26,3207,2603207,SCHL_allpop,less_than_high_school,13078.0,B15003,all_persons,acs5_api,2022,puma,external_condition_v1_agesex
26,3207,2603207,SCHL_allpop,high_school_or_ged,29103.0,B15003,all_persons,acs5_api,2022,puma,external_condition_v1_agesex
26,3207,2603207,SCHL_allpop,some_college_or_assoc,26970.0,B15003,all_persons,acs5_api,2022,puma,external_condition_v1_agesex
26,3207,2603207,SCHL_allpop,bachelor_plus,14521.0,B15003,all_persons,acs5_api,2022,puma,external_condition_v1_agesex
26,3207,2603207,ESR_allpop,not_16p,25558.0,B23025,all_persons,acs5_api,2022,puma,external_condition_v1_agesex
26,3207,2603207,ESR_allpop,employed,53899.0,B23025,all_persons,acs5_api,2022,puma,external_condition_v1_agesex
26,3207,2603207,ESR_allpop,unemployed,4012.0,B23025,all_persons,acs5_api,2022,puma,external_condition_v1_agesex
26,3207,2603207,ESR_allpop,armed_forces,65.0,B23025,all_persons,acs5_api,2022,puma,external_condition_v1_agesex
26,3207,2603207,ESR_allpop,not_in_labor_force,38656.0,B23025,all_persons,acs5_api,2022,puma,external_condition_v1_agesex
26,3207,2603207,EARN_16p_bin,not_in_earnings_universe,62923.0,B20001+B01001,all_persons,acs5_api,2022,puma,external_condition_earn_v1
26,3207,2603207,EARN_16p_bin,lt_25k,19666.0,B20001,all_persons,acs5_api,2022,puma,external_condition_earn_v1
26,3207,2603207,EARN_16p_bin,25k_50k,17575.0,B20001,all_persons,acs5_api,2022,puma,external_condition_earn_v1
26,3207,2603207,EARN_16p_bin,50k_75k,11559.0,B20001,all_persons,acs5_api,2022,puma,external_condition_earn_v1
26,3207,2603207,EARN_16p_bin,75k_100k,5625.0,B20001,all_persons,acs5_api,2022,puma,external_condition_earn_v1
26,3207,2603207,EARN_16p_bin,ge_100k,4842.0,B20001,all_persons,acs5_api,2022,puma,external_condition_earn_v1
26,3208,2603208,AGEP_SEX_cross,"[0.0, 5.0)__1",6424.0,B01001,all_persons,acs5_api,2022,puma,external_condition_v1_agesex
26,3208,2603208,AGEP_SEX_cross,"[0.0, 5.0)__2",5907.0,B01001,all_persons,acs5_api,2022,puma,external_condition_v1_agesex
26,3208,2603208,AGEP_SEX_cross,"[5.0, 18.0)__1",14506.0,B01001,all_persons,acs5_api,2022,puma,external_condition_v1_agesex
26,3208,2603208,AGEP_SEX_cross,"[5.0, 18.0)__2",14414.0,B01001,all_persons,acs5_api,2022,puma,external_condition_v1_agesex
26,3208,2603208,AGEP_SEX_cross,"[18.0, 25.0)__1",7477.0,B01001,all_persons,acs5_api,2022,puma,external_condition_v1_agesex
26,3208,2603208,AGEP_SEX_cross,"[18.0, 25.0)__2",7128.0,B01001,all_persons,acs5_api,2022,puma,external_condition_v1_agesex
26,3208,2603208,AGEP_SEX_cross,"[25.0, 35.0)__1",11593.0,B01001,all_persons,acs5_api,2022,puma,external_condition_v1_agesex
26,3208,2603208,AGEP_SEX_cross,"[25.0, 35.0)__2",12213.0,B01001,all_persons,acs5_api,2022,puma,external_condition_v1_agesex
26,3208,2603208,AGEP_SEX_cross,"[35.0, 45.0)__1",7460.0,B01001,all_persons,acs5_api,2022,puma,external_condition_v1_agesex
26,3208,2603208,AGEP_SEX_cross,"[35.0, 45.0)__2",9706.0,B01001,all_persons,acs5_api,2022,puma,external_condition_v1_agesex
26,3208,2603208,AGEP_SEX_cross,"[45.0, 55.0)__1",8848.0,B01001,all_persons,acs5_api,2022,puma,external_condition_v1_agesex
26,3208,2603208,AGEP_SEX_cross,"[45.0, 55.0)__2",10549.0,B01001,all_persons,acs5_api,2022,puma,external_condition_v1_agesex
26,3208,2603208,AGEP_SEX_cross,"[55.0, 65.0)__1",8662.0,B01001,all_persons,acs5_api,2022,puma,external_condition_v1_agesex
26,3208,2603208,AGEP_SEX_cross,"[55.0, 65.0)__2",8902.0,B01001,all_persons,acs5_api,2022,puma,external_condition_v1_agesex
26,3208,2603208,AGEP_SEX_cross,"[65.0, 75.0)__1",6072.0,B01001,all_persons,acs5_api,2022,puma,external_condition_v1_agesex
26,3208,2603208,AGEP_SEX_cross,"[65.0, 75.0)__2",6925.0,B01001,all_persons,acs5_api,2022,puma,external_condition_v1_agesex
26,3208,2603208,AGEP_SEX_cross,"[75.0, 85.0)__1",2350.0,B01001,all_persons,acs5_api,2022,puma,external_condition_v1_agesex
26,3208,2603208,AGEP_SEX_cross,"[75.0, 85.0)__2",3363.0,B01001,all_persons,acs5_api,2022,puma,external_condition_v1_agesex
26,3208,2603208,AGEP_SEX_cross,"[85.0, 1000.0)__1",650.0,B01001,all_persons,acs5_api,2022,puma,external_condition_v1_agesex
26,3208,2603208,AGEP_SEX_cross,"[85.0, 1000.0)__2",1212.0,B01001,all_persons,acs5_api,2022,puma,external_condition_v1_agesex
26,3208,2603208,SCHL_allpop,not_25p,55856.0,B15003,all_persons,acs5_api,2022,puma,external_condition_v1_agesex
26,3208,2603208,SCHL_allpop,less_than_high_school,16081.0,B15003,all_persons,acs5_api,2022,puma,external_condition_v1_agesex
26,3208,2603208,SCHL_allpop,high_school_or_ged,35102.0,B15003,all_persons,acs5_api,2022,puma,external_condition_v1_agesex
26,3208,2603208,SCHL_allpop,some_college_or_assoc,34281.0,B15003,all_persons,acs5_api,2022,puma,external_condition_v1_agesex
26,3208,2603208,SCHL_allpop,bachelor_plus,13041.0,B15003,all_persons,acs5_api,2022,puma,external_condition_v1_agesex
26,3208,2603208,ESR_allpop,not_16p,37384.0,B23025,all_persons,acs5_api,2022,puma,external_condition_v1_agesex
26,3208,2603208,ESR_allpop,employed,55451.0,B23025,all_persons,acs5_api,2022,puma,external_condition_v1_agesex
26,3208,2603208,ESR_allpop,unemployed,10283.0,B23025,all_persons,acs5_api,2022,puma,external_condition_v1_agesex
26,3208,2603208,ESR_allpop,armed_forces,21.0,B23025,all_persons,acs5_api,2022,puma,external_condition_v1_agesex
26,3208,2603208,ESR_allpop,not_in_labor_force,51222.0,B23025,all_persons,acs5_api,2022,puma,external_condition_v1_agesex
26,3208,2603208,EARN_16p_bin,not_in_earnings_universe,89192.0,B20001+B01001,all_persons,acs5_api,2022,puma,external_condition_earn_v1
26,3208,2603208,EARN_16p_bin,lt_25k,29668.0,B20001,all_persons,acs5_api,2022,puma,external_condition_earn_v1
26,3208,2603208,EARN_16p_bin,25k_50k,21517.0,B20001,all_persons,acs5_api,2022,puma,external_condition_earn_v1
26,3208,2603208,EARN_16p_bin,50k_75k,8943.0,B20001,all_persons,acs5_api,2022,puma,external_condition_earn_v1
26,3208,2603208,EARN_16p_bin,75k_100k,3282.0,B20001,all_persons,acs5_api,2022,puma,external_condition_earn_v1
26,3208,2603208,EARN_16p_bin,ge_100k,1759.0,B20001,all_persons,acs5_api,2022,puma,external_condition_earn_v1
26,3209,2603209,AGEP_SEX_cross,"[0.0, 5.0)__1",4520.0,B01001,all_persons,acs5_api,2022,puma,external_condition_v1_agesex
26,3209,2603209,AGEP_SEX_cross,"[0.0, 5.0)__2",4038.0,B01001,all_persons,acs5_api,2022,puma,external_condition_v1_agesex
26,3209,2603209,AGEP_SEX_cross,"[5.0, 18.0)__1",11745.0,B01001,all_persons,acs5_api,2022,puma,external_condition_v1_agesex
26,3209,2603209,AGEP_SEX_cross,"[5.0, 18.0)__2",11703.0,B01001,all_persons,acs5_api,2022,puma,external_condition_v1_agesex
26,3209,2603209,AGEP_SEX_cross,"[18.0, 25.0)__1",5655.0,B01001,all_persons,acs5_api,2022,puma,external_condition_v1_agesex
26,3209,2603209,AGEP_SEX_cross,"[18.0, 25.0)__2",5353.0,B01001,all_persons,acs5_api,2022,puma,external_condition_v1_agesex
26,3209,2603209,AGEP_SEX_cross,"[25.0, 35.0)__1",6952.0,B01001,all_persons,acs5_api,2022,puma,external_condition_v1_agesex
26,3209,2603209,AGEP_SEX_cross,"[25.0, 35.0)__2",10171.0,B01001,all_persons,acs5_api,2022,puma,external_condition_v1_agesex
26,3209,2603209,AGEP_SEX_cross,"[35.0, 45.0)__1",6764.0,B01001,all_persons,acs5_api,2022,puma,external_condition_v1_agesex
26,3209,2603209,AGEP_SEX_cross,"[35.0, 45.0)__2",8329.0,B01001,all_persons,acs5_api,2022,puma,external_condition_v1_agesex
26,3209,2603209,AGEP_SEX_cross,"[45.0, 55.0)__1",7351.0,B01001,all_persons,acs5_api,2022,puma,external_condition_v1_agesex
26,3209,2603209,AGEP_SEX_cross,"[45.0, 55.0)__2",8687.0,B01001,all_persons,acs5_api,2022,puma,external_condition_v1_agesex
26,3209,2603209,AGEP_SEX_cross,"[55.0, 65.0)__1",7573.0,B01001,all_persons,acs5_api,2022,puma,external_condition_v1_agesex
26,3209,2603209,AGEP_SEX_cross,"[55.0, 65.0)__2",8657.0,B01001,all_persons,acs5_api,2022,puma,external_condition_v1_agesex
26,3209,2603209,AGEP_SEX_cross,"[65.0, 75.0)__1",4842.0,B01001,all_persons,acs5_api,2022,puma,external_condition_v1_agesex
26,3209,2603209,AGEP_SEX_cross,"[65.0, 75.0)__2",7786.0,B01001,all_persons,acs5_api,2022,puma,external_condition_v1_agesex
26,3209,2603209,AGEP_SEX_cross,"[75.0, 85.0)__1",2240.0,B01001,all_persons,acs5_api,2022,puma,external_condition_v1_agesex
26,3209,2603209,AGEP_SEX_cross,"[75.0, 85.0)__2",4249.0,B01001,all_persons,acs5_api,2022,puma,external_condition_v1_agesex
26,3209,2603209,AGEP_SEX_cross,"[85.0, 1000.0)__1",883.0,B01001,all_persons,acs5_api,2022,puma,external_condition_v1_agesex
26,3209,2603209,AGEP_SEX_cross,"[85.0, 1000.0)__2",1972.0,B01001,all_persons,acs5_api,2022,puma,external_condition_v1_agesex
26,3209,2603209,SCHL_allpop,not_25p,43014.0,B15003,all_persons,acs5_api,2022,puma,external_condition_v1_agesex
26,3209,2603209,SCHL_allpop,less_than_high_school,10453.0,B15003,all_persons,acs5_api,2022,puma,external_condition_v1_agesex
26,3209,2603209,SCHL_allpop,high_school_or_ged,26844.0,B15003,all_persons,acs5_api,2022,puma,external_condition_v1_agesex
26,3209,2603209,SCHL_allpop,some_college_or_assoc,32450.0,B15003,all_persons,acs5_api,2022,puma,external_condition_v1_agesex
26,3209,2603209,SCHL_allpop,bachelor_plus,16709.0,B15003,all_persons,acs5_api,2022,puma,external_condition_v1_agesex
26,3209,2603209,ESR_allpop,not_16p,28555.0,B23025,all_persons,acs5_api,2022,puma,external_condition_v1_agesex
26,3209,2603209,ESR_allpop,employed,46780.0,B23025,all_persons,acs5_api,2022,puma,external_condition_v1_agesex
26,3209,2603209,ESR_allpop,unemployed,8592.0,B23025,all_persons,acs5_api,2022,puma,external_condition_v1_agesex
26,3209,2603209,ESR_allpop,armed_forces,0.0,B23025,all_persons,acs5_api,2022,puma,external_condition_v1_agesex
26,3209,2603209,ESR_allpop,not_in_labor_force,45543.0,B23025,all_persons,acs5_api,2022,puma,external_condition_v1_agesex
26,3209,2603209,EARN_16p_bin,not_in_earnings_universe,73987.0,B20001+B01001,all_persons,acs5_api,2022,puma,external_condition_earn_v1
26,3209,2603209,EARN_16p_bin,lt_25k,23671.0,B20001,all_persons,acs5_api,2022,puma,external_condition_earn_v1
26,3209,2603209,EARN_16p_bin,25k_50k,17313.0,B20001,all_persons,acs5_api,2022,puma,external_condition_earn_v1
26,3209,2603209,EARN_16p_bin,50k_75k,8438.0,B20001,all_persons,acs5_api,2022,puma,external_condition_earn_v1
26,3209,2603209,EARN_16p_bin,75k_100k,3389.0,B20001,all_persons,acs5_api,2022,puma,external_condition_earn_v1
26,3209,2603209,EARN_16p_bin,ge_100k,2672.0,B20001,all_persons,acs5_api,2022,puma,external_condition_earn_v1
26,3210,2603210,AGEP_SEX_cross,"[0.0, 5.0)__1",4053.0,B01001,all_persons,acs5_api,2022,puma,external_condition_v1_agesex
26,3210,2603210,AGEP_SEX_cross,"[0.0, 5.0)__2",3699.0,B01001,all_persons,acs5_api,2022,puma,external_condition_v1_agesex
26,3210,2603210,AGEP_SEX_cross,"[5.0, 18.0)__1",10300.0,B01001,all_persons,acs5_api,2022,puma,external_condition_v1_agesex
26,3210,2603210,AGEP_SEX_cross,"[5.0, 18.0)__2",10245.0,B01001,all_persons,acs5_api,2022,puma,external_condition_v1_agesex
26,3210,2603210,AGEP_SEX_cross,"[18.0, 25.0)__1",5480.0,B01001,all_persons,acs5_api,2022,puma,external_condition_v1_agesex
26,3210,2603210,AGEP_SEX_cross,"[18.0, 25.0)__2",5589.0,B01001,all_persons,acs5_api,2022,puma,external_condition_v1_agesex
26,3210,2603210,AGEP_SEX_cross,"[25.0, 35.0)__1",8995.0,B01001,all_persons,acs5_api,2022,puma,external_condition_v1_agesex
26,3210,2603210,AGEP_SEX_cross,"[25.0, 35.0)__2",9816.0,B01001,all_persons,acs5_api,2022,puma,external_condition_v1_agesex
26,3210,2603210,AGEP_SEX_cross,"[35.0, 45.0)__1",6269.0,B01001,all_persons,acs5_api,2022,puma,external_condition_v1_agesex
26,3210,2603210,AGEP_SEX_cross,"[35.0, 45.0)__2",6952.0,B01001,all_persons,acs5_api,2022,puma,external_condition_v1_agesex
26,3210,2603210,AGEP_SEX_cross,"[45.0, 55.0)__1",6364.0,B01001,all_persons,acs5_api,2022,puma,external_condition_v1_agesex
26,3210,2603210,AGEP_SEX_cross,"[45.0, 55.0)__2",6044.0,B01001,all_persons,acs5_api,2022,puma,external_condition_v1_agesex
26,3210,2603210,AGEP_SEX_cross,"[55.0, 65.0)__1",5815.0,B01001,all_persons,acs5_api,2022,puma,external_condition_v1_agesex
26,3210,2603210,AGEP_SEX_cross,"[55.0, 65.0)__2",6021.0,B01001,all_persons,acs5_api,2022,puma,external_condition_v1_agesex
26,3210,2603210,AGEP_SEX_cross,"[65.0, 75.0)__1",3637.0,B01001,all_persons,acs5_api,2022,puma,external_condition_v1_agesex
26,3210,2603210,AGEP_SEX_cross,"[65.0, 75.0)__2",4567.0,B01001,all_persons,acs5_api,2022,puma,external_condition_v1_agesex
26,3210,2603210,AGEP_SEX_cross,"[75.0, 85.0)__1",1730.0,B01001,all_persons,acs5_api,2022,puma,external_condition_v1_agesex
26,3210,2603210,AGEP_SEX_cross,"[75.0, 85.0)__2",1716.0,B01001,all_persons,acs5_api,2022,puma,external_condition_v1_agesex
26,3210,2603210,AGEP_SEX_cross,"[85.0, 1000.0)__1",430.0,B01001,all_persons,acs5_api,2022,puma,external_condition_v1_agesex
26,3210,2603210,AGEP_SEX_cross,"[85.0, 1000.0)__2",879.0,B01001,all_persons,acs5_api,2022,puma,external_condition_v1_agesex
26,3210,2603210,SCHL_allpop,not_25p,39366.0,B15003,all_persons,acs5_api,2022,puma,external_condition_v1_agesex
26,3210,2603210,SCHL_allpop,less_than_high_school,13338.0,B15003,all_persons,acs5_api,2022,puma,external_condition_v1_agesex
26,3210,2603210,SCHL_allpop,high_school_or_ged,27720.0,B15003,all_persons,acs5_api,2022,puma,external_condition_v1_agesex
26,3210,2603210,SCHL_allpop,some_college_or_assoc,21417.0,B15003,all_persons,acs5_api,2022,puma,external_condition_v1_agesex
26,3210,2603210,SCHL_allpop,bachelor_plus,6760.0,B15003,all_persons,acs5_api,2022,puma,external_condition_v1_agesex
26,3210,2603210,ESR_allpop,not_16p,24710.0,B23025,all_persons,acs5_api,2022,puma,external_condition_v1_agesex
26,3210,2603210,ESR_allpop,employed,38277.0,B23025,all_persons,acs5_api,2022,puma,external_condition_v1_agesex
26,3210,2603210,ESR_allpop,unemployed,7518.0,B23025,all_persons,acs5_api,2022,puma,external_condition_v1_agesex
26,3210,2603210,ESR_allpop,armed_forces,0.0,B23025,all_persons,acs5_api,2022,puma,external_condition_v1_agesex
26,3210,2603210,ESR_allpop,not_in_labor_force,38096.0,B23025,all_persons,acs5_api,2022,puma,external_condition_v1_agesex
26,3210,2603210,EARN_16p_bin,not_in_earnings_universe,63950.0,B20001+B01001,all_persons,acs5_api,2022,puma,external_condition_earn_v1
26,3210,2603210,EARN_16p_bin,lt_25k,19337.0,B20001,all_persons,acs5_api,2022,puma,external_condition_earn_v1
26,3210,2603210,EARN_16p_bin,25k_50k,16818.0,B20001,all_persons,acs5_api,2022,puma,external_condition_earn_v1
26,3210,2603210,EARN_16p_bin,50k_75k,5464.0,B20001,all_persons,acs5_api,2022,puma,external_condition_earn_v1
26,3210,2603210,EARN_16p_bin,75k_100k,1747.0,B20001,all_persons,acs5_api,2022,puma,external_condition_earn_v1
26,3210,2603210,EARN_16p_bin,ge_100k,1285.0,B20001,all_persons,acs5_api,2022,puma,external_condition_earn_v1
26,3211,2603211,AGEP_SEX_cross,"[0.0, 5.0)__1",3075.0,B01001,all_persons,acs5_api,2022,puma,external_condition_v1_agesex
26,3211,2603211,AGEP_SEX_cross,"[0.0, 5.0)__2",3066.0,B01001,all_persons,acs5_api,2022,puma,external_condition_v1_agesex
26,3211,2603211,AGEP_SEX_cross,"[5.0, 18.0)__1",8075.0,B01001,all_persons,acs5_api,2022,puma,external_condition_v1_agesex
26,3211,2603211,AGEP_SEX_cross,"[5.0, 18.0)__2",6974.0,B01001,all_persons,acs5_api,2022,puma,external_condition_v1_agesex
26,3211,2603211,AGEP_SEX_cross,"[18.0, 25.0)__1",5916.0,B01001,all_persons,acs5_api,2022,puma,external_condition_v1_agesex
26,3211,2603211,AGEP_SEX_cross,"[18.0, 25.0)__2",7123.0,B01001,all_persons,acs5_api,2022,puma,external_condition_v1_agesex
26,3211,2603211,AGEP_SEX_cross,"[25.0, 35.0)__1",10720.0,B01001,all_persons,acs5_api,2022,puma,external_condition_v1_agesex
26,3211,2603211,AGEP_SEX_cross,"[25.0, 35.0)__2",10793.0,B01001,all_persons,acs5_api,2022,puma,external_condition_v1_agesex
26,3211,2603211,AGEP_SEX_cross,"[35.0, 45.0)__1",7146.0,B01001,all_persons,acs5_api,2022,puma,external_condition_v1_agesex
26,3211,2603211,AGEP_SEX_cross,"[35.0, 45.0)__2",6842.0,B01001,all_persons,acs5_api,2022,puma,external_condition_v1_agesex
26,3211,2603211,AGEP_SEX_cross,"[45.0, 55.0)__1",6675.0,B01001,all_persons,acs5_api,2022,puma,external_condition_v1_agesex
26,3211,2603211,AGEP_SEX_cross,"[45.0, 55.0)__2",6884.0,B01001,all_persons,acs5_api,2022,puma,external_condition_v1_agesex
26,3211,2603211,AGEP_SEX_cross,"[55.0, 65.0)__1",7601.0,B01001,all_persons,acs5_api,2022,puma,external_condition_v1_agesex
26,3211,2603211,AGEP_SEX_cross,"[55.0, 65.0)__2",8817.0,B01001,all_persons,acs5_api,2022,puma,external_condition_v1_agesex
26,3211,2603211,AGEP_SEX_cross,"[65.0, 75.0)__1",5840.0,B01001,all_persons,acs5_api,2022,puma,external_condition_v1_agesex
26,3211,2603211,AGEP_SEX_cross,"[65.0, 75.0)__2",6567.0,B01001,all_persons,acs5_api,2022,puma,external_condition_v1_agesex
26,3211,2603211,AGEP_SEX_cross,"[75.0, 85.0)__1",2186.0,B01001,all_persons,acs5_api,2022,puma,external_condition_v1_agesex
26,3211,2603211,AGEP_SEX_cross,"[75.0, 85.0)__2",3099.0,B01001,all_persons,acs5_api,2022,puma,external_condition_v1_agesex
26,3211,2603211,AGEP_SEX_cross,"[85.0, 1000.0)__1",528.0,B01001,all_persons,acs5_api,2022,puma,external_condition_v1_agesex
26,3211,2603211,AGEP_SEX_cross,"[85.0, 1000.0)__2",1918.0,B01001,all_persons,acs5_api,2022,puma,external_condition_v1_agesex
26,3211,2603211,SCHL_allpop,not_25p,34229.0,B15003,all_persons,acs5_api,2022,puma,external_condition_v1_agesex
26,3211,2603211,SCHL_allpop,less_than_high_school,11084.0,B15003,all_persons,acs5_api,2022,puma,external_condition_v1_agesex
26,3211,2603211,SCHL_allpop,high_school_or_ged,23694.0,B15003,all_persons,acs5_api,2022,puma,external_condition_v1_agesex
26,3211,2603211,SCHL_allpop,some_college_or_assoc,26021.0,B15003,all_persons,acs5_api,2022,puma,external_condition_v1_agesex
26,3211,2603211,SCHL_allpop,bachelor_plus,24817.0,B15003,all_persons,acs5_api,2022,puma,external_condition_v1_agesex
26,3211,2603211,ESR_allpop,not_16p,19032.0,B23025,all_persons,acs5_api,2022,puma,external_condition_v1_agesex
26,3211,2603211,ESR_allpop,employed,48808.0,B23025,all_persons,acs5_api,2022,puma,external_condition_v1_agesex
26,3211,2603211,ESR_allpop,unemployed,6210.0,B23025,all_persons,acs5_api,2022,puma,external_condition_v1_agesex
26,3211,2603211,ESR_allpop,armed_forces,86.0,B23025,all_persons,acs5_api,2022,puma,external_condition_v1_agesex
26,3211,2603211,ESR_allpop,not_in_labor_force,45709.0,B23025,all_persons,acs5_api,2022,puma,external_condition_v1_agesex
26,3211,2603211,EARN_16p_bin,not_in_earnings_universe,62438.0,B20001+B01001,all_persons,acs5_api,2022,puma,external_condition_earn_v1
26,3211,2603211,EARN_16p_bin,lt_25k,21199.0,B20001,all_persons,acs5_api,2022,puma,external_condition_earn_v1
26,3211,2603211,EARN_16p_bin,25k_50k,16031.0,B20001,all_persons,acs5_api,2022,puma,external_condition_earn_v1
26,3211,2603211,EARN_16p_bin,50k_75k,9221.0,B20001,all_persons,acs5_api,2022,puma,external_condition_earn_v1
26,3211,2603211,EARN_16p_bin,75k_100k,5412.0,B20001,all_persons,acs5_api,2022,puma,external_condition_earn_v1
26,3211,2603211,EARN_16p_bin,ge_100k,5544.0,B20001,all_persons,acs5_api,2022,puma,external_condition_earn_v1
26,3212,2603212,AGEP_SEX_cross,"[0.0, 5.0)__1",3662.0,B01001,all_persons,acs5_api,2022,puma,external_condition_v1_agesex
26,3212,2603212,AGEP_SEX_cross,"[0.0, 5.0)__2",3487.0,B01001,all_persons,acs5_api,2022,puma,external_condition_v1_agesex
26,3212,2603212,AGEP_SEX_cross,"[5.0, 18.0)__1",9965.0,B01001,all_persons,acs5_api,2022,puma,external_condition_v1_agesex
26,3212,2603212,AGEP_SEX_cross,"[5.0, 18.0)__2",11160.0,B01001,all_persons,acs5_api,2022,puma,external_condition_v1_agesex
26,3212,2603212,AGEP_SEX_cross,"[18.0, 25.0)__1",5502.0,B01001,all_persons,acs5_api,2022,puma,external_condition_v1_agesex
26,3212,2603212,AGEP_SEX_cross,"[18.0, 25.0)__2",5043.0,B01001,all_persons,acs5_api,2022,puma,external_condition_v1_agesex
26,3212,2603212,AGEP_SEX_cross,"[25.0, 35.0)__1",7111.0,B01001,all_persons,acs5_api,2022,puma,external_condition_v1_agesex
26,3212,2603212,AGEP_SEX_cross,"[25.0, 35.0)__2",7379.0,B01001,all_persons,acs5_api,2022,puma,external_condition_v1_agesex
26,3212,2603212,AGEP_SEX_cross,"[35.0, 45.0)__1",6435.0,B01001,all_persons,acs5_api,2022,puma,external_condition_v1_agesex
26,3212,2603212,AGEP_SEX_cross,"[35.0, 45.0)__2",6769.0,B01001,all_persons,acs5_api,2022,puma,external_condition_v1_agesex
26,3212,2603212,AGEP_SEX_cross,"[45.0, 55.0)__1",6221.0,B01001,all_persons,acs5_api,2022,puma,external_condition_v1_agesex
26,3212,2603212,AGEP_SEX_cross,"[45.0, 55.0)__2",6206.0,B01001,all_persons,acs5_api,2022,puma,external_condition_v1_agesex
26,3212,2603212,AGEP_SEX_cross,"[55.0, 65.0)__1",6011.0,B01001,all_persons,acs5_api,2022,puma,external_condition_v1_agesex
26,3212,2603212,AGEP_SEX_cross,"[55.0, 65.0)__2",5986.0,B01001,all_persons,acs5_api,2022,puma,external_condition_v1_agesex
26,3212,2603212,AGEP_SEX_cross,"[65.0, 75.0)__1",3672.0,B01001,all_persons,acs5_api,2022,puma,external_condition_v1_agesex
26,3212,2603212,AGEP_SEX_cross,"[65.0, 75.0)__2",4040.0,B01001,all_persons,acs5_api,2022,puma,external_condition_v1_agesex
26,3212,2603212,AGEP_SEX_cross,"[75.0, 85.0)__1",1475.0,B01001,all_persons,acs5_api,2022,puma,external_condition_v1_agesex
26,3212,2603212,AGEP_SEX_cross,"[75.0, 85.0)__2",2364.0,B01001,all_persons,acs5_api,2022,puma,external_condition_v1_agesex
26,3212,2603212,AGEP_SEX_cross,"[85.0, 1000.0)__1",539.0,B01001,all_persons,acs5_api,2022,puma,external_condition_v1_agesex
26,3212,2603212,AGEP_SEX_cross,"[85.0, 1000.0)__2",1473.0,B01001,all_persons,acs5_api,2022,puma,external_condition_v1_agesex
26,3212,2603212,SCHL_allpop,not_25p,38819.0,B15003,all_persons,acs5_api,2022,puma,external_condition_v1_agesex
26,3212,2603212,SCHL_allpop,less_than_high_school,18505.0,B15003,all_persons,acs5_api,2022,puma,external_condition_v1_agesex
26,3212,2603212,SCHL_allpop,high_school_or_ged,21330.0,B15003,all_persons,acs5_api,2022,puma,external_condition_v1_agesex
26,3212,2603212,SCHL_allpop,some_college_or_assoc,17693.0,B15003,all_persons,acs5_api,2022,puma,external_condition_v1_agesex
26,3212,2603212,SCHL_allpop,bachelor_plus,8153.0,B15003,all_persons,acs5_api,2022,puma,external_condition_v1_agesex
26,3212,2603212,ESR_allpop,not_16p,25177.0,B23025,all_persons,acs5_api,2022,puma,external_condition_v1_agesex
26,3212,2603212,ESR_allpop,employed,36485.0,B23025,all_persons,acs5_api,2022,puma,external_condition_v1_agesex
26,3212,2603212,ESR_allpop,unemployed,5836.0,B23025,all_persons,acs5_api,2022,puma,external_condition_v1_agesex
26,3212,2603212,ESR_allpop,armed_forces,0.0,B23025,all_persons,acs5_api,2022,puma,external_condition_v1_agesex
26,3212,2603212,ESR_allpop,not_in_labor_force,37002.0,B23025,all_persons,acs5_api,2022,puma,external_condition_v1_agesex
26,3212,2603212,EARN_16p_bin,not_in_earnings_universe,62274.0,B20001+B01001,all_persons,acs5_api,2022,puma,external_condition_earn_v1
26,3212,2603212,EARN_16p_bin,lt_25k,19035.0,B20001,all_persons,acs5_api,2022,puma,external_condition_earn_v1
26,3212,2603212,EARN_16p_bin,25k_50k,13790.0,B20001,all_persons,acs5_api,2022,puma,external_condition_earn_v1
26,3212,2603212,EARN_16p_bin,50k_75k,5661.0,B20001,all_persons,acs5_api,2022,puma,external_condition_earn_v1
26,3212,2603212,EARN_16p_bin,75k_100k,1861.0,B20001,all_persons,acs5_api,2022,puma,external_condition_earn_v1
26,3212,2603212,EARN_16p_bin,ge_100k,1879.0,B20001,all_persons,acs5_api,2022,puma,external_condition_earn_v1
26,3213,2603213,AGEP_SEX_cross,"[0.0, 5.0)__1",4505.0,B01001,all_persons,acs5_api,2022,puma,external_condition_v1_agesex
26,3213,2603213,AGEP_SEX_cross,"[0.0, 5.0)__2",4121.0,B01001,all_persons,acs5_api,2022,puma,external_condition_v1_agesex
26,3213,2603213,AGEP_SEX_cross,"[5.0, 18.0)__1",11519.0,B01001,all_persons,acs5_api,2022,puma,external_condition_v1_agesex
26,3213,2603213,AGEP_SEX_cross,"[5.0, 18.0)__2",10365.0,B01001,all_persons,acs5_api,2022,puma,external_condition_v1_agesex
26,3213,2603213,AGEP_SEX_cross,"[18.0, 25.0)__1",5276.0,B01001,all_persons,acs5_api,2022,puma,external_condition_v1_agesex
26,3213,2603213,AGEP_SEX_cross,"[18.0, 25.0)__2",5721.0,B01001,all_persons,acs5_api,2022,puma,external_condition_v1_agesex
26,3213,2603213,AGEP_SEX_cross,"[25.0, 35.0)__1",6575.0,B01001,all_persons,acs5_api,2022,puma,external_condition_v1_agesex
26,3213,2603213,AGEP_SEX_cross,"[25.0, 35.0)__2",7379.0,B01001,all_persons,acs5_api,2022,puma,external_condition_v1_agesex
26,3213,2603213,AGEP_SEX_cross,"[35.0, 45.0)__1",6649.0,B01001,all_persons,acs5_api,2022,puma,external_condition_v1_agesex
26,3213,2603213,AGEP_SEX_cross,"[35.0, 45.0)__2",8073.0,B01001,all_persons,acs5_api,2022,puma,external_condition_v1_agesex
26,3213,2603213,AGEP_SEX_cross,"[45.0, 55.0)__1",7064.0,B01001,all_persons,acs5_api,2022,puma,external_condition_v1_agesex
26,3213,2603213,AGEP_SEX_cross,"[45.0, 55.0)__2",6583.0,B01001,all_persons,acs5_api,2022,puma,external_condition_v1_agesex
26,3213,2603213,AGEP_SEX_cross,"[55.0, 65.0)__1",7038.0,B01001,all_persons,acs5_api,2022,puma,external_condition_v1_agesex
26,3213,2603213,AGEP_SEX_cross,"[55.0, 65.0)__2",8548.0,B01001,all_persons,acs5_api,2022,puma,external_condition_v1_agesex
26,3213,2603213,AGEP_SEX_cross,"[65.0, 75.0)__1",4692.0,B01001,all_persons,acs5_api,2022,puma,external_condition_v1_agesex
26,3213,2603213,AGEP_SEX_cross,"[65.0, 75.0)__2",6470.0,B01001,all_persons,acs5_api,2022,puma,external_condition_v1_agesex
26,3213,2603213,AGEP_SEX_cross,"[75.0, 85.0)__1",2117.0,B01001,all_persons,acs5_api,2022,puma,external_condition_v1_agesex
26,3213,2603213,AGEP_SEX_cross,"[75.0, 85.0)__2",2780.0,B01001,all_persons,acs5_api,2022,puma,external_condition_v1_agesex
26,3213,2603213,AGEP_SEX_cross,"[85.0, 1000.0)__1",965.0,B01001,all_persons,acs5_api,2022,puma,external_condition_v1_agesex
26,3213,2603213,AGEP_SEX_cross,"[85.0, 1000.0)__2",1771.0,B01001,all_persons,acs5_api,2022,puma,external_condition_v1_agesex
26,3213,2603213,SCHL_allpop,not_25p,41507.0,B15003,all_persons,acs5_api,2022,puma,external_condition_v1_agesex
26,3213,2603213,SCHL_allpop,less_than_high_school,8996.0,B15003,all_persons,acs5_api,2022,puma,external_condition_v1_agesex
26,3213,2603213,SCHL_allpop,high_school_or_ged,18141.0,B15003,all_persons,acs5_api,2022,puma,external_condition_v1_agesex
26,3213,2603213,SCHL_allpop,some_college_or_assoc,18471.0,B15003,all_persons,acs5_api,2022,puma,external_condition_v1_agesex
26,3213,2603213,SCHL_allpop,bachelor_plus,31096.0,B15003,all_persons,acs5_api,2022,puma,external_condition_v1_agesex
26,3213,2603213,ESR_allpop,not_16p,27380.0,B23025,all_persons,acs5_api,2022,puma,external_condition_v1_agesex
26,3213,2603213,ESR_allpop,employed,48270.0,B23025,all_persons,acs5_api,2022,puma,external_condition_v1_agesex
26,3213,2603213,ESR_allpop,unemployed,4731.0,B23025,all_persons,acs5_api,2022,puma,external_condition_v1_agesex
26,3213,2603213,ESR_allpop,armed_forces,0.0,B23025,all_persons,acs5_api,2022,puma,external_condition_v1_agesex
26,3213,2603213,ESR_allpop,not_in_labor_force,37830.0,B23025,all_persons,acs5_api,2022,puma,external_condition_v1_agesex
26,3213,2603213,EARN_16p_bin,not_in_earnings_universe,64721.0,B20001+B01001,all_persons,acs5_api,2022,puma,external_condition_earn_v1
26,3213,2603213,EARN_16p_bin,lt_25k,18131.0,B20001,all_persons,acs5_api,2022,puma,external_condition_earn_v1
26,3213,2603213,EARN_16p_bin,25k_50k,12633.0,B20001,all_persons,acs5_api,2022,puma,external_condition_earn_v1
26,3213,2603213,EARN_16p_bin,50k_75k,7778.0,B20001,all_persons,acs5_api,2022,puma,external_condition_earn_v1
26,3213,2603213,EARN_16p_bin,75k_100k,5008.0,B20001,all_persons,acs5_api,2022,puma,external_condition_earn_v1
26,3213,2603213,EARN_16p_bin,ge_100k,9940.0,B20001,all_persons,acs5_api,2022,puma,external_condition_earn_v1
26,3300,2603300,AGEP_SEX_cross,"[0.0, 5.0)__1",4159.0,B01001,all_persons,acs5_api,2022,puma,external_condition_v1_agesex
26,3300,2603300,AGEP_SEX_cross,"[0.0, 5.0)__2",3760.0,B01001,all_persons,acs5_api,2022,puma,external_condition_v1_agesex
26,3300,2603300,AGEP_SEX_cross,"[5.0, 18.0)__1",12468.0,B01001,all_persons,acs5_api,2022,puma,external_condition_v1_agesex
26,3300,2603300,AGEP_SEX_cross,"[5.0, 18.0)__2",12215.0,B01001,all_persons,acs5_api,2022,puma,external_condition_v1_agesex
26,3300,2603300,AGEP_SEX_cross,"[18.0, 25.0)__1",6441.0,B01001,all_persons,acs5_api,2022,puma,external_condition_v1_agesex
26,3300,2603300,AGEP_SEX_cross,"[18.0, 25.0)__2",5848.0,B01001,all_persons,acs5_api,2022,puma,external_condition_v1_agesex
26,3300,2603300,AGEP_SEX_cross,"[25.0, 35.0)__1",9618.0,B01001,all_persons,acs5_api,2022,puma,external_condition_v1_agesex
26,3300,2603300,AGEP_SEX_cross,"[25.0, 35.0)__2",8903.0,B01001,all_persons,acs5_api,2022,puma,external_condition_v1_agesex
26,3300,2603300,AGEP_SEX_cross,"[35.0, 45.0)__1",9175.0,B01001,all_persons,acs5_api,2022,puma,external_condition_v1_agesex
26,3300,2603300,AGEP_SEX_cross,"[35.0, 45.0)__2",9205.0,B01001,all_persons,acs5_api,2022,puma,external_condition_v1_agesex
26,3300,2603300,AGEP_SEX_cross,"[45.0, 55.0)__1",10223.0,B01001,all_persons,acs5_api,2022,puma,external_condition_v1_agesex
26,3300,2603300,AGEP_SEX_cross,"[45.0, 55.0)__2",10086.0,B01001,all_persons,acs5_api,2022,puma,external_condition_v1_agesex
26,3300,2603300,AGEP_SEX_cross,"[55.0, 65.0)__1",11770.0,B01001,all_persons,acs5_api,2022,puma,external_condition_v1_agesex
26,3300,2603300,AGEP_SEX_cross,"[55.0, 65.0)__2",11745.0,B01001,all_persons,acs5_api,2022,puma,external_condition_v1_agesex
26,3300,2603300,AGEP_SEX_cross,"[65.0, 75.0)__1",8712.0,B01001,all_persons,acs5_api,2022,puma,external_condition_v1_agesex
26,3300,2603300,AGEP_SEX_cross,"[65.0, 75.0)__2",9024.0,B01001,all_persons,acs5_api,2022,puma,external_condition_v1_agesex
26,3300,2603300,AGEP_SEX_cross,"[75.0, 85.0)__1",3632.0,B01001,all_persons,acs5_api,2022,puma,external_condition_v1_agesex
26,3300,2603300,AGEP_SEX_cross,"[75.0, 85.0)__2",4686.0,B01001,all_persons,acs5_api,2022,puma,external_condition_v1_agesex
26,3300,2603300,AGEP_SEX_cross,"[85.0, 1000.0)__1",1075.0,B01001,all_persons,acs5_api,2022,puma,external_condition_v1_agesex
26,3300,2603300,AGEP_SEX_cross,"[85.0, 1000.0)__2",2078.0,B01001,all_persons,acs5_api,2022,puma,external_condition_v1_agesex
26,3300,2603300,SCHL_allpop,not_25p,44891.0,B15003,all_persons,acs5_api,2022,puma,external_condition_v1_agesex
26,3300,2603300,SCHL_allpop,less_than_high_school,9157.0,B15003,all_persons,acs5_api,2022,puma,external_condition_v1_agesex
26,3300,2603300,SCHL_allpop,high_school_or_ged,36697.0,B15003,all_persons,acs5_api,2022,puma,external_condition_v1_agesex
26,3300,2603300,SCHL_allpop,some_college_or_assoc,39236.0,B15003,all_persons,acs5_api,2022,puma,external_condition_v1_agesex
26,3300,2603300,SCHL_allpop,bachelor_plus,24842.0,B15003,all_persons,acs5_api,2022,puma,external_condition_v1_agesex
26,3300,2603300,ESR_allpop,not_16p,28565.0,B23025,all_persons,acs5_api,2022,puma,external_condition_v1_agesex
26,3300,2603300,ESR_allpop,employed,71039.0,B23025,all_persons,acs5_api,2022,puma,external_condition_v1_agesex
26,3300,2603300,ESR_allpop,unemployed,4274.0,B23025,all_persons,acs5_api,2022,puma,external_condition_v1_agesex
26,3300,2603300,ESR_allpop,armed_forces,89.0,B23025,all_persons,acs5_api,2022,puma,external_condition_v1_agesex
26,3300,2603300,ESR_allpop,not_in_labor_force,50856.0,B23025,all_persons,acs5_api,2022,puma,external_condition_v1_agesex
26,3300,2603300,EARN_16p_bin,not_in_earnings_universe,76187.0,B20001+B01001,all_persons,acs5_api,2022,puma,external_condition_earn_v1
26,3300,2603300,EARN_16p_bin,lt_25k,24672.0,B20001,all_persons,acs5_api,2022,puma,external_condition_earn_v1
26,3300,2603300,EARN_16p_bin,25k_50k,18524.0,B20001,all_persons,acs5_api,2022,puma,external_condition_earn_v1
26,3300,2603300,EARN_16p_bin,50k_75k,15386.0,B20001,all_persons,acs5_api,2022,puma,external_condition_earn_v1
26,3300,2603300,EARN_16p_bin,75k_100k,9433.0,B20001,all_persons,acs5_api,2022,puma,external_condition_earn_v1
26,3300,2603300,EARN_16p_bin,ge_100k,10621.0,B20001,all_persons,acs5_api,2022,puma,external_condition_earn_v1
